source,incident_id,title,date,amount_usd,chains,classification,technique,target_type,language,bridge_hack,returned_funds_usd,source_url,defillama_id,has_transaction_hash,validation_status,required_next_steps,source_row_json
defillama:hacks,2024-03-22_super_sushi_samurai,Super Sushi Samurai,2024-03-22,4800000,Blast,Protocol Logic,Infinite Mint and Dump,Gaming,Solidity,False,,,,False,blocked_missing_transaction_hash,Find canonical exploit transaction hash and chain before benchmark consideration.,"{""amount"": 4800000, ""bridgeHack"": false, ""chain"": [""Blast""], ""classification"": ""Protocol Logic"", ""date"": 1711065600, ""defillamaId"": null, ""language"": ""Solidity"", ""name"": ""Super Sushi Samurai"", ""returnedFunds"": null, ""source"": """", ""targetType"": ""Gaming"", ""technique"": ""Infinite Mint and Dump""}"
defillama:hacks,defillama_1336,Unizen,2024-03-08,2100000,Ethereum,Protocol Logic,External Call Vulnerability,DeFi Protocol,Solidity,False,2100000,,1336,False,blocked_missing_transaction_hash,Find canonical exploit transaction hash and chain before benchmark consideration.,"{""amount"": 2100000, ""bridgeHack"": false, ""chain"": [""Ethereum""], ""classification"": ""Protocol Logic"", ""date"": 1709856000, ""defillamaId"": 1336, ""language"": ""Solidity"", ""name"": ""Unizen"", ""returnedFunds"": 2100000, ""source"": """", ""targetType"": ""DeFi Protocol"", ""technique"": ""External Call Vulnerability""}"
defillama:hacks,defillama_1074,AutoShark,2021-05-24,745000,BSC,Ecosystem,Flashloan Incentive Rewards Exploit,DeFi Protocol,,False,,,1074,False,blocked_missing_transaction_hash,Find canonical exploit transaction hash and chain before benchmark consideration.,"{""amount"": 745000, ""bridgeHack"": false, ""chain"": [""BSC""], ""classification"": ""Ecosystem"", ""date"": 1621814400, ""defillamaId"": 1074, ""language"": null, ""name"": ""AutoShark"", ""returnedFunds"": null, ""source"": """", ""targetType"": ""DeFi Protocol"", ""technique"": ""Flashloan Incentive Rewards Exploit""}"
defillama:hacks,defillama_212,Venus Core Pool,2026-03-15,3700000,BSC,Protocol Logic,Donation Attack,DeFi Protocol,Solidity,False,,,212,False,blocked_missing_transaction_hash,Find canonical exploit transaction hash and chain before benchmark consideration.,"{""amount"": 3700000, ""bridgeHack"": false, ""chain"": [""BSC""], ""classification"": ""Protocol Logic"", ""date"": 1773532800, ""defillamaId"": 212, ""language"": ""Solidity"", ""name"": ""Venus Core Pool"", ""parentProtocolId"": ""parent#venus-finance"", ""returnedFunds"": null, ""source"": """", ""targetType"": ""DeFi Protocol"", ""technique"": ""Donation Attack""}"
defillama:hacks,defillama_203,Siren,2021-09-03,3450000,Polygon,Smart Contract Language,Reentrancy,DeFi Protocol,Solidity,False,,,203,False,blocked_missing_transaction_hash,Find canonical exploit transaction hash and chain before benchmark consideration.,"{""amount"": 3450000, ""bridgeHack"": false, ""chain"": [""Polygon""], ""classification"": ""Smart Contract Language"", ""date"": 1630627200, ""defillamaId"": 203, ""language"": ""Solidity"", ""name"": ""Siren"", ""returnedFunds"": null, ""source"": """", ""targetType"": ""DeFi Protocol"", ""technique"": ""Reentrancy""}"
defillama:hacks,2024-01-07_mangofarmsol,MangoFarmSol,2024-01-07,2000000,Solana,Rugpull,Frontend Attack,DeFi Protocol,Rust,False,,,,False,blocked_missing_transaction_hash,Find canonical exploit transaction hash and chain before benchmark consideration.,"{""amount"": 2000000, ""bridgeHack"": false, ""chain"": [""Solana""], ""classification"": ""Rugpull"", ""date"": 1704585600, ""defillamaId"": null, ""language"": ""Rust"", ""name"": ""MangoFarmSol"", ""returnedFunds"": null, ""source"": """", ""targetType"": ""DeFi Protocol"", ""technique"": ""Frontend Attack""}"
defillama:hacks,2023-02-27_myalgo,MyAlgo,2023-02-27,9200000,Algorand,Infrastructure,Cloudflare Key Compromised,Wallet,Javascript,False,,,,False,blocked_missing_transaction_hash,Find canonical exploit transaction hash and chain before benchmark consideration.,"{""amount"": 9200000, ""bridgeHack"": false, ""chain"": [""Algorand""], ""classification"": ""Infrastructure"", ""date"": 1677456000, ""defillamaId"": null, ""language"": ""Javascript"", ""name"": ""MyAlgo"", ""returnedFunds"": null, ""source"": """", ""targetType"": ""Wallet"", ""technique"": ""Cloudflare Key Compromised""}"
defillama:hacks,defillama_1201,Zunami Protocol,2025-05-15,500000,Ethereum,Protocol Logic,withdrawStuckToken() exploit,DeFi Protocol,Solidity,False,,,1201,False,blocked_missing_transaction_hash,Find canonical exploit transaction hash and chain before benchmark consideration.,"{""amount"": 500000, ""bridgeHack"": false, ""chain"": [""Ethereum""], ""classification"": ""Protocol Logic"", ""date"": 1747267200, ""defillamaId"": 1201, ""language"": ""Solidity"", ""name"": ""Zunami Protocol"", ""returnedFunds"": null, ""source"": """", ""targetType"": ""DeFi Protocol"", ""technique"": ""withdrawStuckToken() exploit""}"
defillama:hacks,defillama_5981,Impermax V3,2025-11-11,380000,Base,Protocol Logic,Zero-Rate Hack,DeFi Protocol,Solidity,False,,,5981,False,blocked_missing_transaction_hash,Find canonical exploit transaction hash and chain before benchmark consideration.,"{""amount"": 380000, ""bridgeHack"": false, ""chain"": [""Base""], ""classification"": ""Protocol Logic"", ""date"": 1762819200, ""defillamaId"": 5981, ""language"": ""Solidity"", ""name"": ""Impermax V3"", ""parentProtocolId"": ""parent#impermax-finance"", ""returnedFunds"": null, ""source"": """", ""targetType"": ""DeFi Protocol"", ""technique"": ""Zero-Rate Hack""}"
defillama:hacks,defillama_921,DAO Maker Vesting,2021-08-12,7000000,Ethereum,Infrastructure,Private Key Compromised (Unknown Method),DeFi Protocol,,False,,,921,False,blocked_missing_transaction_hash,Find canonical exploit transaction hash and chain before benchmark consideration.,"{""amount"": 7000000, ""bridgeHack"": false, ""chain"": [""Ethereum""], ""classification"": ""Infrastructure"", ""date"": 1628726400, ""defillamaId"": 921, ""language"": null, ""name"": ""DAO Maker Vesting"", ""parentProtocolId"": ""parent#dao-maker"", ""returnedFunds"": null, ""source"": """", ""targetType"": ""DeFi Protocol"", ""technique"": ""Private Key Compromised (Unknown Method)""}"
defillama:hacks,2024-10-31_m2_exchange,M2 Exchange,2024-10-31,13700000,Ethereum|Solana|Bitcoin,Protocol Logic,Access Control Exploit,CEX,,False,,,,False,blocked_missing_transaction_hash,Find canonical exploit transaction hash and chain before benchmark consideration.,"{""amount"": 13700000, ""bridgeHack"": false, ""chain"": [""Ethereum"", ""Solana"", ""Bitcoin""], ""classification"": ""Protocol Logic"", ""date"": 1730332800, ""defillamaId"": null, ""language"": null, ""name"": ""M2 Exchange"", ""returnedFunds"": null, ""source"": """", ""targetType"": ""CEX"", ""technique"": ""Access Control Exploit""}"
defillama:hacks,2025-04-01_upcx,UPCX,2025-04-01,,Ethereum,Protocol Logic,Upgraded ProxyAdmin + withdrawByAdmin Hack,DeFi Protocol,Solidity,False,,,,False,blocked_missing_transaction_hash,Find canonical exploit transaction hash and chain before benchmark consideration.,"{""amount"": null, ""bridgeHack"": false, ""chain"": [""Ethereum""], ""classification"": ""Protocol Logic"", ""date"": 1743465600, ""defillamaId"": null, ""language"": ""Solidity"", ""name"": ""UPCX"", ""returnedFunds"": null, ""source"": """", ""targetType"": ""DeFi Protocol"", ""technique"": ""Upgraded ProxyAdmin + withdrawByAdmin Hack""}"
defillama:hacks,defillama_5174,four.meme,2025-02-11,183000,BSC,Protocol Logic,Liquidity Pool Exploit,DeFi Protocol,Solidity,False,,,5174,False,blocked_missing_transaction_hash,Find canonical exploit transaction hash and chain before benchmark consideration.,"{""amount"": 183000, ""bridgeHack"": false, ""chain"": [""BSC""], ""classification"": ""Protocol Logic"", ""date"": 1739232000, ""defillamaId"": 5174, ""language"": ""Solidity"", ""name"": ""four.meme"", ""returnedFunds"": null, ""source"": """", ""targetType"": ""DeFi Protocol"", ""technique"": ""Liquidity Pool Exploit""}"
defillama:hacks,defillama_591,Multichain,2021-07-10,7900000,Ethereum|BSC|Fantom,Protocol Logic,Private Key Compromised (Bad ECDSA Implementation),CEX,Solidity,True,,,591,False,blocked_missing_transaction_hash,Find canonical exploit transaction hash and chain before benchmark consideration.,"{""amount"": 7900000, ""bridgeHack"": true, ""chain"": [""Ethereum"", ""BSC"", ""Fantom""], ""classification"": ""Protocol Logic"", ""date"": 1625875200, ""defillamaId"": 591, ""language"": ""Solidity"", ""name"": ""Multichain"", ""returnedFunds"": null, ""source"": """", ""targetType"": ""CEX"", ""technique"": ""Private Key Compromised (Bad ECDSA Implementation)""}"
defillama:hacks,2023-07-30_kannagi,Kannagi,2023-07-30,1100000,zkSync Era|Ethereum,Rugpull,Drained Contracts,DeFi Protocol,,False,,,,False,blocked_missing_transaction_hash,Find canonical exploit transaction hash and chain before benchmark consideration.,"{""amount"": 1100000, ""bridgeHack"": false, ""chain"": [""zkSync Era"", ""Ethereum""], ""classification"": ""Rugpull"", ""date"": 1690675200, ""defillamaId"": null, ""language"": null, ""name"": ""Kannagi"", ""returnedFunds"": null, ""source"": """", ""targetType"": ""DeFi Protocol"", ""technique"": ""Drained Contracts""}"
defillama:hacks,defillama_206,xToken,2021-05-12,24000000,Ethereum,Ecosystem,Flashloan Price Oracle Attack,DeFi Protocol,Solidity,False,,,206,False,blocked_missing_transaction_hash,Find canonical exploit transaction hash and chain before benchmark consideration.,"{""amount"": 24000000, ""bridgeHack"": false, ""chain"": [""Ethereum""], ""classification"": ""Ecosystem"", ""date"": 1620777600, ""defillamaId"": 206, ""language"": ""Solidity"", ""name"": ""xToken"", ""returnedFunds"": null, ""source"": """", ""targetType"": ""DeFi Protocol"", ""technique"": ""Flashloan Price Oracle Attack""}"
defillama:hacks,defillama_4859,BingX,2024-09-20,43300000,Ethereum,Infrastructure,Hot wallet hack,CEX,,False,,,4859,False,blocked_missing_transaction_hash,Find canonical exploit transaction hash and chain before benchmark consideration.,"{""amount"": 43300000, ""bridgeHack"": false, ""chain"": [""Ethereum""], ""classification"": ""Infrastructure"", ""date"": 1726790400, ""defillamaId"": 4859, ""language"": null, ""name"": ""BingX"", ""returnedFunds"": null, ""source"": """", ""targetType"": ""CEX"", ""technique"": ""Hot wallet hack""}"
defillama:hacks,defillama_412,Thorchain DEX,2021-07-22,8000000,Ethereum,Protocol Logic,Refund Logic Exploit,DeFi Protocol,Solidity,False,,,412,False,blocked_missing_transaction_hash,Find canonical exploit transaction hash and chain before benchmark consideration.,"{""amount"": 8000000, ""bridgeHack"": false, ""chain"": [""Ethereum""], ""classification"": ""Protocol Logic"", ""date"": 1626912000, ""defillamaId"": 412, ""language"": ""Solidity"", ""name"": ""Thorchain DEX"", ""returnedFunds"": null, ""source"": """", ""targetType"": ""DeFi Protocol"", ""technique"": ""Refund Logic Exploit""}"
defillama:hacks,defillama_921,DAO Maker Vesting,2021-09-04,4000000,Ethereum,Protocol Logic,Access Control Exploit,DeFi Protocol,Solidity,False,,,921,False,blocked_missing_transaction_hash,Find canonical exploit transaction hash and chain before benchmark consideration.,"{""amount"": 4000000, ""bridgeHack"": false, ""chain"": [""Ethereum""], ""classification"": ""Protocol Logic"", ""date"": 1630713600, ""defillamaId"": 921, ""language"": ""Solidity"", ""name"": ""DAO Maker Vesting"", ""parentProtocolId"": ""parent#dao-maker"", ""returnedFunds"": null, ""source"": """", ""targetType"": ""DeFi Protocol"", ""technique"": ""Access Control Exploit""}"
defillama:hacks,defillama_5486,IoTeX,2026-02-21,8000000,Ethereum,Infrastructure,Private Key Compromised,DeFi Protocol,Solidity,True,,,5486,False,blocked_missing_transaction_hash,Find canonical exploit transaction hash and chain before benchmark consideration.,"{""amount"": 8000000, ""bridgeHack"": true, ""chain"": [""Ethereum""], ""classification"": ""Infrastructure"", ""date"": 1771632000, ""defillamaId"": 5486, ""language"": ""Solidity"", ""name"": ""IoTeX"", ""returnedFunds"": null, ""source"": """", ""targetType"": ""DeFi Protocol"", ""technique"": ""Private Key Compromised""}"
defillama:hacks,defillama_424,Safe Dollar,2021-06-28,248000,Polygon,Protocol Logic,Incentive Rewards Exploit,DeFi Protocol,Solidity,False,,,424,False,blocked_missing_transaction_hash,Find canonical exploit transaction hash and chain before benchmark consideration.,"{""amount"": 248000, ""bridgeHack"": false, ""chain"": [""Polygon""], ""classification"": ""Protocol Logic"", ""date"": 1624838400, ""defillamaId"": 424, ""language"": ""Solidity"", ""name"": ""Safe Dollar"", ""returnedFunds"": null, ""source"": """", ""targetType"": ""DeFi Protocol"", ""technique"": ""Incentive Rewards Exploit""}"
defillama:hacks,defillama_6611,BetterBank,2025-08-26,5000000,PulseChain,Protocol Logic,Infinite Mint and Dump,DeFi Protocol,Solidity,False,,,6611,False,blocked_missing_transaction_hash,Find canonical exploit transaction hash and chain before benchmark consideration.,"{""amount"": 5000000, ""bridgeHack"": false, ""chain"": [""PulseChain""], ""classification"": ""Protocol Logic"", ""date"": 1756166400, ""defillamaId"": 6611, ""language"": ""Solidity"", ""name"": ""BetterBank"", ""returnedFunds"": null, ""source"": """", ""targetType"": ""DeFi Protocol"", ""technique"": ""Infinite Mint and Dump""}"
defillama:hacks,defillama_970,Drift Trade,2026-04-01,285000000,Solana,Infrastructure,Compromised Admin + Fake Token Price Manipulation,DeFi Protocol,Rust,False,,,970,False,blocked_missing_transaction_hash,Find canonical exploit transaction hash and chain before benchmark consideration.,"{""amount"": 285000000, ""bridgeHack"": false, ""chain"": [""Solana""], ""classification"": ""Infrastructure"", ""date"": 1775001600, ""defillamaId"": 970, ""language"": ""Rust"", ""name"": ""Drift Trade"", ""parentProtocolId"": ""parent#drift"", ""returnedFunds"": null, ""source"": """", ""targetType"": ""DeFi Protocol"", ""technique"": ""Compromised Admin + Fake Token Price Manipulation""}"
defillama:hacks,2024-04-15_grand_base,Grand Base,2024-04-15,1700000,Base,Infrastructure,Private Key Compromised (Unknown Method),DeFi Protocol,Solidity,False,,,,False,blocked_missing_transaction_hash,Find canonical exploit transaction hash and chain before benchmark consideration.,"{""amount"": 1700000, ""bridgeHack"": false, ""chain"": [""Base""], ""classification"": ""Infrastructure"", ""date"": 1713139200, ""defillamaId"": null, ""language"": ""Solidity"", ""name"": ""Grand Base"", ""returnedFunds"": null, ""source"": """", ""targetType"": ""DeFi Protocol"", ""technique"": ""Private Key Compromised (Unknown Method)""}"
defillama:hacks,2024-02-18_fixedfloat,FixedFloat,2024-02-18,26100000,Ethereum|Bitcoin,Infrastructure,Private Key Compromised,DeFi Protocol,,False,,,,False,blocked_missing_transaction_hash,Find canonical exploit transaction hash and chain before benchmark consideration.,"{""amount"": 26100000, ""bridgeHack"": false, ""chain"": [""Ethereum"", ""Bitcoin""], ""classification"": ""Infrastructure"", ""date"": 1708214400, ""defillamaId"": null, ""language"": null, ""name"": ""FixedFloat"", ""returnedFunds"": null, ""source"": """", ""targetType"": ""DeFi Protocol"", ""technique"": ""Private Key Compromised""}"
defillama:hacks,defillama_202,Saddle Finance,2022-04-30,11000000,Ethereum,Ecosystem,Flashloan Swap Logic Exploit,DeFi Protocol,Solidity,False,,,202,False,blocked_missing_transaction_hash,Find canonical exploit transaction hash and chain before benchmark consideration.,"{""amount"": 11000000, ""bridgeHack"": false, ""chain"": [""Ethereum""], ""classification"": ""Ecosystem"", ""date"": 1651276800, ""defillamaId"": 202, ""language"": ""Solidity"", ""name"": ""Saddle Finance"", ""returnedFunds"": null, ""source"": """", ""targetType"": ""DeFi Protocol"", ""technique"": ""Flashloan Swap Logic Exploit""}"
defillama:hacks,defillama_1682,Nomad,2022-08-01,190000000,Ethereum,Protocol Logic,Trusted Root Exploit,DeFi Protocol,Solidity,True,,,1682,False,blocked_missing_transaction_hash,Find canonical exploit transaction hash and chain before benchmark consideration.,"{""amount"": 190000000, ""bridgeHack"": true, ""chain"": [""Ethereum""], ""classification"": ""Protocol Logic"", ""date"": 1659312000, ""defillamaId"": 1682, ""language"": ""Solidity"", ""name"": ""Nomad"", ""returnedFunds"": null, ""source"": """", ""targetType"": ""DeFi Protocol"", ""technique"": ""Trusted Root Exploit""}"
defillama:hacks,defillama_1378,Elephant Money,2022-04-12,22200000,BSC,Ecosystem,Flashloan Price Oracle Attack,DeFi Protocol,Solidity,False,,,1378,False,blocked_missing_transaction_hash,Find canonical exploit transaction hash and chain before benchmark consideration.,"{""amount"": 22200000, ""bridgeHack"": false, ""chain"": [""BSC""], ""classification"": ""Ecosystem"", ""date"": 1649721600, ""defillamaId"": 1378, ""language"": ""Solidity"", ""name"": ""Elephant Money"", ""returnedFunds"": null, ""source"": """", ""targetType"": ""DeFi Protocol"", ""technique"": ""Flashloan Price Oracle Attack""}"
defillama:hacks,defillama_1183,Euler V1,2023-03-13,197000000,Ethereum,Protocol Logic,Flashloan Donate Function Logic Exploit,DeFi Protocol,Solidity,False,240000000,,1183,False,blocked_missing_transaction_hash,Find canonical exploit transaction hash and chain before benchmark consideration.,"{""amount"": 197000000, ""bridgeHack"": false, ""chain"": [""Ethereum""], ""classification"": ""Protocol Logic"", ""date"": 1678665600, ""defillamaId"": 1183, ""language"": ""Solidity"", ""name"": ""Euler V1"", ""parentProtocolId"": ""parent#euler"", ""returnedFunds"": 240000000, ""source"": """", ""targetType"": ""DeFi Protocol"", ""technique"": ""Flashloan Donate Function Logic Exploit""}"
defillama:hacks,defillama_5793,Unleash Protocol,2025-12-30,3900000,Story,Protocol Logic,Multisig Governance Hack,DeFi Protocol,Solidity,False,,,5793,False,blocked_missing_transaction_hash,Find canonical exploit transaction hash and chain before benchmark consideration.,"{""amount"": 3900000, ""bridgeHack"": false, ""chain"": [""Story""], ""classification"": ""Protocol Logic"", ""date"": 1767052800, ""defillamaId"": 5793, ""language"": ""Solidity"", ""name"": ""Unleash Protocol"", ""returnedFunds"": null, ""source"": """", ""targetType"": ""DeFi Protocol"", ""technique"": ""Multisig Governance Hack""}"
defillama:hacks,defillama_496,Orion Pools,2023-02-02,3000000,BSC,Protocol Logic,Reentrancy,DeFi Protocol,Solidity,False,,,496,False,blocked_missing_transaction_hash,Find canonical exploit transaction hash and chain before benchmark consideration.,"{""amount"": 3000000, ""bridgeHack"": false, ""chain"": [""BSC""], ""classification"": ""Protocol Logic"", ""date"": 1675296000, ""defillamaId"": 496, ""language"": ""Solidity"", ""name"": ""Orion Pools"", ""parentProtocolId"": ""parent#orion-protocol"", ""returnedFunds"": null, ""source"": """", ""targetType"": ""DeFi Protocol"", ""technique"": ""Reentrancy""}"
defillama:hacks,defillama_3711,Volo Vault,2026-04-21,3500000,Sui,Protocol Logic,Admin Key Compromised,DeFi Protocol,Move,False,,,3711,False,blocked_missing_transaction_hash,Find canonical exploit transaction hash and chain before benchmark consideration.,"{""amount"": 3500000, ""bridgeHack"": false, ""chain"": [""Sui""], ""classification"": ""Protocol Logic"", ""date"": 1776729600, ""defillamaId"": 3711, ""language"": ""Move"", ""name"": ""Volo Vault"", ""parentProtocolId"": ""parent#navi-protocol"", ""returnedFunds"": null, ""source"": """", ""targetType"": ""DeFi Protocol"", ""technique"": ""Admin Key Compromised""}"
defillama:hacks,2025-11-07_dimo,DIMO,2025-11-07,40000,Ethereum,Protocol Logic,Private Key Compromised,DeFi Protocol,,True,,,,False,blocked_missing_transaction_hash,Find canonical exploit transaction hash and chain before benchmark consideration.,"{""amount"": 40000, ""bridgeHack"": true, ""chain"": [""Ethereum""], ""classification"": ""Protocol Logic"", ""date"": 1762473600, ""defillamaId"": null, ""language"": null, ""name"": ""DIMO"", ""returnedFunds"": null, ""source"": """", ""targetType"": ""DeFi Protocol"", ""technique"": ""Private Key Compromised""}"
defillama:hacks,defillama_3371,Locus Finance,2023-12-30,321000,Ethereum|Arbitrum,Infrastructure,Private Key Compromised (Unknown Method),DeFi Protocol,,False,,,3371,False,blocked_missing_transaction_hash,Find canonical exploit transaction hash and chain before benchmark consideration.,"{""amount"": 321000, ""bridgeHack"": false, ""chain"": [""Ethereum"", ""Arbitrum""], ""classification"": ""Infrastructure"", ""date"": 1703894400, ""defillamaId"": 3371, ""language"": null, ""name"": ""Locus Finance"", ""returnedFunds"": null, ""source"": """", ""targetType"": ""DeFi Protocol"", ""technique"": ""Private Key Compromised (Unknown Method)""}"
defillama:hacks,defillama_347,Abracadabra Spell,2024-01-30,6500000,Ethereum,Protocol Logic,Borrow Logic Exploit,DeFi Protocol,Solidity,False,,,347,False,blocked_missing_transaction_hash,Find canonical exploit transaction hash and chain before benchmark consideration.,"{""amount"": 6500000, ""bridgeHack"": false, ""chain"": [""Ethereum""], ""classification"": ""Protocol Logic"", ""date"": 1706572800, ""defillamaId"": 347, ""language"": ""Solidity"", ""name"": ""Abracadabra Spell"", ""parentProtocolId"": ""parent#abracadabra"", ""returnedFunds"": null, ""source"": """", ""targetType"": ""DeFi Protocol"", ""technique"": ""Borrow Logic Exploit""}"
defillama:hacks,defillama_205,Goose Finance,2026-03-14,8435,BSC,Protocol Logic,Share Accounting Flaw,DeFi Protocol,Solidity,False,,,205,False,blocked_missing_transaction_hash,Find canonical exploit transaction hash and chain before benchmark consideration.,"{""amount"": 8435, ""bridgeHack"": false, ""chain"": [""BSC""], ""classification"": ""Protocol Logic"", ""date"": 1773446400, ""defillamaId"": 205, ""language"": ""Solidity"", ""name"": ""Goose Finance"", ""returnedFunds"": null, ""source"": """", ""targetType"": ""DeFi Protocol"", ""technique"": ""Share Accounting Flaw""}"
defillama:hacks,defillama_7540,Aftermath Perps,2026-04-29,1140000,Sui,Protocol Logic,Fee-Accounting Logic Flaw,DeFi Protocol,Move,False,,,7540,False,blocked_missing_transaction_hash,Find canonical exploit transaction hash and chain before benchmark consideration.,"{""amount"": 1140000, ""bridgeHack"": false, ""chain"": [""Sui""], ""classification"": ""Protocol Logic"", ""date"": 1777420800, ""defillamaId"": 7540, ""language"": ""Move"", ""name"": ""Aftermath Perps"", ""parentProtocolId"": ""parent#aftermath-finance"", ""returnedFunds"": null, ""source"": """", ""targetType"": ""DeFi Protocol"", ""technique"": ""Fee-Accounting Logic Flaw""}"
defillama:hacks,defillama_1387,DEUS Finance,2022-04-28,13400000,Fantom,Ecosystem,Flashloan Price Oracle Attack,DeFi Protocol,Solidity,False,,,1387,False,blocked_missing_transaction_hash,Find canonical exploit transaction hash and chain before benchmark consideration.,"{""amount"": 13400000, ""bridgeHack"": false, ""chain"": [""Fantom""], ""classification"": ""Ecosystem"", ""date"": 1651104000, ""defillamaId"": 1387, ""language"": ""Solidity"", ""name"": ""DEUS Finance"", ""returnedFunds"": null, ""source"": """", ""targetType"": ""DeFi Protocol"", ""technique"": ""Flashloan Price Oracle Attack""}"
defillama:hacks,defillama_7555,Matcha,2026-01-25,13430000,Base|Ethereum,Protocol Logic,Unlimited Approval Exploit,DeFi Protocol,Solidity,False,,,7555,False,blocked_missing_transaction_hash,Find canonical exploit transaction hash and chain before benchmark consideration.,"{""amount"": 13430000, ""bridgeHack"": false, ""chain"": [""Base"", ""Ethereum""], ""classification"": ""Protocol Logic"", ""date"": 1769299200, ""defillamaId"": 7555, ""language"": ""Solidity"", ""name"": ""Matcha"", ""returnedFunds"": null, ""source"": """", ""targetType"": ""DeFi Protocol"", ""technique"": ""Unlimited Approval Exploit""}"
defillama:hacks,defillama_1599,Aave V3,2026-03-12,862000,Ethereum,Ecosystem,CAPO Oracle Misconfiguration,DeFi Protocol,Solidity,False,862000,,1599,False,blocked_missing_transaction_hash,Find canonical exploit transaction hash and chain before benchmark consideration.,"{""amount"": 862000, ""bridgeHack"": false, ""chain"": [""Ethereum""], ""classification"": ""Ecosystem"", ""date"": 1773273600, ""defillamaId"": 1599, ""language"": ""Solidity"", ""name"": ""Aave V3"", ""parentProtocolId"": ""parent#aave"", ""returnedFunds"": 862000, ""source"": """", ""targetType"": ""DeFi Protocol"", ""technique"": ""CAPO Oracle Misconfiguration""}"
defillama:hacks,defillama_2395,Level Perps,2023-05-01,1000000,BSC,Protocol Logic,Referral Claims Logic Exploit,DeFi Protocol,Solidity,False,,,2395,False,blocked_missing_transaction_hash,Find canonical exploit transaction hash and chain before benchmark consideration.,"{""amount"": 1000000, ""bridgeHack"": false, ""chain"": [""BSC""], ""classification"": ""Protocol Logic"", ""date"": 1682899200, ""defillamaId"": 2395, ""language"": ""Solidity"", ""name"": ""Level Perps"", ""parentProtocolId"": ""parent#level-finance"", ""returnedFunds"": null, ""source"": """", ""targetType"": ""DeFi Protocol"", ""technique"": ""Referral Claims Logic Exploit""}"
defillama:hacks,2023-11-09_coinspot,CoinSpot,2023-11-09,2400000,Ethereum,Infrastructure,Private Key Compromised (Unknown Method),CEX,,False,,,,False,blocked_missing_transaction_hash,Find canonical exploit transaction hash and chain before benchmark consideration.,"{""amount"": 2400000, ""bridgeHack"": false, ""chain"": [""Ethereum""], ""classification"": ""Infrastructure"", ""date"": 1699488000, ""defillamaId"": null, ""language"": null, ""name"": ""CoinSpot"", ""returnedFunds"": null, ""source"": """", ""targetType"": ""CEX"", ""technique"": ""Private Key Compromised (Unknown Method)""}"
defillama:hacks,defillama_6670,Singularity Finance,2026-04-27,413000,Base,Protocol Logic,Oracle Misconfiguration Exploit,DeFi Protocol,Solidity,False,,,6670,False,blocked_missing_transaction_hash,Find canonical exploit transaction hash and chain before benchmark consideration.,"{""amount"": 413000, ""bridgeHack"": false, ""chain"": [""Base""], ""classification"": ""Protocol Logic"", ""date"": 1777248000, ""defillamaId"": 6670, ""language"": ""Solidity"", ""name"": ""Singularity Finance"", ""returnedFunds"": null, ""source"": """", ""targetType"": ""DeFi Protocol"", ""technique"": ""Oracle Misconfiguration Exploit""}"
defillama:hacks,defillama_204,Alchemix V2,2021-06-16,6500000,Ethereum,Protocol Logic,Borrow Logic Exploit,DeFi Protocol,Solidity,False,,,204,False,blocked_missing_transaction_hash,Find canonical exploit transaction hash and chain before benchmark consideration.,"{""amount"": 6500000, ""bridgeHack"": false, ""chain"": [""Ethereum""], ""classification"": ""Protocol Logic"", ""date"": 1623801600, ""defillamaId"": 204, ""language"": ""Solidity"", ""name"": ""Alchemix V2"", ""parentProtocolId"": ""parent#alchemix"", ""returnedFunds"": null, ""source"": """", ""targetType"": ""DeFi Protocol"", ""technique"": ""Borrow Logic Exploit""}"
defillama:hacks,2025-07-08_peapods_finance,Peapods Finance,2025-07-08,175000,Ethereum,Ecosystem,Oracle manipulation in user-created Pods,DeFi Protocol,Solidity,False,,,,False,blocked_missing_transaction_hash,Find canonical exploit transaction hash and chain before benchmark consideration.,"{""amount"": 175000, ""bridgeHack"": false, ""chain"": [""Ethereum""], ""classification"": ""Ecosystem"", ""date"": 1751932800, ""defillamaId"": null, ""language"": ""Solidity"", ""name"": ""Peapods Finance\n\n"", ""returnedFunds"": null, ""source"": """", ""targetType"": ""DeFi Protocol"", ""technique"": ""Oracle manipulation in user-created Pods""}"
defillama:hacks,2024-05-20_gala,Gala,2024-05-20,22000000,Ethereum,Protocol Logic,Infinite Mint and Dump,DeFi Protocol,Solidity,False,,,,False,blocked_missing_transaction_hash,Find canonical exploit transaction hash and chain before benchmark consideration.,"{""amount"": 22000000, ""bridgeHack"": false, ""chain"": [""Ethereum""], ""classification"": ""Protocol Logic"", ""date"": 1716163200, ""defillamaId"": null, ""language"": ""Solidity"", ""name"": ""Gala"", ""returnedFunds"": null, ""source"": """", ""targetType"": ""DeFi Protocol"", ""technique"": ""Infinite Mint and Dump""}"
defillama:hacks,2024-03-25_curio,Curio,2024-03-25,16000000,Ethereum,Protocol Logic,Voting Power Inflation,DeFi Protocol,Solidity,False,,,,False,blocked_missing_transaction_hash,Find canonical exploit transaction hash and chain before benchmark consideration.,"{""amount"": 16000000, ""bridgeHack"": false, ""chain"": [""Ethereum""], ""classification"": ""Protocol Logic"", ""date"": 1711324800, ""defillamaId"": null, ""language"": ""Solidity"", ""name"": ""Curio"", ""returnedFunds"": null, ""source"": """", ""targetType"": ""DeFi Protocol"", ""technique"": ""Voting Power Inflation""}"
defillama:hacks,defillama_2382,Tender Finance,2023-03-07,1600000,Arbitrum,Ecosystem,Outdated Oracle Exploit,DeFi Protocol,Solidity,False,850000,,2382,False,blocked_missing_transaction_hash,Find canonical exploit transaction hash and chain before benchmark consideration.,"{""amount"": 1600000, ""bridgeHack"": false, ""chain"": [""Arbitrum""], ""classification"": ""Ecosystem"", ""date"": 1678147200, ""defillamaId"": 2382, ""language"": ""Solidity"", ""name"": ""Tender Finance"", ""returnedFunds"": 850000, ""source"": """", ""targetType"": ""DeFi Protocol"", ""technique"": ""Outdated Oracle Exploit""}"
defillama:hacks,defillama_4574,Rivus DAO,2024-09-16,,Ethereum,Rugpull,Third-party Dev Backdoor Exploit,DeFi Protocol,Solidity,False,,,4574,False,blocked_missing_transaction_hash,Find canonical exploit transaction hash and chain before benchmark consideration.,"{""amount"": null, ""bridgeHack"": false, ""chain"": [""Ethereum""], ""classification"": ""Rugpull"", ""date"": 1726444800, ""defillamaId"": 4574, ""language"": ""Solidity"", ""name"": ""Rivus DAO"", ""returnedFunds"": null, ""source"": """", ""targetType"": ""DeFi Protocol"", ""technique"": ""Third-party Dev Backdoor Exploit""}"
defillama:hacks,defillama_6597,HyperVault,2025-09-26,3600000,Hyperliquid L1,Rugpull,Drain Vaults,DeFi Protocol,Solidity,False,,,6597,False,blocked_missing_transaction_hash,Find canonical exploit transaction hash and chain before benchmark consideration.,"{""amount"": 3600000, ""bridgeHack"": false, ""chain"": [""Hyperliquid L1""], ""classification"": ""Rugpull"", ""date"": 1758844800, ""defillamaId"": 6597, ""language"": ""Solidity"", ""name"": ""HyperVault"", ""returnedFunds"": null, ""source"": """", ""targetType"": ""DeFi Protocol"", ""technique"": ""Drain Vaults""}"
defillama:hacks,defillama_4449,pump.fun,2024-05-16,2000000,Solana,Infrastructure,Private Key Compromised (Unknown Method),DeFi Protocol,Rust/Anchor,False,,,4449,False,blocked_missing_transaction_hash,Find canonical exploit transaction hash and chain before benchmark consideration.,"{""amount"": 2000000, ""bridgeHack"": false, ""chain"": [""Solana""], ""classification"": ""Infrastructure"", ""date"": 1715817600, ""defillamaId"": 4449, ""language"": ""Rust/Anchor"", ""name"": ""pump.fun"", ""parentProtocolId"": ""parent#pump"", ""returnedFunds"": null, ""source"": """", ""targetType"": ""DeFi Protocol"", ""technique"": ""Private Key Compromised (Unknown Method)""}"
defillama:hacks,defillama_4152,Polter Finance,2024-11-16,12000000,Fantom,Protocol Logic,Flashloan Price Oracle Attack,DeFi Protocol,,False,,,4152,False,blocked_missing_transaction_hash,Find canonical exploit transaction hash and chain before benchmark consideration.,"{""amount"": 12000000, ""bridgeHack"": false, ""chain"": [""Fantom""], ""classification"": ""Protocol Logic"", ""date"": 1731715200, ""defillamaId"": 4152, ""language"": null, ""name"": ""Polter Finance"", ""returnedFunds"": null, ""source"": """", ""targetType"": ""DeFi Protocol"", ""technique"": ""Flashloan Price Oracle Attack""}"
defillama:hacks,defillama_5706,Sirio Finance,2025-02-01,2000000,Hedera,Protocol Logic,Flashloan Exploit,DeFi Protocol,Solidity,False,,,5706,False,blocked_missing_transaction_hash,Find canonical exploit transaction hash and chain before benchmark consideration.,"{""amount"": 2000000, ""bridgeHack"": false, ""chain"": [""Hedera""], ""classification"": ""Protocol Logic"", ""date"": 1738368000, ""defillamaId"": 5706, ""language"": ""Solidity"", ""name"": ""Sirio Finance"", ""returnedFunds"": null, ""source"": """", ""targetType"": ""DeFi Protocol"", ""technique"": ""Flashloan Exploit""}"
defillama:hacks,defillama_5561,Gondi V3,2026-03-09,230000,Ethereum,Protocol Logic,PurchaseBundler Exploit,NFTfi,Solidity,False,,,5561,False,blocked_missing_transaction_hash,Find canonical exploit transaction hash and chain before benchmark consideration.,"{""amount"": 230000, ""bridgeHack"": false, ""chain"": [""Ethereum""], ""classification"": ""Protocol Logic"", ""date"": 1773014400, ""defillamaId"": 5561, ""language"": ""Solidity"", ""name"": ""Gondi V3"", ""parentProtocolId"": ""parent#gondi"", ""returnedFunds"": null, ""source"": """", ""targetType"": ""NFTfi"", ""technique"": ""PurchaseBundler Exploit""}"
defillama:hacks,defillama_164,ValueDefi,2021-05-07,11000000,BSC,Protocol Logic,Math Mistake Exploit,DeFi Protocol,Solidity,False,,,164,False,blocked_missing_transaction_hash,Find canonical exploit transaction hash and chain before benchmark consideration.,"{""amount"": 11000000, ""bridgeHack"": false, ""chain"": [""BSC""], ""classification"": ""Protocol Logic"", ""date"": 1620345600, ""defillamaId"": 164, ""language"": ""Solidity"", ""name"": ""ValueDefi"", ""parentProtocolId"": ""parent#value-finance"", ""returnedFunds"": null, ""source"": """", ""targetType"": ""DeFi Protocol"", ""technique"": ""Math Mistake Exploit""}"
defillama:hacks,defillama_2616,Conic Finance,2023-07-21,3200000,Ethereum,Ecosystem,Flashloan Reentrancy Attack,DeFi Protocol,Solidity,False,,,2616,False,blocked_missing_transaction_hash,Find canonical exploit transaction hash and chain before benchmark consideration.,"{""amount"": 3200000, ""bridgeHack"": false, ""chain"": [""Ethereum""], ""classification"": ""Ecosystem"", ""date"": 1689897600, ""defillamaId"": 2616, ""language"": ""Solidity"", ""name"": ""Conic Finance"", ""returnedFunds"": null, ""source"": """", ""targetType"": ""DeFi Protocol"", ""technique"": ""Flashloan Reentrancy Attack""}"
defillama:hacks,defillama_1295,BurgerSwap,2021-05-28,7200000,BSC,Ecosystem,Flashloan Reentrancy Attack,DeFi Protocol,,False,,,1295,False,blocked_missing_transaction_hash,Find canonical exploit transaction hash and chain before benchmark consideration.,"{""amount"": 7200000, ""bridgeHack"": false, ""chain"": [""BSC""], ""classification"": ""Ecosystem"", ""date"": 1622160000, ""defillamaId"": 1295, ""language"": null, ""name"": ""BurgerSwap"", ""returnedFunds"": null, ""source"": """", ""targetType"": ""DeFi Protocol"", ""technique"": ""Flashloan Reentrancy Attack""}"
defillama:hacks,defillama_742,Furucombo,2021-02-27,14000000,Ethereum,Smart Contract Language,Delegatecall Exploit,DeFi Protocol,Solidity,False,,,742,False,blocked_missing_transaction_hash,Find canonical exploit transaction hash and chain before benchmark consideration.,"{""amount"": 14000000, ""bridgeHack"": false, ""chain"": [""Ethereum""], ""classification"": ""Smart Contract Language"", ""date"": 1614384000, ""defillamaId"": 742, ""language"": ""Solidity"", ""name"": ""Furucombo"", ""returnedFunds"": null, ""source"": """", ""targetType"": ""DeFi Protocol"", ""technique"": ""Delegatecall Exploit""}"
defillama:hacks,2021-09-17_jaypegs_automart,JayPegs Automart,2021-09-17,3100000,Ethereum,Rugpull,Redirected Deposits,DeFi Protocol,,False,,,,False,blocked_missing_transaction_hash,Find canonical exploit transaction hash and chain before benchmark consideration.,"{""amount"": 3100000, ""bridgeHack"": false, ""chain"": [""Ethereum""], ""classification"": ""Rugpull"", ""date"": 1631836800, ""defillamaId"": null, ""language"": null, ""name"": ""JayPegs Automart"", ""returnedFunds"": null, ""source"": """", ""targetType"": ""DeFi Protocol"", ""technique"": ""Redirected Deposits""}"
defillama:hacks,defillama_4241,Lava,2024-10-04,130000,Arbitrum,Protocol Logic,Flashloan Exploit,DeFi Protocol,Solidity,False,,,4241,False,blocked_missing_transaction_hash,Find canonical exploit transaction hash and chain before benchmark consideration.,"{""amount"": 130000, ""bridgeHack"": false, ""chain"": [""Arbitrum""], ""classification"": ""Protocol Logic"", ""date"": 1728000000, ""defillamaId"": 4241, ""language"": ""Solidity"", ""name"": ""Lava"", ""returnedFunds"": null, ""source"": """", ""targetType"": ""DeFi Protocol"", ""technique"": ""Flashloan Exploit""}"
defillama:hacks,2025-06-18_nobitex,Nobitex,2025-06-18,82000000,Tron|Ethereum|BSC|Avalanche|Arbitrum|Polygon|Bitcoin,Infrastructure,Hot wallet hack,CEX,,False,,,,False,blocked_missing_transaction_hash,Find canonical exploit transaction hash and chain before benchmark consideration.,"{""amount"": 82000000, ""bridgeHack"": false, ""chain"": [""Tron"", ""Ethereum"", ""BSC"", ""Avalanche"", ""Arbitrum"", ""Polygon"", ""Bitcoin""], ""classification"": ""Infrastructure"", ""date"": 1750204800, ""defillamaId"": null, ""language"": null, ""name"": ""Nobitex"", ""returnedFunds"": null, ""source"": """", ""targetType"": ""CEX"", ""technique"": ""Hot wallet hack""}"
defillama:hacks,2024-04-19_hedgey,Hedgey,2024-04-19,44700000,Arbitrum|Ethereum,Ecosystem,Claim Contract Flashloan Exploit,DeFi Protocol,Solidity,False,,,,False,blocked_missing_transaction_hash,Find canonical exploit transaction hash and chain before benchmark consideration.,"{""amount"": 44700000, ""bridgeHack"": false, ""chain"": [""Arbitrum"", ""Ethereum""], ""classification"": ""Ecosystem"", ""date"": 1713484800, ""defillamaId"": null, ""language"": ""Solidity"", ""name"": ""Hedgey"", ""returnedFunds"": null, ""source"": """", ""targetType"": ""DeFi Protocol"", ""technique"": ""Claim Contract Flashloan Exploit""}"
defillama:hacks,defillama_6792,Ploutos Money,2026-02-26,390000,Ethereum,Protocol Logic,Misconfigured Oracle Exploit,DeFi Protocol,Solidity,False,,,6792,False,blocked_missing_transaction_hash,Find canonical exploit transaction hash and chain before benchmark consideration.,"{""amount"": 390000, ""bridgeHack"": false, ""chain"": [""Ethereum""], ""classification"": ""Protocol Logic"", ""date"": 1772064000, ""defillamaId"": 6792, ""language"": ""Solidity"", ""name"": ""Ploutos Money"", ""returnedFunds"": null, ""source"": """", ""targetType"": ""DeFi Protocol"", ""technique"": ""Misconfigured Oracle Exploit""}"
defillama:hacks,defillama_112,Harvest Finance,2020-10-26,25000000,Ethereum,Ecosystem,Flashloan Price Oracle Attack,DeFi Protocol,Solidity,False,,,112,False,blocked_missing_transaction_hash,Find canonical exploit transaction hash and chain before benchmark consideration.,"{""amount"": 25000000, ""bridgeHack"": false, ""chain"": [""Ethereum""], ""classification"": ""Ecosystem"", ""date"": 1603670400, ""defillamaId"": 112, ""language"": ""Solidity"", ""name"": ""Harvest Finance"", ""returnedFunds"": null, ""source"": """", ""targetType"": ""DeFi Protocol"", ""technique"": ""Flashloan Price Oracle Attack""}"
defillama:hacks,defillama_3973,Yearn Ether,2025-11-30,9000000,Ethereum,Protocol Logic,yETH stablepool Exploit,DeFi Protocol,Solidity,False,,,3973,False,blocked_missing_transaction_hash,Find canonical exploit transaction hash and chain before benchmark consideration.,"{""amount"": 9000000, ""bridgeHack"": false, ""chain"": [""Ethereum""], ""classification"": ""Protocol Logic"", ""date"": 1764460800, ""defillamaId"": 3973, ""language"": ""Solidity"", ""name"": ""Yearn Ether"", ""parentProtocolId"": ""parent#yearn"", ""returnedFunds"": null, ""source"": """", ""targetType"": ""DeFi Protocol"", ""technique"": ""yETH stablepool Exploit""}"
defillama:hacks,2023-03-10_hedera,Hedera,2023-03-10,515000,Hedera,Protocol Logic,Unknown,DeFi Protocol,,False,,,,False,blocked_missing_transaction_hash,Find canonical exploit transaction hash and chain before benchmark consideration.,"{""amount"": 515000, ""bridgeHack"": false, ""chain"": [""Hedera""], ""classification"": ""Protocol Logic"", ""date"": 1678406400, ""defillamaId"": null, ""language"": null, ""name"": ""Hedera"", ""returnedFunds"": null, ""source"": """", ""targetType"": ""DeFi Protocol"", ""technique"": ""Unknown""}"
defillama:hacks,2023-11-10_poloniex,Poloniex,2023-11-10,126000000,Tron|Ethereum|Bitcoin,Infrastructure,Private Key Compromised (Unknown Method),CEX,,False,,,,False,blocked_missing_transaction_hash,Find canonical exploit transaction hash and chain before benchmark consideration.,"{""amount"": 126000000, ""bridgeHack"": false, ""chain"": [""Tron"", ""Ethereum"", ""Bitcoin""], ""classification"": ""Infrastructure"", ""date"": 1699574400, ""defillamaId"": null, ""language"": null, ""name"": ""Poloniex"", ""returnedFunds"": null, ""source"": """", ""targetType"": ""CEX"", ""technique"": ""Private Key Compromised (Unknown Method)""}"
defillama:hacks,2024-10-14_leadblock_s_morpho_blue_market,LeadBlock's Morpho Blue Market,2024-10-14,250000,Ethereum,Protocol Logic,Oracle Misconfiguration Exploit,DeFi Protocol,Solidity,False,,,,False,blocked_missing_transaction_hash,Find canonical exploit transaction hash and chain before benchmark consideration.,"{""amount"": 250000, ""bridgeHack"": false, ""chain"": [""Ethereum""], ""classification"": ""Protocol Logic"", ""date"": 1728864000, ""defillamaId"": null, ""language"": ""Solidity"", ""name"": ""LeadBlock's Morpho Blue Market"", ""returnedFunds"": null, ""source"": """", ""targetType"": ""DeFi Protocol"", ""technique"": ""Oracle Misconfiguration Exploit""}"
defillama:hacks,2021-11-03_vesper_finance,Vesper Finance,2021-11-03,3370000,Ethereum,Protocol Logic,Oracle Manipulation,DeFi Protocol,Solidity,False,,,,False,blocked_missing_transaction_hash,Find canonical exploit transaction hash and chain before benchmark consideration.,"{""amount"": 3370000, ""bridgeHack"": false, ""chain"": [""Ethereum""], ""classification"": ""Protocol Logic"", ""date"": 1635897600, ""defillamaId"": null, ""language"": ""Solidity"", ""name"": ""Vesper Finance"", ""returnedFunds"": null, ""source"": """", ""targetType"": ""DeFi Protocol"", ""technique"": ""Oracle Manipulation""}"
defillama:hacks,defillama_286,Mango Markets V3,2022-10-11,115000000,Solana,Ecosystem,Price Oracle Attack,DeFi Protocol,Rust,False,,,286,False,blocked_missing_transaction_hash,Find canonical exploit transaction hash and chain before benchmark consideration.,"{""amount"": 115000000, ""bridgeHack"": false, ""chain"": [""Solana""], ""classification"": ""Ecosystem"", ""date"": 1665446400, ""defillamaId"": 286, ""language"": ""Rust"", ""name"": ""Mango Markets V3"", ""parentProtocolId"": ""parent#mango-markets"", ""returnedFunds"": null, ""source"": """", ""targetType"": ""DeFi Protocol"", ""technique"": ""Price Oracle Attack""}"
defillama:hacks,2024-09-25_truflation,Truflation,2024-09-25,5000000,,Infrastructure,Private Key Compromised (Malware),Other,,False,,,,False,blocked_missing_transaction_hash,Find canonical exploit transaction hash and chain before benchmark consideration.,"{""amount"": 5000000, ""bridgeHack"": false, ""chain"": [], ""classification"": ""Infrastructure"", ""date"": 1727222400, ""defillamaId"": null, ""language"": null, ""name"": ""Truflation"", ""returnedFunds"": null, ""source"": """", ""targetType"": ""Other"", ""technique"": ""Private Key Compromised (Malware)""}"
defillama:hacks,2022-08-23_sudorare,SudoRare,2022-08-23,800000,Ethereum,Rugpull,Drained Contracts,DeFi Protocol,Solidity,False,,,,False,blocked_missing_transaction_hash,Find canonical exploit transaction hash and chain before benchmark consideration.,"{""amount"": 800000, ""bridgeHack"": false, ""chain"": [""Ethereum""], ""classification"": ""Rugpull"", ""date"": 1661212800, ""defillamaId"": null, ""language"": ""Solidity"", ""name"": ""SudoRare"", ""returnedFunds"": null, ""source"": """", ""targetType"": ""DeFi Protocol"", ""technique"": ""Drained Contracts""}"
defillama:hacks,defillama_4321,Curve LlamaLend,2026-03-02,240000,Ethereum,Protocol Logic,Donation Attack,DeFi Protocol,Solidity,False,,,4321,False,blocked_missing_transaction_hash,Find canonical exploit transaction hash and chain before benchmark consideration.,"{""amount"": 240000, ""bridgeHack"": false, ""chain"": [""Ethereum""], ""classification"": ""Protocol Logic"", ""date"": 1772409600, ""defillamaId"": 4321, ""language"": ""Solidity"", ""name"": ""Curve LlamaLend"", ""parentProtocolId"": ""parent#curve-finance"", ""returnedFunds"": null, ""source"": """", ""targetType"": ""DeFi Protocol"", ""technique"": ""Donation Attack""}"
defillama:hacks,defillama_4494,Wise Lending V2,2026-02-28,66000,Arbitrum|Ethereum,Protocol Logic,Flashloan Exploit,DeFi Protocol,Solidity,False,,,4494,False,blocked_missing_transaction_hash,Find canonical exploit transaction hash and chain before benchmark consideration.,"{""amount"": 66000, ""bridgeHack"": false, ""chain"": [""Arbitrum"", ""Ethereum""], ""classification"": ""Protocol Logic"", ""date"": 1772236800, ""defillamaId"": 4494, ""language"": ""Solidity"", ""name"": ""Wise Lending V2"", ""parentProtocolId"": ""parent#wise-lending"", ""returnedFunds"": null, ""source"": """", ""targetType"": ""DeFi Protocol"", ""technique"": ""Flashloan Exploit""}"
defillama:hacks,defillama_2972,Steadefi,2023-08-08,1157000,Ethereum,Protocol Logic,Deployer Wallet Compromised,DeFi Protocol,,False,,,2972,False,blocked_missing_transaction_hash,Find canonical exploit transaction hash and chain before benchmark consideration.,"{""amount"": 1157000, ""bridgeHack"": false, ""chain"": [""Ethereum""], ""classification"": ""Protocol Logic"", ""date"": 1691452800, ""defillamaId"": 2972, ""language"": null, ""name"": ""Steadefi"", ""returnedFunds"": null, ""source"": """", ""targetType"": ""DeFi Protocol"", ""technique"": ""Deployer Wallet Compromised""}"
defillama:hacks,2022-01-18_crypto_com,Crypto.com,2022-01-18,33700000,Ethereum|Bitcoin,Infrastructure,Private Key Compromised (Unknown Method),CEX,,False,,,,False,blocked_missing_transaction_hash,Find canonical exploit transaction hash and chain before benchmark consideration.,"{""amount"": 33700000, ""bridgeHack"": false, ""chain"": [""Ethereum"", ""Bitcoin""], ""classification"": ""Infrastructure"", ""date"": 1642464000, ""defillamaId"": null, ""language"": null, ""name"": ""Crypto.com"", ""returnedFunds"": null, ""source"": """", ""targetType"": ""CEX"", ""technique"": ""Private Key Compromised (Unknown Method)""}"
defillama:hacks,2025-12-11_0g_labs,0G Labs,2025-12-11,516000,0G,Protocol Logic,emergencyWithdraw Function Exploit,DeFi Protocol,Solidity,False,,,,False,blocked_missing_transaction_hash,Find canonical exploit transaction hash and chain before benchmark consideration.,"{""amount"": 516000, ""bridgeHack"": false, ""chain"": [""0G""], ""classification"": ""Protocol Logic"", ""date"": 1765411200, ""defillamaId"": null, ""language"": ""Solidity"", ""name"": ""0G Labs"", ""returnedFunds"": null, ""source"": """", ""targetType"": ""DeFi Protocol"", ""technique"": ""emergencyWithdraw Function Exploit""}"
defillama:hacks,defillama_2249,Dexible V2,2023-02-20,2000000,Ethereum|Arbitrum,Protocol Logic,Arbitrary External Call,DeFi Protocol,Solidity,False,,,2249,False,blocked_missing_transaction_hash,Find canonical exploit transaction hash and chain before benchmark consideration.,"{""amount"": 2000000, ""bridgeHack"": false, ""chain"": [""Ethereum"", ""Arbitrum""], ""classification"": ""Protocol Logic"", ""date"": 1676851200, ""defillamaId"": 2249, ""language"": ""Solidity"", ""name"": ""Dexible V2"", ""returnedFunds"": null, ""source"": """", ""targetType"": ""DeFi Protocol"", ""technique"": ""Arbitrary External Call""}"
defillama:hacks,defillama_197,Ooki,2020-02-15,350000,Ethereum,Protocol Logic,Flashloan Slippage Attack,DeFi Protocol,,False,,,197,False,blocked_missing_transaction_hash,Find canonical exploit transaction hash and chain before benchmark consideration.,"{""amount"": 350000, ""bridgeHack"": false, ""chain"": [""Ethereum""], ""classification"": ""Protocol Logic"", ""date"": 1581724800, ""defillamaId"": 197, ""language"": null, ""name"": ""Ooki"", ""returnedFunds"": null, ""source"": """", ""targetType"": ""DeFi Protocol"", ""technique"": ""Flashloan Slippage Attack""}"
defillama:hacks,defillama_2697,Bond Protocol,2022-10-21,300000,Ethereum,Protocol Logic,Arbitrary External Call,DeFi Protocol,Solidity,False,,,2697,False,blocked_missing_transaction_hash,Find canonical exploit transaction hash and chain before benchmark consideration.,"{""amount"": 300000, ""bridgeHack"": false, ""chain"": [""Ethereum""], ""classification"": ""Protocol Logic"", ""date"": 1666310400, ""defillamaId"": 2697, ""language"": ""Solidity"", ""name"": ""Bond Protocol"", ""returnedFunds"": null, ""source"": """", ""targetType"": ""DeFi Protocol"", ""technique"": ""Arbitrary External Call""}"
defillama:hacks,defillama_1541,Portal,2022-02-02,326000000,Solana,Protocol Logic,Signature Exploit,DeFi Protocol,Rust,True,326000000,,1541,False,blocked_missing_transaction_hash,Find canonical exploit transaction hash and chain before benchmark consideration.,"{""amount"": 326000000, ""bridgeHack"": true, ""chain"": [""Solana""], ""classification"": ""Protocol Logic"", ""date"": 1643760000, ""defillamaId"": 1541, ""language"": ""Rust"", ""name"": ""Portal"", ""returnedFunds"": 326000000, ""source"": """", ""targetType"": ""DeFi Protocol"", ""technique"": ""Signature Exploit""}"
defillama:hacks,defillama_6288,Meteora DAMM V2,2026-01-17,1500000,Solana,Infrastructure,Fake OTC Deal,DeFi Protocol,Rust,False,,,6288,False,blocked_missing_transaction_hash,Find canonical exploit transaction hash and chain before benchmark consideration.,"{""amount"": 1500000, ""bridgeHack"": false, ""chain"": [""Solana""], ""classification"": ""Infrastructure"", ""date"": 1768608000, ""defillamaId"": 6288, ""language"": ""Rust"", ""name"": ""Meteora DAMM V2"", ""parentProtocolId"": ""parent#meteora"", ""returnedFunds"": null, ""source"": """", ""targetType"": ""DeFi Protocol"", ""technique"": ""Fake OTC Deal""}"
defillama:hacks,defillama_489,Moola Market,2022-10-18,8400000,Celo,Ecosystem,Price Oracle Attack,DeFi Protocol,Solidity,False,,,489,False,blocked_missing_transaction_hash,Find canonical exploit transaction hash and chain before benchmark consideration.,"{""amount"": 8400000, ""bridgeHack"": false, ""chain"": [""Celo""], ""classification"": ""Ecosystem"", ""date"": 1666051200, ""defillamaId"": 489, ""language"": ""Solidity"", ""name"": ""Moola Market"", ""returnedFunds"": null, ""source"": """", ""targetType"": ""DeFi Protocol"", ""technique"": ""Price Oracle Attack""}"
defillama:hacks,defillama_228,FutureSwap,2025-12-16,270000,Ethereum,Protocol Logic,Flashloan Governance Attack,DeFi Protocol,Solidity,False,,,228,False,blocked_missing_transaction_hash,Find canonical exploit transaction hash and chain before benchmark consideration.,"{""amount"": 270000, ""bridgeHack"": false, ""chain"": [""Ethereum""], ""classification"": ""Protocol Logic"", ""date"": 1765843200, ""defillamaId"": 228, ""language"": ""Solidity"", ""name"": ""FutureSwap"", ""returnedFunds"": null, ""source"": """", ""targetType"": ""DeFi Protocol"", ""technique"": ""Flashloan Governance Attack""}"
defillama:hacks,defillama_970,Drift Trade,2022-05-11,14500000,Solana,Protocol Logic,realized PnL withdrawal bug,DeFi Protocol,Rust,False,14500000,,970,False,blocked_missing_transaction_hash,Find canonical exploit transaction hash and chain before benchmark consideration.,"{""amount"": 14500000, ""bridgeHack"": false, ""chain"": [""Solana""], ""classification"": ""Protocol Logic"", ""date"": 1652227200, ""defillamaId"": 970, ""language"": ""Rust"", ""name"": ""Drift Trade"", ""parentProtocolId"": ""parent#drift"", ""returnedFunds"": 14500000, ""source"": """", ""targetType"": ""DeFi Protocol"", ""technique"": ""realized PnL withdrawal bug""}"
defillama:hacks,2026-03-22_cyrus_finance,Cyrus Finance,2026-03-22,5000000,BSC,Protocol Logic,Flashloan Pool Shares Exploit,DeFi Protocol,Solidity,False,,,,False,blocked_missing_transaction_hash,Find canonical exploit transaction hash and chain before benchmark consideration.,"{""amount"": 5000000, ""bridgeHack"": false, ""chain"": [""BSC""], ""classification"": ""Protocol Logic"", ""date"": 1774137600, ""defillamaId"": null, ""language"": ""Solidity"", ""name"": ""Cyrus Finance"", ""returnedFunds"": null, ""source"": """", ""targetType"": ""DeFi Protocol"", ""technique"": ""Flashloan Pool Shares Exploit""}"
defillama:hacks,defillama_165,Cover Protocol,2020-12-29,9400000,Ethereum,Protocol Logic,Incentives Function Mistake,DeFi Protocol,Solidity,False,,,165,False,blocked_missing_transaction_hash,Find canonical exploit transaction hash and chain before benchmark consideration.,"{""amount"": 9400000, ""bridgeHack"": false, ""chain"": [""Ethereum""], ""classification"": ""Protocol Logic"", ""date"": 1609200000, ""defillamaId"": 165, ""language"": ""Solidity"", ""name"": ""Cover Protocol"", ""returnedFunds"": null, ""source"": """", ""targetType"": ""DeFi Protocol"", ""technique"": ""Incentives Function Mistake""}"
defillama:hacks,2025-11-23_port3_network,Port3 Network,2025-11-23,166000,BSC,Protocol Logic,Infinite Mint and Dump,DeFi Protocol,Solidity,False,,,,False,blocked_missing_transaction_hash,Find canonical exploit transaction hash and chain before benchmark consideration.,"{""amount"": 166000, ""bridgeHack"": false, ""chain"": [""BSC""], ""classification"": ""Protocol Logic"", ""date"": 1763856000, ""defillamaId"": null, ""language"": ""Solidity"", ""name"": ""Port3 Network"", ""returnedFunds"": null, ""source"": """", ""targetType"": ""DeFi Protocol"", ""technique"": ""Infinite Mint and Dump""}"
defillama:hacks,2021-09-15_nowswap,NowSwap,2021-09-15,1000000,Ethereum,Protocol Logic,Inconsistent Value in Code,DeFi Protocol,Solidity,False,,,,False,blocked_missing_transaction_hash,Find canonical exploit transaction hash and chain before benchmark consideration.,"{""amount"": 1000000, ""bridgeHack"": false, ""chain"": [""Ethereum""], ""classification"": ""Protocol Logic"", ""date"": 1631664000, ""defillamaId"": null, ""language"": ""Solidity"", ""name"": ""NowSwap"", ""returnedFunds"": null, ""source"": """", ""targetType"": ""DeFi Protocol"", ""technique"": ""Inconsistent Value in Code""}"
defillama:hacks,2024-04-24_xbridge,XBridge,2024-04-24,1800000,Ethereum|BSC,Infrastructure,,DeFi Protocol,Solidity,True,,,,False,blocked_missing_transaction_hash,Find canonical exploit transaction hash and chain before benchmark consideration.,"{""amount"": 1800000, ""bridgeHack"": true, ""chain"": [""Ethereum"", ""BSC""], ""classification"": ""Infrastructure"", ""date"": 1713916800, ""defillamaId"": null, ""language"": ""Solidity"", ""name"": ""XBridge"", ""returnedFunds"": null, ""source"": """", ""targetType"": ""DeFi Protocol"", ""technique"": null}"
defillama:hacks,defillama_4956,Echo Bridge,2026-05-18,821000,Monad,Infrastructure,Private Key Compromised,DeFi Protocol,Solidity,True,,,4956,False,blocked_missing_transaction_hash,Find canonical exploit transaction hash and chain before benchmark consideration.,"{""amount"": 821000, ""bridgeHack"": true, ""chain"": [""Monad""], ""classification"": ""Infrastructure"", ""date"": 1779062400, ""defillamaId"": 4956, ""language"": ""Solidity"", ""name"": ""Echo Bridge"", ""parentProtocolId"": ""parent#echo-protocol"", ""returnedFunds"": null, ""source"": """", ""targetType"": ""DeFi Protocol"", ""technique"": ""Private Key Compromised""}"
defillama:hacks,2022-02-01_bns,BNS,2022-02-01,7500000,,Infrastructure,Private Key Compromised (Unknown Method),CEX,,False,,,,False,blocked_missing_transaction_hash,Find canonical exploit transaction hash and chain before benchmark consideration.,"{""amount"": 7500000, ""bridgeHack"": false, ""chain"": [], ""classification"": ""Infrastructure"", ""date"": 1643673600, ""defillamaId"": null, ""language"": null, ""name"": ""BNS"", ""returnedFunds"": null, ""source"": """", ""targetType"": ""CEX"", ""technique"": ""Private Key Compromised (Unknown Method)""}"
defillama:hacks,2023-09-12_coinex,CoinEx,2023-09-12,55000000,Ethereum|BSC|Bitcoin|Tron|Kadena|Solana|Dagger|XRP|BitcoinCash|Polygon|Stellar|Arbitrum,Infrastructure,Private Key Compromised (Unknown Method),CEX,,False,,,,False,blocked_missing_transaction_hash,Find canonical exploit transaction hash and chain before benchmark consideration.,"{""amount"": 55000000, ""bridgeHack"": false, ""chain"": [""Ethereum"", ""BSC"", ""Bitcoin"", ""Tron"", ""Kadena"", ""Solana"", ""Dagger"", ""XRP"", ""BitcoinCash"", ""Polygon"", ""Stellar"", ""Arbitrum""], ""classification"": ""Infrastructure"", ""date"": 1694476800, ""defillamaId"": null, ""language"": null, ""name"": ""CoinEx"", ""returnedFunds"": null, ""source"": """", ""targetType"": ""CEX"", ""technique"": ""Private Key Compromised (Unknown Method)""}"
defillama:hacks,2025-04-15_zksync,ZKsync,2025-04-15,5000000,zkSync Era,Infrastructure,Private Key Compromised (Unknown Method),Other,Vyper,False,,,,False,blocked_missing_transaction_hash,Find canonical exploit transaction hash and chain before benchmark consideration.,"{""amount"": 5000000, ""bridgeHack"": false, ""chain"": [""zkSync Era""], ""classification"": ""Infrastructure"", ""date"": 1744675200, ""defillamaId"": null, ""language"": ""Vyper"", ""name"": ""ZKsync"", ""returnedFunds"": null, ""source"": """", ""targetType"": ""Other"", ""technique"": ""Private Key Compromised (Unknown Method)""}"
defillama:hacks,defillama_3422,Orange Finance,2025-01-08,840000,Arbitrum,Infrastructure,Private Key Compromised (Unknown Method),DeFi Protocol,Solidity,False,,,3422,False,blocked_missing_transaction_hash,Find canonical exploit transaction hash and chain before benchmark consideration.,"{""amount"": 840000, ""bridgeHack"": false, ""chain"": [""Arbitrum""], ""classification"": ""Infrastructure"", ""date"": 1736294400, ""defillamaId"": 3422, ""language"": ""Solidity"", ""name"": ""Orange Finance"", ""returnedFunds"": null, ""source"": """", ""targetType"": ""DeFi Protocol"", ""technique"": ""Private Key Compromised (Unknown Method)""}"
defillama:hacks,2024-10-18_tapioca_dao,Tapioca DAO,2024-10-18,4700000,Arbitrum,Protocol Logic,Private Key Compromised (Social Engineering),DeFi Protocol,Solidity,False,,,,False,blocked_missing_transaction_hash,Find canonical exploit transaction hash and chain before benchmark consideration.,"{""amount"": 4700000, ""bridgeHack"": false, ""chain"": [""Arbitrum""], ""classification"": ""Protocol Logic"", ""date"": 1729209600, ""defillamaId"": null, ""language"": ""Solidity"", ""name"": ""Tapioca DAO"", ""returnedFunds"": null, ""source"": """", ""targetType"": ""DeFi Protocol"", ""technique"": ""Private Key Compromised (Social Engineering)""}"
defillama:hacks,defillama_4336,Kinto Bridge,2025-07-10,1550000,Arbitrum,Protocol Logic,ERC1967Proxy Backdoor Hijack,DeFi Protocol,Solidity,False,,,4336,False,blocked_missing_transaction_hash,Find canonical exploit transaction hash and chain before benchmark consideration.,"{""amount"": 1550000, ""bridgeHack"": false, ""chain"": [""Arbitrum""], ""classification"": ""Protocol Logic"", ""date"": 1752105600, ""defillamaId"": 4336, ""language"": ""Solidity"", ""name"": ""Kinto Bridge"", ""parentProtocolId"": ""parent#kinto"", ""returnedFunds"": null, ""source"": """", ""targetType"": ""DeFi Protocol"", ""technique"": ""ERC1967Proxy Backdoor Hijack""}"
defillama:hacks,2026-04-12_subquery_network,SubQuery Network,2026-04-12,60000,Base,Protocol Logic,Acces Control Exploit,DeFi Protocol,Solidity,False,,,,False,blocked_missing_transaction_hash,Find canonical exploit transaction hash and chain before benchmark consideration.,"{""amount"": 60000, ""bridgeHack"": false, ""chain"": [""Base""], ""classification"": ""Protocol Logic"", ""date"": 1775952000, ""defillamaId"": null, ""language"": ""Solidity"", ""name"": ""SubQuery Network"", ""returnedFunds"": null, ""source"": """", ""targetType"": ""DeFi Protocol"", ""technique"": ""Acces Control Exploit""}"
defillama:hacks,defillama_4620,SolvBTC,2026-03-06,2700000,Ethereum,Protocol Logic,Mint Reserves Logic Exploit,DeFi Protocol,Solidity,True,,,4620,False,blocked_missing_transaction_hash,Find canonical exploit transaction hash and chain before benchmark consideration.,"{""amount"": 2700000, ""bridgeHack"": true, ""chain"": [""Ethereum""], ""classification"": ""Protocol Logic"", ""date"": 1772755200, ""defillamaId"": 4620, ""language"": ""Solidity"", ""name"": ""SolvBTC"", ""parentProtocolId"": ""parent#solv-protocol"", ""returnedFunds"": null, ""source"": """", ""targetType"": ""DeFi Protocol"", ""technique"": ""Mint Reserves Logic Exploit""}"
defillama:hacks,2026-01-08_truebit,Truebit,2026-01-08,26400000,Ethereum,Protocol Logic,Bonding Curve Exploit,DeFi Protocol,Solidity,False,,,,False,blocked_missing_transaction_hash,Find canonical exploit transaction hash and chain before benchmark consideration.,"{""amount"": 26400000, ""bridgeHack"": false, ""chain"": [""Ethereum""], ""classification"": ""Protocol Logic"", ""date"": 1767830400, ""defillamaId"": null, ""language"": ""Solidity"", ""name"": ""Truebit"", ""returnedFunds"": null, ""source"": """", ""targetType"": ""DeFi Protocol"", ""technique"": ""Bonding Curve Exploit""}"
defillama:hacks,defillama_127,KyberSwap Classic,2022-09-01,265000,Polygon,Infrastructure,Cloudflare Key Compromised,DeFi Protocol,,False,,,127,False,blocked_missing_transaction_hash,Find canonical exploit transaction hash and chain before benchmark consideration.,"{""amount"": 265000, ""bridgeHack"": false, ""chain"": [""Polygon""], ""classification"": ""Infrastructure"", ""date"": 1661990400, ""defillamaId"": 127, ""language"": null, ""name"": ""KyberSwap Classic"", ""parentProtocolId"": ""parent#kyberswap"", ""returnedFunds"": null, ""source"": """", ""targetType"": ""DeFi Protocol"", ""technique"": ""Cloudflare Key Compromised""}"
defillama:hacks,2022-11-02_skyward_finance,Skyward Finance,2022-11-02,3000000,Near,Protocol Logic,Reentrancy,DeFi Protocol,Rust,False,,,,False,blocked_missing_transaction_hash,Find canonical exploit transaction hash and chain before benchmark consideration.,"{""amount"": 3000000, ""bridgeHack"": false, ""chain"": [""Near""], ""classification"": ""Protocol Logic"", ""date"": 1667347200, ""defillamaId"": null, ""language"": ""Rust"", ""name"": ""Skyward Finance"", ""returnedFunds"": null, ""source"": """", ""targetType"": ""DeFi Protocol"", ""technique"": ""Reentrancy""}"
defillama:hacks,defillama_2385,Exactly,2023-08-18,7200000,Optimism,Protocol Logic,DebtManager Exploit,DeFi Protocol,Solidity,False,,,2385,False,blocked_missing_transaction_hash,Find canonical exploit transaction hash and chain before benchmark consideration.,"{""amount"": 7200000, ""bridgeHack"": false, ""chain"": [""Optimism""], ""classification"": ""Protocol Logic"", ""date"": 1692316800, ""defillamaId"": 2385, ""language"": ""Solidity"", ""name"": ""Exactly"", ""returnedFunds"": null, ""source"": """", ""targetType"": ""DeFi Protocol"", ""technique"": ""DebtManager Exploit""}"
defillama:hacks,2025-11-26_upbit,Upbit,2025-11-26,36000000,Solana,Infrastructure,Private Key Compromised,CEX,,False,,,,False,blocked_missing_transaction_hash,Find canonical exploit transaction hash and chain before benchmark consideration.,"{""amount"": 36000000, ""bridgeHack"": false, ""chain"": [""Solana""], ""classification"": ""Infrastructure"", ""date"": 1764115200, ""defillamaId"": null, ""language"": null, ""name"": ""Upbit"", ""returnedFunds"": null, ""source"": """", ""targetType"": ""CEX"", ""technique"": ""Private Key Compromised""}"
defillama:hacks,defillama_585,Popsicle Finance,2021-08-03,20000000,Ethereum,Ecosystem,Flashloan Incentive Rewards Exploit,DeFi Protocol,Solidity,False,,,585,False,blocked_missing_transaction_hash,Find canonical exploit transaction hash and chain before benchmark consideration.,"{""amount"": 20000000, ""bridgeHack"": false, ""chain"": [""Ethereum""], ""classification"": ""Ecosystem"", ""date"": 1627948800, ""defillamaId"": 585, ""language"": ""Solidity"", ""name"": ""Popsicle Finance"", ""returnedFunds"": null, ""source"": """", ""targetType"": ""DeFi Protocol"", ""technique"": ""Flashloan Incentive Rewards Exploit""}"
defillama:hacks,defillama_516,Qubit,2022-01-28,80000000,BSC,Protocol Logic,Transfer Logic Exploit,DeFi Protocol,Solidity,True,,,516,False,blocked_missing_transaction_hash,Find canonical exploit transaction hash and chain before benchmark consideration.,"{""amount"": 80000000, ""bridgeHack"": true, ""chain"": [""BSC""], ""classification"": ""Protocol Logic"", ""date"": 1643328000, ""defillamaId"": 516, ""language"": ""Solidity"", ""name"": ""Qubit"", ""returnedFunds"": null, ""source"": """", ""targetType"": ""DeFi Protocol"", ""technique"": ""Transfer Logic Exploit""}"
defillama:hacks,2023-08-02_bald,Bald,2023-08-02,23000000,Base,Rugpull,Drained Liquidity Pool,DeFi Protocol,,False,,,,False,blocked_missing_transaction_hash,Find canonical exploit transaction hash and chain before benchmark consideration.,"{""amount"": 23000000, ""bridgeHack"": false, ""chain"": [""Base""], ""classification"": ""Rugpull"", ""date"": 1690934400, ""defillamaId"": null, ""language"": null, ""name"": ""Bald"", ""returnedFunds"": null, ""source"": """", ""targetType"": ""DeFi Protocol"", ""technique"": ""Drained Liquidity Pool""}"
defillama:hacks,2025-08-12_odin_fun,Odin.Fun,2025-08-12,7000000,ICP,Protocol Logic,Liquidity Manipulation Exploit,DeFi Protocol,Motoko,False,,,,False,blocked_missing_transaction_hash,Find canonical exploit transaction hash and chain before benchmark consideration.,"{""amount"": 7000000, ""bridgeHack"": false, ""chain"": [""ICP""], ""classification"": ""Protocol Logic"", ""date"": 1754956800, ""defillamaId"": null, ""language"": ""Motoko"", ""name"": ""Odin.Fun"", ""returnedFunds"": null, ""source"": """", ""targetType"": ""DeFi Protocol"", ""technique"": ""Liquidity Manipulation Exploit""}"
defillama:hacks,defillama_4095,OcelotDex,2024-09-20,4900000,Ethereum,Protocol Logic,Infinite Mint and Dump,DeFi Protocol,Solidity,False,,,4095,False,blocked_missing_transaction_hash,Find canonical exploit transaction hash and chain before benchmark consideration.,"{""amount"": 4900000, ""bridgeHack"": false, ""chain"": [""Ethereum""], ""classification"": ""Protocol Logic"", ""date"": 1726790400, ""defillamaId"": 4095, ""language"": ""Solidity"", ""name"": ""OcelotDex"", ""returnedFunds"": null, ""source"": """", ""targetType"": ""DeFi Protocol"", ""technique"": ""Infinite Mint and Dump""}"
defillama:hacks,defillama_1115,Tectonic,2024-02-22,250000,Cronos,Protocol Logic,Flashloan New Market Exploit,DeFi Protocol,Solidity,False,,,1115,False,blocked_missing_transaction_hash,Find canonical exploit transaction hash and chain before benchmark consideration.,"{""amount"": 250000, ""bridgeHack"": false, ""chain"": [""Cronos""], ""classification"": ""Protocol Logic"", ""date"": 1708560000, ""defillamaId"": 1115, ""language"": ""Solidity"", ""name"": ""Tectonic"", ""returnedFunds"": null, ""source"": """", ""targetType"": ""DeFi Protocol"", ""technique"": ""Flashloan New Market Exploit""}"
defillama:hacks,defillama_401,ApeRocket,2021-07-14,1260000,BSC,Ecosystem,Flashloan Incentive Rewards Exploit,DeFi Protocol,,False,,,401,False,blocked_missing_transaction_hash,Find canonical exploit transaction hash and chain before benchmark consideration.,"{""amount"": 1260000, ""bridgeHack"": false, ""chain"": [""BSC""], ""classification"": ""Ecosystem"", ""date"": 1626220800, ""defillamaId"": 401, ""language"": null, ""name"": ""ApeRocket"", ""returnedFunds"": null, ""source"": """", ""targetType"": ""DeFi Protocol"", ""technique"": ""Flashloan Incentive Rewards Exploit""}"
defillama:hacks,defillama_948,MonoX,2021-11-30,31400000,Ethereum|Polygon,Protocol Logic,Swap Function Exploit,DeFi Protocol,Solidity,False,,,948,False,blocked_missing_transaction_hash,Find canonical exploit transaction hash and chain before benchmark consideration.,"{""amount"": 31400000, ""bridgeHack"": false, ""chain"": [""Ethereum"", ""Polygon""], ""classification"": ""Protocol Logic"", ""date"": 1638230400, ""defillamaId"": 948, ""language"": ""Solidity"", ""name"": ""MonoX"", ""returnedFunds"": null, ""source"": """", ""targetType"": ""DeFi Protocol"", ""technique"": ""Swap Function Exploit""}"
defillama:hacks,defillama_6298,Hyperdrive HL,2025-09-27,773000,Hyperliquid L1,Protocol Logic,Router Exploit,DeFi Protocol,Solidity,False,,,6298,False,blocked_missing_transaction_hash,Find canonical exploit transaction hash and chain before benchmark consideration.,"{""amount"": 773000, ""bridgeHack"": false, ""chain"": [""Hyperliquid L1""], ""classification"": ""Protocol Logic"", ""date"": 1758931200, ""defillamaId"": 6298, ""language"": ""Solidity"", ""name"": ""Hyperdrive HL"", ""returnedFunds"": null, ""source"": """", ""targetType"": ""DeFi Protocol"", ""technique"": ""Router Exploit""}"
defillama:hacks,defillama_2706,Radiant V2,2024-10-16,53000000,BSC|Arbitrum,Protocol Logic,Access Control Exploit,DeFi Protocol,Solidity,False,,,2706,False,blocked_missing_transaction_hash,Find canonical exploit transaction hash and chain before benchmark consideration.,"{""amount"": 53000000, ""bridgeHack"": false, ""chain"": [""BSC"", ""Arbitrum""], ""classification"": ""Protocol Logic"", ""date"": 1729036800, ""defillamaId"": 2706, ""language"": ""Solidity"", ""name"": ""Radiant V2"", ""parentProtocolId"": ""parent#radiant"", ""returnedFunds"": null, ""source"": """", ""targetType"": ""DeFi Protocol"", ""technique"": ""Access Control Exploit""}"
defillama:hacks,2025-09-24_sbi_crypto,SBI Crypto,2025-09-24,24000000,Bitcoin|Ethereum|Litecoin|Doge|BitcoinCash,Infrastructure,,Other,,False,,,,False,blocked_missing_transaction_hash,Find canonical exploit transaction hash and chain before benchmark consideration.,"{""amount"": 24000000, ""bridgeHack"": false, ""chain"": [""Bitcoin"", ""Ethereum"", ""Litecoin"", ""Doge"", ""BitcoinCash""], ""classification"": ""Infrastructure"", ""date"": 1758672000, ""defillamaId"": null, ""language"": null, ""name"": ""SBI Crypto"", ""returnedFunds"": null, ""source"": """", ""targetType"": ""Other"", ""technique"": null}"
defillama:hacks,defillama_347,Abracadabra Spell,2025-10-04,1700000,Ethereum,Protocol Logic,Sequential State Manipulation Exploit,DeFi Protocol,Solidity,False,,,347,False,blocked_missing_transaction_hash,Find canonical exploit transaction hash and chain before benchmark consideration.,"{""amount"": 1700000, ""bridgeHack"": false, ""chain"": [""Ethereum""], ""classification"": ""Protocol Logic"", ""date"": 1759536000, ""defillamaId"": 347, ""language"": ""Solidity"", ""name"": ""Abracadabra Spell"", ""parentProtocolId"": ""parent#abracadabra"", ""returnedFunds"": null, ""source"": """", ""targetType"": ""DeFi Protocol"", ""technique"": ""Sequential State Manipulation Exploit""}"
defillama:hacks,2025-09-01_olaxbt,OlaXBT,2025-09-01,2000000,BSC,Ecosystem,Multisig wallet Social Engineering Exploit,DeFi Protocol,Solidity,False,,,,False,blocked_missing_transaction_hash,Find canonical exploit transaction hash and chain before benchmark consideration.,"{""amount"": 2000000, ""bridgeHack"": false, ""chain"": [""BSC""], ""classification"": ""Ecosystem"", ""date"": 1756684800, ""defillamaId"": null, ""language"": ""Solidity"", ""name"": ""OlaXBT"", ""returnedFunds"": null, ""source"": """", ""targetType"": ""DeFi Protocol"", ""technique"": ""Multisig wallet Social Engineering Exploit""}"
defillama:hacks,2021-04-19_easyfi,EasyFi,2021-04-19,59000000,Polygon,Infrastructure,Private Key Compromised (Unknown Method),DeFi Protocol,,False,,,,False,blocked_missing_transaction_hash,Find canonical exploit transaction hash and chain before benchmark consideration.,"{""amount"": 59000000, ""bridgeHack"": false, ""chain"": [""Polygon""], ""classification"": ""Infrastructure"", ""date"": 1618790400, ""defillamaId"": null, ""language"": null, ""name"": ""EasyFi"", ""returnedFunds"": null, ""source"": """", ""targetType"": ""DeFi Protocol"", ""technique"": ""Private Key Compromised (Unknown Method)""}"
defillama:hacks,2022-10-06_binance_bridge,Binance Bridge,2022-10-06,570000000,BSC,Protocol Logic,Proof Verifier Bug,DeFi Protocol,,True,,,,False,blocked_missing_transaction_hash,Find canonical exploit transaction hash and chain before benchmark consideration.,"{""amount"": 570000000, ""bridgeHack"": true, ""chain"": [""BSC""], ""classification"": ""Protocol Logic"", ""date"": 1665014400, ""defillamaId"": null, ""language"": null, ""name"": ""Binance Bridge"", ""returnedFunds"": null, ""source"": """", ""targetType"": ""DeFi Protocol"", ""technique"": ""Proof Verifier Bug""}"
defillama:hacks,defillama_1925,Midas Capital,2023-01-17,660000,Polygon,Ecosystem,Flashloan Reentrancy Attack,DeFi Protocol,Solidity,False,,,1925,False,blocked_missing_transaction_hash,Find canonical exploit transaction hash and chain before benchmark consideration.,"{""amount"": 660000, ""bridgeHack"": false, ""chain"": [""Polygon""], ""classification"": ""Ecosystem"", ""date"": 1673913600, ""defillamaId"": 1925, ""language"": ""Solidity"", ""name"": ""Midas Capital"", ""returnedFunds"": null, ""source"": """", ""targetType"": ""DeFi Protocol"", ""technique"": ""Flashloan Reentrancy Attack""}"
defillama:hacks,defillama_1085,Thetanuts Finance,2026-04-20,50000,Ethereum,Protocol Logic,First Depositor Attack,DeFi Protocol,Solidity,False,,,1085,False,blocked_missing_transaction_hash,Find canonical exploit transaction hash and chain before benchmark consideration.,"{""amount"": 50000, ""bridgeHack"": false, ""chain"": [""Ethereum""], ""classification"": ""Protocol Logic"", ""date"": 1776643200, ""defillamaId"": 1085, ""language"": ""Solidity"", ""name"": ""Thetanuts Finance"", ""returnedFunds"": null, ""source"": """", ""targetType"": ""DeFi Protocol"", ""technique"": ""First Depositor Attack""}"
defillama:hacks,defillama_5109,Dough Finance,2024-07-12,1960000,Ethereum,Protocol Logic,Unvalidated call data exploit,DeFi Protocol,Solidity,False,,,5109,False,blocked_missing_transaction_hash,Find canonical exploit transaction hash and chain before benchmark consideration.,"{""amount"": 1960000, ""bridgeHack"": false, ""chain"": [""Ethereum""], ""classification"": ""Protocol Logic"", ""date"": 1720742400, ""defillamaId"": 5109, ""language"": ""Solidity"", ""name"": ""Dough Finance"", ""returnedFunds"": null, ""source"": """", ""targetType"": ""DeFi Protocol"", ""technique"": ""Unvalidated call data exploit""}"
defillama:hacks,defillama_2517,ParaSpace Lending V1,2023-03-17,5000000,Ethereum,Protocol Logic,Borrow Logic Exploit,NFTfi,Solidity,False,5000000,,2517,False,blocked_missing_transaction_hash,Find canonical exploit transaction hash and chain before benchmark consideration.,"{""amount"": 5000000, ""bridgeHack"": false, ""chain"": [""Ethereum""], ""classification"": ""Protocol Logic"", ""date"": 1679011200, ""defillamaId"": 2517, ""language"": ""Solidity"", ""name"": ""ParaSpace Lending V1"", ""returnedFunds"": 5000000, ""source"": """", ""targetType"": ""NFTfi"", ""technique"": ""Borrow Logic Exploit""}"
defillama:hacks,2024-03-29_solareum,Solareum,2024-03-29,1400000,Solana,Infrastructure,Private Key Compromised (Social Engineering),DeFi Protocol,Move,False,,,,False,blocked_missing_transaction_hash,Find canonical exploit transaction hash and chain before benchmark consideration.,"{""amount"": 1400000, ""bridgeHack"": false, ""chain"": [""Solana""], ""classification"": ""Infrastructure"", ""date"": 1711670400, ""defillamaId"": null, ""language"": ""Move"", ""name"": ""Solareum"", ""returnedFunds"": null, ""source"": """", ""targetType"": ""DeFi Protocol"", ""technique"": ""Private Key Compromised (Social Engineering)""}"
defillama:hacks,2025-09-12_kame_aggregator,Kame Aggregator,2025-09-12,1300000,Sei,Protocol Logic,swap() Function Flaw,DeFi Protocol,,False,,,,False,blocked_missing_transaction_hash,Find canonical exploit transaction hash and chain before benchmark consideration.,"{""amount"": 1300000, ""bridgeHack"": false, ""chain"": [""Sei""], ""classification"": ""Protocol Logic"", ""date"": 1757635200, ""defillamaId"": null, ""language"": null, ""name"": ""Kame Aggregator"", ""returnedFunds"": null, ""source"": """", ""targetType"": ""DeFi Protocol"", ""technique"": ""swap() Function Flaw""}"
defillama:hacks,2026-04-28_quant,Quant,2026-04-28,138000,Ethereum,Protocol Logic,Access Control Exploit,Token,Solidity,False,,,,False,blocked_missing_transaction_hash,Find canonical exploit transaction hash and chain before benchmark consideration.,"{""amount"": 138000, ""bridgeHack"": false, ""chain"": [""Ethereum""], ""classification"": ""Protocol Logic"", ""date"": 1777334400, ""defillamaId"": null, ""language"": ""Solidity"", ""name"": ""Quant"", ""returnedFunds"": null, ""source"": """", ""targetType"": ""Token"", ""technique"": ""Access Control Exploit""}"
defillama:hacks,2025-02-18_cardex,Cardex,2025-02-18,400000,Abstract,Infrastructure,Private Key Compromised (Session signer),DeFi Protocol,Solidity,False,,,,False,blocked_missing_transaction_hash,Find canonical exploit transaction hash and chain before benchmark consideration.,"{""amount"": 400000, ""bridgeHack"": false, ""chain"": [""Abstract""], ""classification"": ""Infrastructure"", ""date"": 1739836800, ""defillamaId"": null, ""language"": ""Solidity"", ""name"": ""Cardex"", ""returnedFunds"": null, ""source"": """", ""targetType"": ""DeFi Protocol"", ""technique"": ""Private Key Compromised (Session signer)""}"
defillama:hacks,defillama_4369,Munchables,2024-03-26,62500000,Blast,Protocol Logic,Storage Slot Exploit,Gaming,Solidity,False,,,4369,False,blocked_missing_transaction_hash,Find canonical exploit transaction hash and chain before benchmark consideration.,"{""amount"": 62500000, ""bridgeHack"": false, ""chain"": [""Blast""], ""classification"": ""Protocol Logic"", ""date"": 1711411200, ""defillamaId"": 4369, ""language"": ""Solidity"", ""name"": ""Munchables"", ""returnedFunds"": null, ""source"": """", ""targetType"": ""Gaming"", ""technique"": ""Storage Slot Exploit""}"
defillama:hacks,defillama_4440,Ronin Bridge,2022-03-23,624000000,Ethereum,Infrastructure,Private Key Compromised (Social Engineering),DeFi Protocol,,True,,,4440,False,blocked_missing_transaction_hash,Find canonical exploit transaction hash and chain before benchmark consideration.,"{""amount"": 624000000, ""bridgeHack"": true, ""chain"": [""Ethereum""], ""classification"": ""Infrastructure"", ""date"": 1647993600, ""defillamaId"": 4440, ""language"": null, ""name"": ""Ronin Bridge"", ""returnedFunds"": null, ""source"": """", ""targetType"": ""DeFi Protocol"", ""technique"": ""Private Key Compromised (Social Engineering)""}"
defillama:hacks,defillama_693,Superfluid,2022-02-08,8700000,Polygon,Protocol Logic,CTX Exploit,DeFi Protocol,Solidity,False,,,693,False,blocked_missing_transaction_hash,Find canonical exploit transaction hash and chain before benchmark consideration.,"{""amount"": 8700000, ""bridgeHack"": false, ""chain"": [""Polygon""], ""classification"": ""Protocol Logic"", ""date"": 1644278400, ""defillamaId"": 693, ""language"": ""Solidity"", ""name"": ""Superfluid"", ""returnedFunds"": null, ""source"": """", ""targetType"": ""DeFi Protocol"", ""technique"": ""CTX Exploit""}"
defillama:hacks,2023-08-09_earning_farm,Earning.Farm,2023-08-09,540000,Ethereum,Protocol Logic,Reentrancy,DeFi Protocol,Solidity,False,,,,False,blocked_missing_transaction_hash,Find canonical exploit transaction hash and chain before benchmark consideration.,"{""amount"": 540000, ""bridgeHack"": false, ""chain"": [""Ethereum""], ""classification"": ""Protocol Logic"", ""date"": 1691539200, ""defillamaId"": null, ""language"": ""Solidity"", ""name"": ""Earning.Farm"", ""returnedFunds"": null, ""source"": """", ""targetType"": ""DeFi Protocol"", ""technique"": ""Reentrancy""}"
defillama:hacks,defillama_2177,Fortress Loans,2022-05-08,3000000,BSC,Protocol Logic,Governance and Oracle Exploit,DeFi Protocol,Solidity,False,,,2177,False,blocked_missing_transaction_hash,Find canonical exploit transaction hash and chain before benchmark consideration.,"{""amount"": 3000000, ""bridgeHack"": false, ""chain"": [""BSC""], ""classification"": ""Protocol Logic"", ""date"": 1651968000, ""defillamaId"": 2177, ""language"": ""Solidity"", ""name"": ""Fortress Loans"", ""returnedFunds"": null, ""source"": """", ""targetType"": ""DeFi Protocol"", ""technique"": ""Governance and Oracle Exploit""}"
defillama:hacks,defillama_5952,Corepound,2025-09-23,430000,CORE,Rugpull,Drained Contracts,DeFi Protocol,,False,,,5952,False,blocked_missing_transaction_hash,Find canonical exploit transaction hash and chain before benchmark consideration.,"{""amount"": 430000, ""bridgeHack"": false, ""chain"": [""CORE""], ""classification"": ""Rugpull"", ""date"": 1758585600, ""defillamaId"": 5952, ""language"": null, ""name"": ""Corepound"", ""returnedFunds"": null, ""source"": """", ""targetType"": ""DeFi Protocol"", ""technique"": ""Drained Contracts""}"
defillama:hacks,defillama_212,Venus Core Pool,2025-03-29,902000,zkSync Era,Protocol Logic,Donation Attack,DeFi Protocol,Solidity,False,,,212,False,blocked_missing_transaction_hash,Find canonical exploit transaction hash and chain before benchmark consideration.,"{""amount"": 902000, ""bridgeHack"": false, ""chain"": [""zkSync Era""], ""classification"": ""Protocol Logic"", ""date"": 1743206400, ""defillamaId"": 212, ""language"": ""Solidity"", ""name"": ""Venus Core Pool"", ""parentProtocolId"": ""parent#venus-finance"", ""returnedFunds"": null, ""source"": """", ""targetType"": ""DeFi Protocol"", ""technique"": ""Donation Attack""}"
defillama:hacks,defillama_2339,Lodestar V0,2022-12-10,6900000,Arbitrum,Ecosystem,Flashloan Price Oracle Attack,DeFi Protocol,Solidity,False,,,2339,False,blocked_missing_transaction_hash,Find canonical exploit transaction hash and chain before benchmark consideration.,"{""amount"": 6900000, ""bridgeHack"": false, ""chain"": [""Arbitrum""], ""classification"": ""Ecosystem"", ""date"": 1670630400, ""defillamaId"": 2339, ""language"": ""Solidity"", ""name"": ""Lodestar V0"", ""parentProtocolId"": ""parent#lodestar-finance"", ""returnedFunds"": null, ""source"": """", ""targetType"": ""DeFi Protocol"", ""technique"": ""Flashloan Price Oracle Attack""}"
defillama:hacks,defillama_197,Ooki,2021-11-05,55000000,Polygon|BSC,Infrastructure,Private Key Compromised (Phishing),DeFi Protocol,,False,,,197,False,blocked_missing_transaction_hash,Find canonical exploit transaction hash and chain before benchmark consideration.,"{""amount"": 55000000, ""bridgeHack"": false, ""chain"": [""Polygon"", ""BSC""], ""classification"": ""Infrastructure"", ""date"": 1636070400, ""defillamaId"": 197, ""language"": null, ""name"": ""Ooki"", ""returnedFunds"": null, ""source"": """", ""targetType"": ""DeFi Protocol"", ""technique"": ""Private Key Compromised (Phishing)""}"
defillama:hacks,2024-07-16_lifi_finance,LiFi Finance,2024-07-16,9730000,zkSync Era|Linea|Metis,Protocol Logic,Router Exploit via Infinite Approvals,DeFi Protocol,Solidity,True,,,,False,blocked_missing_transaction_hash,Find canonical exploit transaction hash and chain before benchmark consideration.,"{""amount"": 9730000, ""bridgeHack"": true, ""chain"": [""zkSync Era"", ""Linea"", ""Metis""], ""classification"": ""Protocol Logic"", ""date"": 1721088000, ""defillamaId"": null, ""language"": ""Solidity"", ""name"": ""LiFi Finance"", ""returnedFunds"": null, ""source"": """", ""targetType"": ""DeFi Protocol"", ""technique"": ""Router Exploit via Infinite Approvals""}"
defillama:hacks,2024-06-13_holograph,Holograph,2024-06-13,6700000,Ethereum,Protocol Logic,Infinite Mint and Dump,DeFi Protocol,Solidity,False,,,,False,blocked_missing_transaction_hash,Find canonical exploit transaction hash and chain before benchmark consideration.,"{""amount"": 6700000, ""bridgeHack"": false, ""chain"": [""Ethereum""], ""classification"": ""Protocol Logic"", ""date"": 1718236800, ""defillamaId"": null, ""language"": ""Solidity"", ""name"": ""Holograph"", ""returnedFunds"": null, ""source"": """", ""targetType"": ""DeFi Protocol"", ""technique"": ""Infinite Mint and Dump""}"
defillama:hacks,defillama_159,Growth DeFi,2021-02-09,1300000,Ethereum,Ecosystem,Flashloan Price Oracle Attack,DeFi Protocol,Solidity,False,,,159,False,blocked_missing_transaction_hash,Find canonical exploit transaction hash and chain before benchmark consideration.,"{""amount"": 1300000, ""bridgeHack"": false, ""chain"": [""Ethereum""], ""classification"": ""Ecosystem"", ""date"": 1612828800, ""defillamaId"": 159, ""language"": ""Solidity"", ""name"": ""Growth DeFi"", ""returnedFunds"": null, ""source"": """", ""targetType"": ""DeFi Protocol"", ""technique"": ""Flashloan Price Oracle Attack""}"
defillama:hacks,2025-04-26_loopscale,Loopscale,2025-04-26,5800000,Solana,Protocol Logic,Price Oracle Manipulation,DeFi Protocol,Rust,False,,,,False,blocked_missing_transaction_hash,Find canonical exploit transaction hash and chain before benchmark consideration.,"{""amount"": 5800000, ""bridgeHack"": false, ""chain"": [""Solana""], ""classification"": ""Protocol Logic"", ""date"": 1745625600, ""defillamaId"": null, ""language"": ""Rust"", ""name"": ""Loopscale"", ""returnedFunds"": null, ""source"": """", ""targetType"": ""DeFi Protocol"", ""technique"": ""Price Oracle Manipulation""}"
defillama:hacks,2023-07-26_alphapo,AlphaPo,2023-07-26,60000000,Ethereum|Tron,Infrastructure,Private Key Compromised (Unknown Method),CEX,,False,,,,False,blocked_missing_transaction_hash,Find canonical exploit transaction hash and chain before benchmark consideration.,"{""amount"": 60000000, ""bridgeHack"": false, ""chain"": [""Ethereum"", ""Tron""], ""classification"": ""Infrastructure"", ""date"": 1690329600, ""defillamaId"": null, ""language"": null, ""name"": ""AlphaPo"", ""returnedFunds"": null, ""source"": """", ""targetType"": ""CEX"", ""technique"": ""Private Key Compromised (Unknown Method)""}"
defillama:hacks,2023-09-04_stake_com,Stake.com,2023-09-04,41300000,Ethereum|BSC|Polygon,Infrastructure,Private Key Compromised (Unknown Method),Other,,False,,,,False,blocked_missing_transaction_hash,Find canonical exploit transaction hash and chain before benchmark consideration.,"{""amount"": 41300000, ""bridgeHack"": false, ""chain"": [""Ethereum"", ""BSC"", ""Polygon""], ""classification"": ""Infrastructure"", ""date"": 1693785600, ""defillamaId"": null, ""language"": null, ""name"": ""Stake.com"", ""returnedFunds"": null, ""source"": """", ""targetType"": ""Other"", ""technique"": ""Private Key Compromised (Unknown Method)""}"
defillama:hacks,defillama_2479,DeltaPrime,2024-07-23,1000000,Arbitrum,Protocol Logic,,DeFi Protocol,Solidity,False,,,2479,False,blocked_missing_transaction_hash,Find canonical exploit transaction hash and chain before benchmark consideration.,"{""amount"": 1000000, ""bridgeHack"": false, ""chain"": [""Arbitrum""], ""classification"": ""Protocol Logic"", ""date"": 1721692800, ""defillamaId"": 2479, ""language"": ""Solidity"", ""name"": ""DeltaPrime"", ""returnedFunds"": null, ""source"": """", ""targetType"": ""DeFi Protocol"", ""technique"": null}"
defillama:hacks,2026-04-22_kipseli,Kipseli,2026-04-22,80000,Base,Protocol Logic,Flawed Quoting Logic,DeFi Protocol,Solidity,False,,,,False,blocked_missing_transaction_hash,Find canonical exploit transaction hash and chain before benchmark consideration.,"{""amount"": 80000, ""bridgeHack"": false, ""chain"": [""Base""], ""classification"": ""Protocol Logic"", ""date"": 1776816000, ""defillamaId"": null, ""language"": ""Solidity"", ""name"": ""Kipseli"", ""returnedFunds"": null, ""source"": """", ""targetType"": ""DeFi Protocol"", ""technique"": ""Flawed Quoting Logic""}"
defillama:hacks,defillama_807,Blizz Finance,2022-05-13,21800000,Avalanche,Infrastructure,Outdated Oracle Exploit,DeFi Protocol,,False,,,807,False,blocked_missing_transaction_hash,Find canonical exploit transaction hash and chain before benchmark consideration.,"{""amount"": 21800000, ""bridgeHack"": false, ""chain"": [""Avalanche""], ""classification"": ""Infrastructure"", ""date"": 1652400000, ""defillamaId"": 807, ""language"": null, ""name"": ""Blizz Finance"", ""returnedFunds"": null, ""source"": """", ""targetType"": ""DeFi Protocol"", ""technique"": ""Outdated Oracle Exploit""}"
defillama:hacks,defillama_387,BearnFi,2021-05-17,18000000,BSC,Ecosystem,Flashloan Withdraw Logic Exploit,DeFi Protocol,,False,,,387,False,blocked_missing_transaction_hash,Find canonical exploit transaction hash and chain before benchmark consideration.,"{""amount"": 18000000, ""bridgeHack"": false, ""chain"": [""BSC""], ""classification"": ""Ecosystem"", ""date"": 1621209600, ""defillamaId"": 387, ""language"": null, ""name"": ""BearnFi"", ""returnedFunds"": null, ""source"": """", ""targetType"": ""DeFi Protocol"", ""technique"": ""Flashloan Withdraw Logic Exploit""}"
defillama:hacks,2023-09-06_gmbl_computer,GMBL.COMPUTER,2023-09-06,815000,Arbitrum,Protocol Logic,Referral Claims Logic Exploit,DeFi Protocol,,False,,,,False,blocked_missing_transaction_hash,Find canonical exploit transaction hash and chain before benchmark consideration.,"{""amount"": 815000, ""bridgeHack"": false, ""chain"": [""Arbitrum""], ""classification"": ""Protocol Logic"", ""date"": 1693958400, ""defillamaId"": null, ""language"": null, ""name"": ""GMBL.COMPUTER"", ""returnedFunds"": null, ""source"": """", ""targetType"": ""DeFi Protocol"", ""technique"": ""Referral Claims Logic Exploit""}"
defillama:hacks,defillama_337,GMX V1 Perps,2022-09-18,565000,Arbitrum,Ecosystem,Price Oracle Attack,DeFi Protocol,Solidity,False,,,337,False,blocked_missing_transaction_hash,Find canonical exploit transaction hash and chain before benchmark consideration.,"{""amount"": 565000, ""bridgeHack"": false, ""chain"": [""Arbitrum""], ""classification"": ""Ecosystem"", ""date"": 1663459200, ""defillamaId"": 337, ""language"": ""Solidity"", ""name"": ""GMX V1 Perps"", ""parentProtocolId"": ""parent#gmx"", ""returnedFunds"": null, ""source"": """", ""targetType"": ""DeFi Protocol"", ""technique"": ""Price Oracle Attack""}"
defillama:hacks,defillama_493,Grim Finance,2021-12-18,30000000,Fantom,Ecosystem,Flashloan Reentrancy Attack,DeFi Protocol,Solidity,False,,,493,False,blocked_missing_transaction_hash,Find canonical exploit transaction hash and chain before benchmark consideration.,"{""amount"": 30000000, ""bridgeHack"": false, ""chain"": [""Fantom""], ""classification"": ""Ecosystem"", ""date"": 1639785600, ""defillamaId"": 493, ""language"": ""Solidity"", ""name"": ""Grim Finance"", ""returnedFunds"": null, ""source"": """", ""targetType"": ""DeFi Protocol"", ""technique"": ""Flashloan Reentrancy Attack""}"
defillama:hacks,defillama_1350,Treasure,2022-03-03,1400000,Arbitrum,Protocol Logic,Buy Function Exploit,DeFi Protocol,Solidity,False,,,1350,False,blocked_missing_transaction_hash,Find canonical exploit transaction hash and chain before benchmark consideration.,"{""amount"": 1400000, ""bridgeHack"": false, ""chain"": [""Arbitrum""], ""classification"": ""Protocol Logic"", ""date"": 1646265600, ""defillamaId"": 1350, ""language"": ""Solidity"", ""name"": ""Treasure"", ""returnedFunds"": null, ""source"": """", ""targetType"": ""DeFi Protocol"", ""technique"": ""Buy Function Exploit""}"
defillama:hacks,defillama_3158,Themis Protocol,2023-06-27,370000,Arbitrum,Ecosystem,Flashloan Price Oracle Attack,DeFi Protocol,Solidity,False,,,3158,False,blocked_missing_transaction_hash,Find canonical exploit transaction hash and chain before benchmark consideration.,"{""amount"": 370000, ""bridgeHack"": false, ""chain"": [""Arbitrum""], ""classification"": ""Ecosystem"", ""date"": 1687824000, ""defillamaId"": 3158, ""language"": ""Solidity"", ""name"": ""Themis Protocol"", ""returnedFunds"": null, ""source"": """", ""targetType"": ""DeFi Protocol"", ""technique"": ""Flashloan Price Oracle Attack""}"
defillama:hacks,defillama_3944,Allbridge Core,2023-04-02,650000,BSC,Ecosystem,Flashloan Price Oracle Attack,DeFi Protocol,,True,,,3944,False,blocked_missing_transaction_hash,Find canonical exploit transaction hash and chain before benchmark consideration.,"{""amount"": 650000, ""bridgeHack"": true, ""chain"": [""BSC""], ""classification"": ""Ecosystem"", ""date"": 1680393600, ""defillamaId"": 3944, ""language"": null, ""name"": ""Allbridge Core"", ""parentProtocolId"": ""parent#allbridge"", ""returnedFunds"": null, ""source"": """", ""targetType"": ""DeFi Protocol"", ""technique"": ""Flashloan Price Oracle Attack""}"
defillama:hacks,2023-11-18_kronos_research,Kronos Research,2023-11-18,26000000,Ethereum,Infrastructure,API Key unauthorized access,Other,,False,,,,False,blocked_missing_transaction_hash,Find canonical exploit transaction hash and chain before benchmark consideration.,"{""amount"": 26000000, ""bridgeHack"": false, ""chain"": [""Ethereum""], ""classification"": ""Infrastructure"", ""date"": 1700265600, ""defillamaId"": null, ""language"": null, ""name"": ""Kronos Research"", ""returnedFunds"": null, ""source"": """", ""targetType"": ""Other"", ""technique"": ""API Key unauthorized access""}"
defillama:hacks,defillama_7473,Purrlend,2026-04-25,1500000,MegaETH|Hyperliquid L1,Protocol Logic,Fake Bridge Address,DeFi Protocol,Solidity,False,,,7473,False,blocked_missing_transaction_hash,Find canonical exploit transaction hash and chain before benchmark consideration.,"{""amount"": 1500000, ""bridgeHack"": false, ""chain"": [""MegaETH"", ""Hyperliquid L1""], ""classification"": ""Protocol Logic"", ""date"": 1777075200, ""defillamaId"": 7473, ""language"": ""Solidity"", ""name"": ""Purrlend"", ""returnedFunds"": null, ""source"": """", ""targetType"": ""DeFi Protocol"", ""technique"": ""Fake Bridge Address""}"
defillama:hacks,defillama_3,Curve DEX,2023-07-30,61700000,Ethereum,Infrastructure,Vyper Compiler Bug,DeFi Protocol,Vyper,False,,,3,False,blocked_missing_transaction_hash,Find canonical exploit transaction hash and chain before benchmark consideration.,"{""amount"": 61700000, ""bridgeHack"": false, ""chain"": [""Ethereum""], ""classification"": ""Infrastructure"", ""date"": 1690675200, ""defillamaId"": 3, ""language"": ""Vyper"", ""name"": ""Curve DEX"", ""parentProtocolId"": ""parent#curve-finance"", ""returnedFunds"": null, ""source"": """", ""targetType"": ""DeFi Protocol"", ""technique"": ""Vyper Compiler Bug""}"
defillama:hacks,defillama_338,Inverse Finance Frontier,2022-04-02,15600000,Ethereum,Ecosystem,Price Oracle Attack,DeFi Protocol,Solidity,False,,,338,False,blocked_missing_transaction_hash,Find canonical exploit transaction hash and chain before benchmark consideration.,"{""amount"": 15600000, ""bridgeHack"": false, ""chain"": [""Ethereum""], ""classification"": ""Ecosystem"", ""date"": 1648857600, ""defillamaId"": 338, ""language"": ""Solidity"", ""name"": ""Inverse Finance Frontier"", ""parentProtocolId"": ""parent#inverse-finance"", ""returnedFunds"": null, ""source"": """", ""targetType"": ""DeFi Protocol"", ""technique"": ""Price Oracle Attack""}"
defillama:hacks,defillama_2388,Harbor Protocol,2023-08-19,,Comdex,,,DeFi Protocol,Rust,False,,,2388,False,blocked_missing_transaction_hash,Find canonical exploit transaction hash and chain before benchmark consideration.,"{""amount"": null, ""bridgeHack"": false, ""chain"": [""Comdex""], ""classification"": null, ""date"": 1692403200, ""defillamaId"": 2388, ""language"": ""Rust"", ""name"": ""Harbor Protocol"", ""returnedFunds"": null, ""source"": """", ""targetType"": ""DeFi Protocol"", ""technique"": null}"
defillama:hacks,defillama_1577,Sturdy V1,2023-06-12,770000,Ethereum,Ecosystem,Flashloan Reentrancy Attack,DeFi Protocol,Solidity,False,,,1577,False,blocked_missing_transaction_hash,Find canonical exploit transaction hash and chain before benchmark consideration.,"{""amount"": 770000, ""bridgeHack"": false, ""chain"": [""Ethereum""], ""classification"": ""Ecosystem"", ""date"": 1686528000, ""defillamaId"": 1577, ""language"": ""Solidity"", ""name"": ""Sturdy V1"", ""parentProtocolId"": ""parent#sturdy"", ""returnedFunds"": null, ""source"": """", ""targetType"": ""DeFi Protocol"", ""technique"": ""Flashloan Reentrancy Attack""}"
defillama:hacks,2023-11-22_heco_bridge,Heco Bridge,2023-11-22,86600000,Ethereum,Infrastructure,Private Key Compromised (Unknown Method),DeFi Protocol,,True,,,,False,blocked_missing_transaction_hash,Find canonical exploit transaction hash and chain before benchmark consideration.,"{""amount"": 86600000, ""bridgeHack"": true, ""chain"": [""Ethereum""], ""classification"": ""Infrastructure"", ""date"": 1700611200, ""defillamaId"": null, ""language"": null, ""name"": ""Heco Bridge"", ""returnedFunds"": null, ""source"": """", ""targetType"": ""DeFi Protocol"", ""technique"": ""Private Key Compromised (Unknown Method)""}"
defillama:hacks,defillama_3491,Wise Lending V1,2024-01-12,464000,Ethereum,Protocol Logic,Rounding Donation Attack,DeFi Protocol,Solidity,False,,,3491,False,blocked_missing_transaction_hash,Find canonical exploit transaction hash and chain before benchmark consideration.,"{""amount"": 464000, ""bridgeHack"": false, ""chain"": [""Ethereum""], ""classification"": ""Protocol Logic"", ""date"": 1705017600, ""defillamaId"": 3491, ""language"": ""Solidity"", ""name"": ""Wise Lending V1"", ""parentProtocolId"": ""parent#wise-lending"", ""returnedFunds"": null, ""source"": """", ""targetType"": ""DeFi Protocol"", ""technique"": ""Rounding Donation Attack""}"
defillama:hacks,2020-04-19_lendf_me,Lendf.me,2020-04-19,1200000,Ethereum,Smart Contract Language,Reentrancy,DeFi Protocol,Solidity,False,,,,False,blocked_missing_transaction_hash,Find canonical exploit transaction hash and chain before benchmark consideration.,"{""amount"": 1200000, ""bridgeHack"": false, ""chain"": [""Ethereum""], ""classification"": ""Smart Contract Language"", ""date"": 1587254400, ""defillamaId"": null, ""language"": ""Solidity"", ""name"": ""Lendf.me"", ""returnedFunds"": null, ""source"": """", ""targetType"": ""DeFi Protocol"", ""technique"": ""Reentrancy""}"
defillama:hacks,2025-06-06_forcebridge,ForceBridge,2025-06-06,3900000,Nervos,Protocol Logic,Acces Control Exploit,DeFi Protocol,Rust,True,,,,False,blocked_missing_transaction_hash,Find canonical exploit transaction hash and chain before benchmark consideration.,"{""amount"": 3900000, ""bridgeHack"": true, ""chain"": [""Nervos""], ""classification"": ""Protocol Logic"", ""date"": 1749168000, ""defillamaId"": null, ""language"": ""Rust"", ""name"": ""ForceBridge"", ""returnedFunds"": null, ""source"": """", ""targetType"": ""DeFi Protocol"", ""technique"": ""Acces Control Exploit""}"
defillama:hacks,2025-08-14_btcturk,BtcTurk,2025-08-14,48000000,Ethereum|Avalanche|Arbitrum|Base|Optimism|Mantle|Polygon,Infrastructure,Private Key Compromised,CEX,Solidity,False,,,,False,blocked_missing_transaction_hash,Find canonical exploit transaction hash and chain before benchmark consideration.,"{""amount"": 48000000, ""bridgeHack"": false, ""chain"": [""Ethereum"", ""Avalanche"", ""Arbitrum"", ""Base"", ""Optimism"", ""Mantle"", ""Polygon""], ""classification"": ""Infrastructure"", ""date"": 1755129600, ""defillamaId"": null, ""language"": ""Solidity"", ""name"": ""BtcTurk\n"", ""returnedFunds"": null, ""source"": """", ""targetType"": ""CEX"", ""technique"": ""Private Key Compromised""}"
defillama:hacks,defillama_1919,ElasticSwap,2022-12-13,854000,Avalanche|Ethereum,Ecosystem,Price Oracle Attack,DeFi Protocol,,False,520650,,1919,False,blocked_missing_transaction_hash,Find canonical exploit transaction hash and chain before benchmark consideration.,"{""amount"": 854000, ""bridgeHack"": false, ""chain"": [""Avalanche"", ""Ethereum""], ""classification"": ""Ecosystem"", ""date"": 1670889600, ""defillamaId"": 1919, ""language"": null, ""name"": ""ElasticSwap"", ""returnedFunds"": 520650, ""source"": """", ""targetType"": ""DeFi Protocol"", ""technique"": ""Price Oracle Attack""}"
defillama:hacks,defillama_1631,Onyx Protocol,2023-11-01,2100000,Ethereum,Ecosystem,Flashloan Donate Function Logic Exploit,DeFi Protocol,Solidity,False,,,1631,False,blocked_missing_transaction_hash,Find canonical exploit transaction hash and chain before benchmark consideration.,"{""amount"": 2100000, ""bridgeHack"": false, ""chain"": [""Ethereum""], ""classification"": ""Ecosystem"", ""date"": 1698796800, ""defillamaId"": 1631, ""language"": ""Solidity"", ""name"": ""Onyx Protocol"", ""parentProtocolId"": ""parent#onyx"", ""returnedFunds"": null, ""source"": """", ""targetType"": ""DeFi Protocol"", ""technique"": ""Flashloan Donate Function Logic Exploit""}"
defillama:hacks,2024-04-23_magpie_protocol,Magpie Protocol,2024-04-23,129000,Ethereum|Polygon|BSC|Blast|Avalanche|Arbitrum|Optimism|Base|zkSync Era|Polygon zkEVM,Protocol Logic,Router Exploit,DeFi Protocol,Solidity,False,,,,False,blocked_missing_transaction_hash,Find canonical exploit transaction hash and chain before benchmark consideration.,"{""amount"": 129000, ""bridgeHack"": false, ""chain"": [""Ethereum"", ""Polygon"", ""BSC"", ""Blast"", ""Avalanche"", ""Arbitrum"", ""Optimism"", ""Base"", ""zkSync Era"", ""Polygon zkEVM""], ""classification"": ""Protocol Logic"", ""date"": 1713830400, ""defillamaId"": null, ""language"": ""Solidity"", ""name"": ""Magpie Protocol"", ""returnedFunds"": null, ""source"": """", ""targetType"": ""DeFi Protocol"", ""technique"": ""Router Exploit""}"
defillama:hacks,defillama_607,Hundred Finance,2023-04-15,7000000,Optimism,Protocol Logic,Flashloan Donate Function Logic Exploit,DeFi Protocol,Solidity,False,,,607,False,blocked_missing_transaction_hash,Find canonical exploit transaction hash and chain before benchmark consideration.,"{""amount"": 7000000, ""bridgeHack"": false, ""chain"": [""Optimism""], ""classification"": ""Protocol Logic"", ""date"": 1681516800, ""defillamaId"": 607, ""language"": ""Solidity"", ""name"": ""Hundred Finance"", ""returnedFunds"": null, ""source"": """", ""targetType"": ""DeFi Protocol"", ""technique"": ""Flashloan Donate Function Logic Exploit""}"
defillama:hacks,2023-02-20_hope_finance,Hope Finance,2023-02-20,1860000,Arbitrum,Rugpull,Router Exploit,DeFi Protocol,Solidity,False,,,,False,blocked_missing_transaction_hash,Find canonical exploit transaction hash and chain before benchmark consideration.,"{""amount"": 1860000, ""bridgeHack"": false, ""chain"": [""Arbitrum""], ""classification"": ""Rugpull"", ""date"": 1676851200, ""defillamaId"": null, ""language"": ""Solidity"", ""name"": ""Hope Finance"", ""returnedFunds"": null, ""source"": """", ""targetType"": ""DeFi Protocol"", ""technique"": ""Router Exploit""}"
defillama:hacks,2020-12-28_lubian,LuBian,2020-12-28,3500000000,Bitcoin,Infrastructure,Private Key Compromised (Brute Force),Other,,False,,,,False,blocked_missing_transaction_hash,Find canonical exploit transaction hash and chain before benchmark consideration.,"{""amount"": 3500000000, ""bridgeHack"": false, ""chain"": [""Bitcoin""], ""classification"": ""Infrastructure"", ""date"": 1609113600, ""defillamaId"": null, ""language"": null, ""name"": ""LuBian"", ""returnedFunds"": null, ""source"": """", ""targetType"": ""Other"", ""technique"": ""Private Key Compromised (Brute Force)""}"
defillama:hacks,defillama_260,Mirror,2021-10-08,2000000,Terra,Infrastructure,Outdated Oracle Exploit,DeFi Protocol,Rust,False,,,260,False,blocked_missing_transaction_hash,Find canonical exploit transaction hash and chain before benchmark consideration.,"{""amount"": 2000000, ""bridgeHack"": false, ""chain"": [""Terra""], ""classification"": ""Infrastructure"", ""date"": 1633651200, ""defillamaId"": 260, ""language"": ""Rust"", ""name"": ""Mirror"", ""returnedFunds"": null, ""source"": """", ""targetType"": ""DeFi Protocol"", ""technique"": ""Outdated Oracle Exploit""}"
defillama:hacks,defillama_4070,Ionic Protocol,2025-02-04,4000000,Mode,Protocol Logic,Fake Collateral Exploit,DeFi Protocol,Solidity,False,,,4070,False,blocked_missing_transaction_hash,Find canonical exploit transaction hash and chain before benchmark consideration.,"{""amount"": 4000000, ""bridgeHack"": false, ""chain"": [""Mode""], ""classification"": ""Protocol Logic"", ""date"": 1738627200, ""defillamaId"": 4070, ""language"": ""Solidity"", ""name"": ""Ionic Protocol"", ""returnedFunds"": null, ""source"": """", ""targetType"": ""DeFi Protocol"", ""technique"": ""Fake Collateral Exploit""}"
defillama:hacks,defillama_113,Yearn Finance,2021-02-05,11000000,Ethereum,Ecosystem,Flashloan Price Oracle Attack,DeFi Protocol,Solidity,False,,,113,False,blocked_missing_transaction_hash,Find canonical exploit transaction hash and chain before benchmark consideration.,"{""amount"": 11000000, ""bridgeHack"": false, ""chain"": [""Ethereum""], ""classification"": ""Ecosystem"", ""date"": 1612483200, ""defillamaId"": 113, ""language"": ""Solidity"", ""name"": ""Yearn Finance"", ""parentProtocolId"": ""parent#yearn"", ""returnedFunds"": null, ""source"": """", ""targetType"": ""DeFi Protocol"", ""technique"": ""Flashloan Price Oracle Attack""}"
defillama:hacks,defillama_3197,Florence Finance,2023-11-30,1450000,Ethereum,Infrastructure,Address Poisoning,DeFi Protocol,Solidity,False,,,3197,False,blocked_missing_transaction_hash,Find canonical exploit transaction hash and chain before benchmark consideration.,"{""amount"": 1450000, ""bridgeHack"": false, ""chain"": [""Ethereum""], ""classification"": ""Infrastructure"", ""date"": 1701302400, ""defillamaId"": 3197, ""language"": ""Solidity"", ""name"": ""Florence Finance"", ""returnedFunds"": null, ""source"": """", ""targetType"": ""DeFi Protocol"", ""technique"": ""Address Poisoning""}"
defillama:hacks,defillama_136,Rari Capital,2021-05-08,10000000,Ethereum,Protocol Logic,Price Oracle Attack,DeFi Protocol,Solidity,False,,,136,False,blocked_missing_transaction_hash,Find canonical exploit transaction hash and chain before benchmark consideration.,"{""amount"": 10000000, ""bridgeHack"": false, ""chain"": [""Ethereum""], ""classification"": ""Protocol Logic"", ""date"": 1620432000, ""defillamaId"": 136, ""language"": ""Solidity"", ""name"": ""Rari Capital"", ""returnedFunds"": null, ""source"": """", ""targetType"": ""DeFi Protocol"", ""technique"": ""Price Oracle Attack""}"
defillama:hacks,2026-04-04_bsc_tmm_usdt,BSC TMM/USDT,2026-04-04,1665000,BSC,Protocol Logic,Reserve Manipulation Attack,DeFi Protocol,Solidity,False,,,,False,blocked_missing_transaction_hash,Find canonical exploit transaction hash and chain before benchmark consideration.,"{""amount"": 1665000, ""bridgeHack"": false, ""chain"": [""BSC""], ""classification"": ""Protocol Logic"", ""date"": 1775260800, ""defillamaId"": null, ""language"": ""Solidity"", ""name"": ""BSC TMM/USDT"", ""returnedFunds"": null, ""source"": """", ""targetType"": ""DeFi Protocol"", ""technique"": ""Reserve Manipulation Attack""}"
defillama:hacks,defillama_123,dForce Lending,2020-04-19,25000000,Ethereum,Protocol Logic,Reentrancy,DeFi Protocol,,False,,,123,False,blocked_missing_transaction_hash,Find canonical exploit transaction hash and chain before benchmark consideration.,"{""amount"": 25000000, ""bridgeHack"": false, ""chain"": [""Ethereum""], ""classification"": ""Protocol Logic"", ""date"": 1587254400, ""defillamaId"": 123, ""language"": null, ""name"": ""dForce Lending"", ""parentProtocolId"": ""parent#dforce"", ""returnedFunds"": null, ""source"": """", ""targetType"": ""DeFi Protocol"", ""technique"": ""Reentrancy""}"
defillama:hacks,2021-09-12_zabu_finance,Zabu Finance,2021-09-12,3200000,Avalanche,Protocol Logic,Flashloan Exploit,DeFi Protocol,Solidity,False,,,,False,blocked_missing_transaction_hash,Find canonical exploit transaction hash and chain before benchmark consideration.,"{""amount"": 3200000, ""bridgeHack"": false, ""chain"": [""Avalanche""], ""classification"": ""Protocol Logic"", ""date"": 1631404800, ""defillamaId"": null, ""language"": ""Solidity"", ""name"": ""Zabu Finance"", ""returnedFunds"": null, ""source"": """", ""targetType"": ""DeFi Protocol"", ""technique"": ""Flashloan Exploit""}"
defillama:hacks,defillama_3342,Magnate Finance,2023-08-25,6400000,Base,Rugpull,Drained Contracts,DeFi Protocol,Solidity,False,,,3342,False,blocked_missing_transaction_hash,Find canonical exploit transaction hash and chain before benchmark consideration.,"{""amount"": 6400000, ""bridgeHack"": false, ""chain"": [""Base""], ""classification"": ""Rugpull"", ""date"": 1692921600, ""defillamaId"": 3342, ""language"": ""Solidity"", ""name"": ""Magnate Finance"", ""returnedFunds"": null, ""source"": """", ""targetType"": ""DeFi Protocol"", ""technique"": ""Drained Contracts""}"
defillama:hacks,defillama_5145,Fusion by IPOR,2026-01-06,336000,Arbitrum,Protocol Logic,EIP-7702 Delegation Exploit,DeFi Protocol,Solidity,False,336000,,5145,False,blocked_missing_transaction_hash,Find canonical exploit transaction hash and chain before benchmark consideration.,"{""amount"": 336000, ""bridgeHack"": false, ""chain"": [""Arbitrum""], ""classification"": ""Protocol Logic"", ""date"": 1767657600, ""defillamaId"": 5145, ""language"": ""Solidity"", ""name"": ""Fusion by IPOR"", ""parentProtocolId"": ""parent#ipor"", ""returnedFunds"": 336000, ""source"": """", ""targetType"": ""DeFi Protocol"", ""technique"": ""EIP-7702 Delegation Exploit""}"
defillama:hacks,defillama_2285,Sentiment,2023-04-04,1000000,Arbitrum,Ecosystem,Flashloan Reentrancy Attack,DeFi Protocol,Solidity,False,900000,,2285,False,blocked_missing_transaction_hash,Find canonical exploit transaction hash and chain before benchmark consideration.,"{""amount"": 1000000, ""bridgeHack"": false, ""chain"": [""Arbitrum""], ""classification"": ""Ecosystem"", ""date"": 1680566400, ""defillamaId"": 2285, ""language"": ""Solidity"", ""name"": ""Sentiment"", ""returnedFunds"": 900000, ""source"": """", ""targetType"": ""DeFi Protocol"", ""technique"": ""Flashloan Reentrancy Attack""}"
defillama:hacks,defillama_1687,SmartCredit,2026-05-04,72000,Ethereum,Protocol Logic,Flashloan Exploit,DeFi Protocol,Solidity,False,,,1687,False,blocked_missing_transaction_hash,Find canonical exploit transaction hash and chain before benchmark consideration.,"{""amount"": 72000, ""bridgeHack"": false, ""chain"": [""Ethereum""], ""classification"": ""Protocol Logic"", ""date"": 1777852800, ""defillamaId"": 1687, ""language"": ""Solidity"", ""name"": ""SmartCredit"", ""returnedFunds"": null, ""source"": """", ""targetType"": ""DeFi Protocol"", ""technique"": ""Flashloan Exploit""}"
defillama:hacks,2025-08-04_credix,CrediX,2025-08-04,4500000,Sonic,Infrastructure,Private Key Compromised,DeFi Protocol,Solidity,False,,,,False,blocked_missing_transaction_hash,Find canonical exploit transaction hash and chain before benchmark consideration.,"{""amount"": 4500000, ""bridgeHack"": false, ""chain"": [""Sonic""], ""classification"": ""Infrastructure"", ""date"": 1754265600, ""defillamaId"": null, ""language"": ""Solidity"", ""name"": ""CrediX"", ""returnedFunds"": null, ""source"": """", ""targetType"": ""DeFi Protocol"", ""technique"": ""Private Key Compromised""}"
defillama:hacks,defillama_254,Bunny,2021-07-16,2400000,BSC,Ecosystem,Flashloan Incentive Rewards Exploit,DeFi Protocol,Solidity,False,,,254,False,blocked_missing_transaction_hash,Find canonical exploit transaction hash and chain before benchmark consideration.,"{""amount"": 2400000, ""bridgeHack"": false, ""chain"": [""BSC""], ""classification"": ""Ecosystem"", ""date"": 1626393600, ""defillamaId"": 254, ""language"": ""Solidity"", ""name"": ""Bunny"", ""returnedFunds"": null, ""source"": """", ""targetType"": ""DeFi Protocol"", ""technique"": ""Flashloan Incentive Rewards Exploit""}"
defillama:hacks,2021-06-23_stablemagnet,StableMagnet,2021-06-23,27000000,BSC,Rugpull,Drained Contracts and User Wallets,DeFi Protocol,Solidity,False,,,,False,blocked_missing_transaction_hash,Find canonical exploit transaction hash and chain before benchmark consideration.,"{""amount"": 27000000, ""bridgeHack"": false, ""chain"": [""BSC""], ""classification"": ""Rugpull"", ""date"": 1624406400, ""defillamaId"": null, ""language"": ""Solidity"", ""name"": ""StableMagnet"", ""returnedFunds"": null, ""source"": """", ""targetType"": ""DeFi Protocol"", ""technique"": ""Drained Contracts and User Wallets""}"
defillama:hacks,defillama_696,Agave,2022-03-15,5500000,Gnosis Chain,Ecosystem,Flashloan Reentrancy Attack,DeFi Protocol,Solidity,False,,,696,False,blocked_missing_transaction_hash,Find canonical exploit transaction hash and chain before benchmark consideration.,"{""amount"": 5500000, ""bridgeHack"": false, ""chain"": [""Gnosis Chain""], ""classification"": ""Ecosystem"", ""date"": 1647302400, ""defillamaId"": 696, ""language"": ""Solidity"", ""name"": ""Agave"", ""returnedFunds"": null, ""source"": """", ""targetType"": ""DeFi Protocol"", ""technique"": ""Flashloan Reentrancy Attack""}"
defillama:hacks,2026-05-17_sea_token,SEA Token,2026-05-17,153000,Arbitrum,Protocol Logic,Flashloan Price Manipulation,Token,Solidity,False,,,,False,blocked_missing_transaction_hash,Find canonical exploit transaction hash and chain before benchmark consideration.,"{""amount"": 153000, ""bridgeHack"": false, ""chain"": [""Arbitrum""], ""classification"": ""Protocol Logic"", ""date"": 1778976000, ""defillamaId"": null, ""language"": ""Solidity"", ""name"": ""SEA Token"", ""returnedFunds"": null, ""source"": """", ""targetType"": ""Token"", ""technique"": ""Flashloan Price Manipulation""}"
defillama:hacks,defillama_1961,Scallop Lend,2026-04-26,150000,Sui,Protocol Logic,Deprecated V2 Rewards Contract,DeFi Protocol,Move,False,,,1961,False,blocked_missing_transaction_hash,Find canonical exploit transaction hash and chain before benchmark consideration.,"{""amount"": 150000, ""bridgeHack"": false, ""chain"": [""Sui""], ""classification"": ""Protocol Logic"", ""date"": 1777161600, ""defillamaId"": 1961, ""language"": ""Move"", ""name"": ""Scallop Lend"", ""parentProtocolId"": ""parent#scallop"", ""returnedFunds"": null, ""source"": """", ""targetType"": ""DeFi Protocol"", ""technique"": ""Deprecated V2 Rewards Contract""}"
defillama:hacks,defillama_745,Atlantis Loans,2023-06-10,116000,BSC,Rugpull,Access Control Exploit,DeFi Protocol,Solidity,False,,,745,False,blocked_missing_transaction_hash,Find canonical exploit transaction hash and chain before benchmark consideration.,"{""amount"": 116000, ""bridgeHack"": false, ""chain"": [""BSC""], ""classification"": ""Rugpull"", ""date"": 1686355200, ""defillamaId"": 745, ""language"": ""Solidity"", ""name"": ""Atlantis Loans"", ""returnedFunds"": null, ""source"": """", ""targetType"": ""DeFi Protocol"", ""technique"": ""Access Control Exploit""}"
defillama:hacks,2023-04-14_bitrue,Bitrue,2023-04-14,23000000,,Infrastructure,Hot wallet hack,CEX,,False,,,,False,blocked_missing_transaction_hash,Find canonical exploit transaction hash and chain before benchmark consideration.,"{""amount"": 23000000, ""bridgeHack"": false, ""chain"": [], ""classification"": ""Infrastructure"", ""date"": 1681430400, ""defillamaId"": null, ""language"": null, ""name"": ""Bitrue"", ""returnedFunds"": null, ""source"": """", ""targetType"": ""CEX"", ""technique"": ""Hot wallet hack""}"
defillama:hacks,2026-01-01_prxvt,PRXVT,2026-01-01,97000,Base,Protocol Logic,Sybil Attack with CREATE2 Addresses,DeFi Protocol,Solidity,False,,,,False,blocked_missing_transaction_hash,Find canonical exploit transaction hash and chain before benchmark consideration.,"{""amount"": 97000, ""bridgeHack"": false, ""chain"": [""Base""], ""classification"": ""Protocol Logic"", ""date"": 1767225600, ""defillamaId"": null, ""language"": ""Solidity"", ""name"": ""PRXVT"", ""returnedFunds"": null, ""source"": """", ""targetType"": ""DeFi Protocol"", ""technique"": ""Sybil Attack with CREATE2 Addresses""}"
defillama:hacks,defillama_4049,Zerion Wallet,2026-04-14,100000,,Infrastructure,Hot Wallet Compromise via Social Engineering,Wallet,,False,,,4049,False,blocked_missing_transaction_hash,Find canonical exploit transaction hash and chain before benchmark consideration.,"{""amount"": 100000, ""bridgeHack"": false, ""chain"": null, ""classification"": ""Infrastructure"", ""date"": 1776124800, ""defillamaId"": 4049, ""language"": null, ""name"": ""Zerion Wallet"", ""returnedFunds"": null, ""source"": """", ""targetType"": ""Wallet"", ""technique"": ""Hot Wallet Compromise via Social Engineering""}"
defillama:hacks,2022-02-06_meter,Meter,2022-02-06,7700000,Ethereum,Protocol Logic,Deposit Function Exploit,DeFi Protocol,Solidity,True,,,,False,blocked_missing_transaction_hash,Find canonical exploit transaction hash and chain before benchmark consideration.,"{""amount"": 7700000, ""bridgeHack"": true, ""chain"": [""Ethereum""], ""classification"": ""Protocol Logic"", ""date"": 1644105600, ""defillamaId"": null, ""language"": ""Solidity"", ""name"": ""Meter"", ""returnedFunds"": null, ""source"": """", ""targetType"": ""DeFi Protocol"", ""technique"": ""Deposit Function Exploit""}"
defillama:hacks,2026-05-13_transit_finance,Transit Finance,2026-05-13,1880000,Tron,Protocol Logic,Deprecated Smart Contract Exploit,DeFi Protocol,Solidity,False,,,,False,blocked_missing_transaction_hash,Find canonical exploit transaction hash and chain before benchmark consideration.,"{""amount"": 1880000, ""bridgeHack"": false, ""chain"": [""Tron""], ""classification"": ""Protocol Logic"", ""date"": 1778630400, ""defillamaId"": null, ""language"": ""Solidity"", ""name"": ""Transit Finance"", ""returnedFunds"": null, ""source"": """", ""targetType"": ""DeFi Protocol"", ""technique"": ""Deprecated Smart Contract Exploit""}"
defillama:hacks,2021-08-10_punk_protocol,Punk Protocol,2021-08-10,8950000,Ethereum,Smart Contract Language,Delegatecall Exploit,DeFi Protocol,Solidity,False,,,,False,blocked_missing_transaction_hash,Find canonical exploit transaction hash and chain before benchmark consideration.,"{""amount"": 8950000, ""bridgeHack"": false, ""chain"": [""Ethereum""], ""classification"": ""Smart Contract Language"", ""date"": 1628553600, ""defillamaId"": null, ""language"": ""Solidity"", ""name"": ""Punk Protocol"", ""returnedFunds"": null, ""source"": """", ""targetType"": ""DeFi Protocol"", ""technique"": ""Delegatecall Exploit""}"
defillama:hacks,2026-01-05_tmx_tribe,TMX TRIBE,2026-01-05,1400000,Arbitrum,Protocol Logic,Mint & Stake Loop Exploit,DeFi Protocol,Solidity,False,,,,False,blocked_missing_transaction_hash,Find canonical exploit transaction hash and chain before benchmark consideration.,"{""amount"": 1400000, ""bridgeHack"": false, ""chain"": [""Arbitrum""], ""classification"": ""Protocol Logic"", ""date"": 1767571200, ""defillamaId"": null, ""language"": ""Solidity"", ""name"": ""TMX TRIBE"", ""returnedFunds"": null, ""source"": """", ""targetType"": ""DeFi Protocol"", ""technique"": ""Mint & Stake Loop Exploit""}"
defillama:hacks,defillama_622,Clipper,2024-12-01,450000,Optimism|Base,Protocol Logic,API Signature Exploit,DeFi Protocol,,False,,,622,False,blocked_missing_transaction_hash,Find canonical exploit transaction hash and chain before benchmark consideration.,"{""amount"": 450000, ""bridgeHack"": false, ""chain"": [""Optimism"", ""Base""], ""classification"": ""Protocol Logic"", ""date"": 1733011200, ""defillamaId"": 622, ""language"": null, ""name"": ""Clipper"", ""returnedFunds"": null, ""source"": """", ""targetType"": ""DeFi Protocol"", ""technique"": ""API Signature Exploit""}"
defillama:hacks,defillama_913,Defrost,2022-12-24,6000000,Avalanche,Rugpull,Oracle Manipulation,DeFi Protocol,Solidity,False,6000000,,913,False,blocked_missing_transaction_hash,Find canonical exploit transaction hash and chain before benchmark consideration.,"{""amount"": 6000000, ""bridgeHack"": false, ""chain"": [""Avalanche""], ""classification"": ""Rugpull"", ""date"": 1671840000, ""defillamaId"": 913, ""language"": ""Solidity"", ""name"": ""Defrost"", ""returnedFunds"": 6000000, ""source"": """", ""targetType"": ""DeFi Protocol"", ""technique"": ""Oracle Manipulation""}"
defillama:hacks,defillama_249,Stake DAO,2026-03-12,176000,Arbitrum|Base,Protocol Logic,Oracle Message Spoofing,DeFi Protocol,Solidity,False,,,249,False,blocked_missing_transaction_hash,Find canonical exploit transaction hash and chain before benchmark consideration.,"{""amount"": 176000, ""bridgeHack"": false, ""chain"": [""Arbitrum"", ""Base""], ""classification"": ""Protocol Logic"", ""date"": 1773273600, ""defillamaId"": 249, ""language"": ""Solidity"", ""name"": ""Stake DAO"", ""returnedFunds"": null, ""source"": """", ""targetType"": ""DeFi Protocol"", ""technique"": ""Oracle Message Spoofing""}"
defillama:hacks,defillama_3104,Ambient,2024-10-17,,Ethereum,Ecosystem,Domain Hijack,DeFi Protocol,,False,,,3104,False,blocked_missing_transaction_hash,Find canonical exploit transaction hash and chain before benchmark consideration.,"{""amount"": null, ""bridgeHack"": false, ""chain"": [""Ethereum""], ""classification"": ""Ecosystem"", ""date"": 1729123200, ""defillamaId"": 3104, ""language"": null, ""name"": ""Ambient"", ""returnedFunds"": null, ""source"": """", ""targetType"": ""DeFi Protocol"", ""technique"": ""Domain Hijack""}"
defillama:hacks,defillama_214,Raydium AMM,2022-12-16,4400000,Solana,Infrastructure,Private Key Compromised (Unknown Method),DeFi Protocol,Rust,False,,,214,False,blocked_missing_transaction_hash,Find canonical exploit transaction hash and chain before benchmark consideration.,"{""amount"": 4400000, ""bridgeHack"": false, ""chain"": [""Solana""], ""classification"": ""Infrastructure"", ""date"": 1671148800, ""defillamaId"": 214, ""language"": ""Rust"", ""name"": ""Raydium AMM"", ""parentProtocolId"": ""parent#raydium"", ""returnedFunds"": null, ""source"": """", ""targetType"": ""DeFi Protocol"", ""technique"": ""Private Key Compromised (Unknown Method)""}"
defillama:hacks,2021-11-03_squid_games,Squid Games,2021-11-03,3400000,BSC,Rugpull,Drained Liquidity Pool,Gaming,Solidity,False,,,,False,blocked_missing_transaction_hash,Find canonical exploit transaction hash and chain before benchmark consideration.,"{""amount"": 3400000, ""bridgeHack"": false, ""chain"": [""BSC""], ""classification"": ""Rugpull"", ""date"": 1635897600, ""defillamaId"": null, ""language"": ""Solidity"", ""name"": ""Squid Games"", ""returnedFunds"": null, ""source"": """", ""targetType"": ""Gaming"", ""technique"": ""Drained Liquidity Pool""}"
defillama:hacks,defillama_3144,SuperRare,2025-07-28,730000,Ethereum,Protocol Logic,updateMerkleRoot Access Control Exploit,DeFi Protocol,Solidity,False,,,3144,False,blocked_missing_transaction_hash,Find canonical exploit transaction hash and chain before benchmark consideration.,"{""amount"": 730000, ""bridgeHack"": false, ""chain"": [""Ethereum""], ""classification"": ""Protocol Logic"", ""date"": 1753660800, ""defillamaId"": 3144, ""language"": ""Solidity"", ""name"": ""SuperRare"", ""returnedFunds"": null, ""source"": """", ""targetType"": ""DeFi Protocol"", ""technique"": ""updateMerkleRoot Access Control Exploit""}"
defillama:hacks,2024-05-31_dmm_bitcoin,DMM Bitcoin,2024-05-31,305000000,Bitcoin,Infrastructure,Private Key Compromised (Unknown Method),CEX,,False,305000000,,,False,blocked_missing_transaction_hash,Find canonical exploit transaction hash and chain before benchmark consideration.,"{""amount"": 305000000, ""bridgeHack"": false, ""chain"": [""Bitcoin""], ""classification"": ""Infrastructure"", ""date"": 1717113600, ""defillamaId"": null, ""language"": null, ""name"": ""DMM Bitcoin"", ""returnedFunds"": 305000000, ""source"": """", ""targetType"": ""CEX"", ""technique"": ""Private Key Compromised (Unknown Method)""}"
defillama:hacks,defillama_164,ValueDefi,2020-11-14,7000000,Ethereum,Ecosystem,Flashloan Price Oracle Attack,DeFi Protocol,Solidity,False,,,164,False,blocked_missing_transaction_hash,Find canonical exploit transaction hash and chain before benchmark consideration.,"{""amount"": 7000000, ""bridgeHack"": false, ""chain"": [""Ethereum""], ""classification"": ""Ecosystem"", ""date"": 1605312000, ""defillamaId"": 164, ""language"": ""Solidity"", ""name"": ""ValueDefi"", ""parentProtocolId"": ""parent#value-finance"", ""returnedFunds"": null, ""source"": """", ""targetType"": ""DeFi Protocol"", ""technique"": ""Flashloan Price Oracle Attack""}"
defillama:hacks,2024-02-29_shido,Shido,2024-02-29,3300000,Ethereum,Protocol Logic,Private Key Compromised,Other,Solidity,False,,,,False,blocked_missing_transaction_hash,Find canonical exploit transaction hash and chain before benchmark consideration.,"{""amount"": 3300000, ""bridgeHack"": false, ""chain"": [""Ethereum""], ""classification"": ""Protocol Logic"", ""date"": 1709164800, ""defillamaId"": null, ""language"": ""Solidity"", ""name"": ""Shido"", ""returnedFunds"": null, ""source"": """", ""targetType"": ""Other"", ""technique"": ""Private Key Compromised""}"
defillama:hacks,defillama_5428,Dexodus Finance,2025-05-26,300000,Base,Protocol Logic,Price Manipulation Attack,DeFi Protocol,Solidity,False,300000,,5428,False,blocked_missing_transaction_hash,Find canonical exploit transaction hash and chain before benchmark consideration.,"{""amount"": 300000, ""bridgeHack"": false, ""chain"": [""Base""], ""classification"": ""Protocol Logic"", ""date"": 1748217600, ""defillamaId"": 5428, ""language"": ""Solidity"", ""name"": ""Dexodus Finance"", ""returnedFunds"": 300000, ""source"": """", ""targetType"": ""DeFi Protocol"", ""technique"": ""Price Manipulation Attack""}"
defillama:hacks,defillama_6230,Panoptic V1.1,2025-08-25,0,Base|Unichain|Ethereum,Protocol Logic,,DeFi Protocol,Solidity,False,,,6230,False,blocked_missing_transaction_hash,Find canonical exploit transaction hash and chain before benchmark consideration.,"{""amount"": 0, ""bridgeHack"": false, ""chain"": [""Base"", ""Unichain"", ""Ethereum""], ""classification"": ""Protocol Logic"", ""date"": 1756080000, ""defillamaId"": 6230, ""language"": ""Solidity"", ""name"": ""Panoptic V1.1"", ""parentProtocolId"": ""parent#panoptic"", ""returnedFunds"": null, ""source"": """", ""targetType"": ""DeFi Protocol"", ""technique"": null}"
defillama:hacks,defillama_144,dYdX V3,2023-11-18,9000000,Ethereum,Protocol Logic,Price Manipulation Attack,DeFi Protocol,,False,,,144,False,blocked_missing_transaction_hash,Find canonical exploit transaction hash and chain before benchmark consideration.,"{""amount"": 9000000, ""bridgeHack"": false, ""chain"": [""Ethereum""], ""classification"": ""Protocol Logic"", ""date"": 1700265600, ""defillamaId"": 144, ""language"": null, ""name"": ""dYdX V3"", ""parentProtocolId"": ""parent#dydx"", ""returnedFunds"": null, ""source"": """", ""targetType"": ""DeFi Protocol"", ""technique"": ""Price Manipulation Attack""}"
defillama:hacks,defillama_4798,zkFinance,2024-11-11,200000,zkSync Era,Protocol Logic,Oracle Misconfiguration Exploit,DeFi Protocol,,False,,,4798,False,blocked_missing_transaction_hash,Find canonical exploit transaction hash and chain before benchmark consideration.,"{""amount"": 200000, ""bridgeHack"": false, ""chain"": [""zkSync Era""], ""classification"": ""Protocol Logic"", ""date"": 1731283200, ""defillamaId"": 4798, ""language"": null, ""name"": ""zkFinance"", ""returnedFunds"": null, ""source"": """", ""targetType"": ""DeFi Protocol"", ""technique"": ""Oracle Misconfiguration Exploit""}"
defillama:hacks,defillama_206,xToken,2021-08-29,4500000,Ethereum,Ecosystem,Flashloan Price Oracle Attack,DeFi Protocol,Solidity,False,,,206,False,blocked_missing_transaction_hash,Find canonical exploit transaction hash and chain before benchmark consideration.,"{""amount"": 4500000, ""bridgeHack"": false, ""chain"": [""Ethereum""], ""classification"": ""Ecosystem"", ""date"": 1630195200, ""defillamaId"": 206, ""language"": ""Solidity"", ""name"": ""xToken"", ""returnedFunds"": null, ""source"": """", ""targetType"": ""DeFi Protocol"", ""technique"": ""Flashloan Price Oracle Attack""}"
defillama:hacks,defillama_6014,Typus Perp,2025-10-15,3400000,Sui,Protocol Logic,TLP Contract Exploit,DeFi Protocol,Move,False,,,6014,False,blocked_missing_transaction_hash,Find canonical exploit transaction hash and chain before benchmark consideration.,"{""amount"": 3400000, ""bridgeHack"": false, ""chain"": [""Sui""], ""classification"": ""Protocol Logic"", ""date"": 1760486400, ""defillamaId"": 6014, ""language"": ""Move"", ""name"": ""Typus Perp"", ""parentProtocolId"": ""parent#typus-finance"", ""returnedFunds"": null, ""source"": """", ""targetType"": ""DeFi Protocol"", ""technique"": ""TLP Contract Exploit""}"
defillama:hacks,defillama_4086,Garden,2025-10-30,10800000,Ethereum|Arbitrum|Base|Solana,Solver Exploit,Private Key Compromised,DeFi Protocol,,True,,,4086,False,blocked_missing_transaction_hash,Find canonical exploit transaction hash and chain before benchmark consideration.,"{""amount"": 10800000, ""bridgeHack"": true, ""chain"": [""Ethereum"", ""Arbitrum"", ""Base"", ""Solana""], ""classification"": ""Solver Exploit"", ""date"": 1761782400, ""defillamaId"": 4086, ""language"": null, ""name"": ""Garden"", ""returnedFunds"": null, ""source"": """", ""targetType"": ""DeFi Protocol"", ""technique"": ""Private Key Compromised""}"
defillama:hacks,defillama_2357,Roe Finance,2023-01-11,80000,Ethereum|Polygon,Ecosystem,Flashloan Pool Shares Exploit,DeFi Protocol,,False,,,2357,False,blocked_missing_transaction_hash,Find canonical exploit transaction hash and chain before benchmark consideration.,"{""amount"": 80000, ""bridgeHack"": false, ""chain"": [""Ethereum"", ""Polygon""], ""classification"": ""Ecosystem"", ""date"": 1673395200, ""defillamaId"": 2357, ""language"": null, ""name"": ""Roe Finance"", ""returnedFunds"": null, ""source"": """", ""targetType"": ""DeFi Protocol"", ""technique"": ""Flashloan Pool Shares Exploit""}"
defillama:hacks,defillama_355,Gamma,2024-01-04,4500000,Arbitrum,Protocol Logic,Price Manipulation Attack,DeFi Protocol,Solidity,False,,,355,False,blocked_missing_transaction_hash,Find canonical exploit transaction hash and chain before benchmark consideration.,"{""amount"": 4500000, ""bridgeHack"": false, ""chain"": [""Arbitrum""], ""classification"": ""Protocol Logic"", ""date"": 1704326400, ""defillamaId"": 355, ""language"": ""Solidity"", ""name"": ""Gamma"", ""returnedFunds"": null, ""source"": """", ""targetType"": ""DeFi Protocol"", ""technique"": ""Price Manipulation Attack""}"
defillama:hacks,defillama_4440,Ronin Bridge,2024-08-06,12000000,Ethereum,Protocol Logic,MEV bot manipulation exploit,DeFi Protocol,Solidity,True,,,4440,False,blocked_missing_transaction_hash,Find canonical exploit transaction hash and chain before benchmark consideration.,"{""amount"": 12000000, ""bridgeHack"": true, ""chain"": [""Ethereum""], ""classification"": ""Protocol Logic"", ""date"": 1722902400, ""defillamaId"": 4440, ""language"": ""Solidity"", ""name"": ""Ronin Bridge"", ""returnedFunds"": null, ""source"": """", ""targetType"": ""DeFi Protocol"", ""technique"": ""MEV bot manipulation exploit""}"
defillama:hacks,defillama_546,Omm,2023-01-21,1891000,Icon,Protocol Logic,Redeem Function Exploit,DeFi Protocol,Java,False,,,546,False,blocked_missing_transaction_hash,Find canonical exploit transaction hash and chain before benchmark consideration.,"{""amount"": 1891000, ""bridgeHack"": false, ""chain"": [""Icon""], ""classification"": ""Protocol Logic"", ""date"": 1674259200, ""defillamaId"": 546, ""language"": ""Java"", ""name"": ""Omm"", ""returnedFunds"": null, ""source"": """", ""targetType"": ""DeFi Protocol"", ""technique"": ""Redeem Function Exploit""}"
defillama:hacks,defillama_4966,uniBTC,2024-09-26,1700000,Ethereum,Protocol Logic,Minting Logic Exploit,DeFi Protocol,Solidity,False,,,4966,False,blocked_missing_transaction_hash,Find canonical exploit transaction hash and chain before benchmark consideration.,"{""amount"": 1700000, ""bridgeHack"": false, ""chain"": [""Ethereum""], ""classification"": ""Protocol Logic"", ""date"": 1727308800, ""defillamaId"": 4966, ""language"": ""Solidity"", ""name"": ""uniBTC"", ""returnedFunds"": null, ""source"": """", ""targetType"": ""DeFi Protocol"", ""technique"": ""Minting Logic Exploit""}"
defillama:hacks,defillama_3329,KiloEx,2025-04-14,7500000,BSC|Base|Taiko,Protocol Logic,Price Oracle Manipulation,DeFi Protocol,Solidity,False,6750000,,3329,False,blocked_missing_transaction_hash,Find canonical exploit transaction hash and chain before benchmark consideration.,"{""amount"": 7500000, ""bridgeHack"": false, ""chain"": [""BSC"", ""Base"", ""Taiko""], ""classification"": ""Protocol Logic"", ""date"": 1744588800, ""defillamaId"": 3329, ""language"": ""Solidity"", ""name"": ""KiloEx"", ""returnedFunds"": 6750000, ""source"": """", ""targetType"": ""DeFi Protocol"", ""technique"": ""Price Oracle Manipulation""}"
defillama:hacks,defillama_5315,Clober Liquidity Vault,2024-12-10,500000,Base,Protocol Logic,Reentrancy,DeFi Protocol,,False,,,5315,False,blocked_missing_transaction_hash,Find canonical exploit transaction hash and chain before benchmark consideration.,"{""amount"": 500000, ""bridgeHack"": false, ""chain"": [""Base""], ""classification"": ""Protocol Logic"", ""date"": 1733788800, ""defillamaId"": 5315, ""language"": null, ""name"": ""Clober Liquidity Vault"", ""parentProtocolId"": ""parent#clober"", ""returnedFunds"": null, ""source"": """", ""targetType"": ""DeFi Protocol"", ""technique"": ""Reentrancy""}"
defillama:hacks,defillama_5590,dTRINITY dLEND,2026-03-17,257000,Ethereum,Protocol Logic,Deposit Inflation Attack,DeFi Protocol,Solidity,False,,,5590,False,blocked_missing_transaction_hash,Find canonical exploit transaction hash and chain before benchmark consideration.,"{""amount"": 257000, ""bridgeHack"": false, ""chain"": [""Ethereum""], ""classification"": ""Protocol Logic"", ""date"": 1773705600, ""defillamaId"": 5590, ""language"": ""Solidity"", ""name"": ""dTRINITY dLEND"", ""parentProtocolId"": ""parent#dtrinity"", ""returnedFunds"": null, ""source"": """", ""targetType"": ""DeFi Protocol"", ""technique"": ""Deposit Inflation Attack""}"
defillama:hacks,defillama_173,Badger DAO,2021-12-02,120000000,Ethereum,Infrastructure,Cloudflare Key Compromised,DeFi Protocol,,False,,,173,False,blocked_missing_transaction_hash,Find canonical exploit transaction hash and chain before benchmark consideration.,"{""amount"": 120000000, ""bridgeHack"": false, ""chain"": [""Ethereum""], ""classification"": ""Infrastructure"", ""date"": 1638403200, ""defillamaId"": 173, ""language"": null, ""name"": ""Badger DAO"", ""returnedFunds"": null, ""source"": """", ""targetType"": ""DeFi Protocol"", ""technique"": ""Cloudflare Key Compromised""}"
defillama:hacks,2024-08-01_convergence,Convergence,2024-08-01,210000,Ethereum,Protocol Logic,Missing Input Validation,DeFi Protocol,Solidity,False,,,,False,blocked_missing_transaction_hash,Find canonical exploit transaction hash and chain before benchmark consideration.,"{""amount"": 210000, ""bridgeHack"": false, ""chain"": [""Ethereum""], ""classification"": ""Protocol Logic"", ""date"": 1722470400, ""defillamaId"": null, ""language"": ""Solidity"", ""name"": ""Convergence"", ""returnedFunds"": null, ""source"": """", ""targetType"": ""DeFi Protocol"", ""technique"": ""Missing Input Validation""}"
defillama:hacks,2025-11-22_raga_finance,Raga Finance,2025-11-22,18500,Hyperliquid L1,Infrastructure,HyperEVM Delta Neutral Exploit,DeFi Protocol,Solidity,False,,,,False,blocked_missing_transaction_hash,Find canonical exploit transaction hash and chain before benchmark consideration.,"{""amount"": 18500, ""bridgeHack"": false, ""chain"": [""Hyperliquid L1""], ""classification"": ""Infrastructure"", ""date"": 1763769600, ""defillamaId"": null, ""language"": ""Solidity"", ""name"": ""Raga Finance"", ""returnedFunds"": null, ""source"": """", ""targetType"": ""DeFi Protocol"", ""technique"": ""HyperEVM Delta Neutral Exploit""}"
defillama:hacks,2024-02-13_duelbits,DuelBits,2024-02-13,4600000,Ethereum,Infrastructure,Private Key Compromised,CEX,,False,,,,False,blocked_missing_transaction_hash,Find canonical exploit transaction hash and chain before benchmark consideration.,"{""amount"": 4600000, ""bridgeHack"": false, ""chain"": [""Ethereum""], ""classification"": ""Infrastructure"", ""date"": 1707782400, ""defillamaId"": null, ""language"": null, ""name"": ""DuelBits"", ""returnedFunds"": null, ""source"": """", ""targetType"": ""CEX"", ""technique"": ""Private Key Compromised""}"
defillama:hacks,2022-06-05_wintermute,Wintermute,2022-06-05,27600000,Optimism,Infrastructure,Cross Chain Multisig Deployment Exploit,DeFi Protocol,,False,,,,False,blocked_missing_transaction_hash,Find canonical exploit transaction hash and chain before benchmark consideration.,"{""amount"": 27600000, ""bridgeHack"": false, ""chain"": [""Optimism""], ""classification"": ""Infrastructure"", ""date"": 1654387200, ""defillamaId"": null, ""language"": null, ""name"": ""Wintermute"", ""returnedFunds"": null, ""source"": """", ""targetType"": ""DeFi Protocol"", ""technique"": ""Cross Chain Multisig Deployment Exploit""}"
defillama:hacks,defillama_275,SharedStake,2023-09-01,175000,Ethereum,Protocol Logic,Ownership Override Attack,DeFi Protocol,,False,,,275,False,blocked_missing_transaction_hash,Find canonical exploit transaction hash and chain before benchmark consideration.,"{""amount"": 175000, ""bridgeHack"": false, ""chain"": [""Ethereum""], ""classification"": ""Protocol Logic"", ""date"": 1693526400, ""defillamaId"": 275, ""language"": null, ""name"": ""SharedStake"", ""returnedFunds"": null, ""source"": """", ""targetType"": ""DeFi Protocol"", ""technique"": ""Ownership Override Attack""}"
defillama:hacks,defillama_5498,Mars Perps,2025-12-14,960000,Neutron,Protocol Logic,Thin-Market Skew Exploit,DeFi Protocol,Rust,False,,,5498,False,blocked_missing_transaction_hash,Find canonical exploit transaction hash and chain before benchmark consideration.,"{""amount"": 960000, ""bridgeHack"": false, ""chain"": [""Neutron""], ""classification"": ""Protocol Logic"", ""date"": 1765670400, ""defillamaId"": 5498, ""language"": ""Rust"", ""name"": ""Mars Perps"", ""parentProtocolId"": ""parent#mars-protocol"", ""returnedFunds"": null, ""source"": """", ""targetType"": ""DeFi Protocol"", ""technique"": ""Thin-Market Skew Exploit""}"
defillama:hacks,defillama_2900,Wasabi Perps,2026-04-30,5500000,Ethereum|Base|Berachain|Blast,Protocol Logic,Admin Key Compromised,DeFi Protocol,Solidity,False,,,2900,False,blocked_missing_transaction_hash,Find canonical exploit transaction hash and chain before benchmark consideration.,"{""amount"": 5500000, ""bridgeHack"": false, ""chain"": [""Ethereum"", ""Base"", ""Berachain"", ""Blast""], ""classification"": ""Protocol Logic"", ""date"": 1777507200, ""defillamaId"": 2900, ""language"": ""Solidity"", ""name"": ""Wasabi Perps"", ""parentProtocolId"": ""parent#wasabi"", ""returnedFunds"": null, ""source"": """", ""targetType"": ""DeFi Protocol"", ""technique"": ""Admin Key Compromised""}"
defillama:hacks,2024-12-04_vestra_dao,Vestra DAO,2024-12-04,500000,Ethereum,Protocol Logic,Staking Logic Exploit,DeFi Protocol,Solidity,False,,,,False,blocked_missing_transaction_hash,Find canonical exploit transaction hash and chain before benchmark consideration.,"{""amount"": 500000, ""bridgeHack"": false, ""chain"": [""Ethereum""], ""classification"": ""Protocol Logic"", ""date"": 1733270400, ""defillamaId"": null, ""language"": ""Solidity"", ""name"": ""Vestra DAO"", ""returnedFunds"": null, ""source"": """", ""targetType"": ""DeFi Protocol"", ""technique"": ""Staking Logic Exploit""}"
defillama:hacks,defillama_188,Indexed Finance,2021-10-14,16000000,Ethereum,Ecosystem,Flashloan Price Oracle Attack,DeFi Protocol,Solidity,False,,,188,False,blocked_missing_transaction_hash,Find canonical exploit transaction hash and chain before benchmark consideration.,"{""amount"": 16000000, ""bridgeHack"": false, ""chain"": [""Ethereum""], ""classification"": ""Ecosystem"", ""date"": 1634169600, ""defillamaId"": 188, ""language"": ""Solidity"", ""name"": ""Indexed Finance"", ""returnedFunds"": null, ""source"": """", ""targetType"": ""DeFi Protocol"", ""technique"": ""Flashloan Price Oracle Attack""}"
defillama:hacks,2023-09-15_remitano,Remitano,2023-09-15,2700000,Ethereum|Tron|BitcoinCash,Infrastructure,Private Key Compromised (Unknown Method),CEX,,False,,,,False,blocked_missing_transaction_hash,Find canonical exploit transaction hash and chain before benchmark consideration.,"{""amount"": 2700000, ""bridgeHack"": false, ""chain"": [""Ethereum"", ""Tron"", ""BitcoinCash""], ""classification"": ""Infrastructure"", ""date"": 1694736000, ""defillamaId"": null, ""language"": null, ""name"": ""Remitano"", ""returnedFunds"": null, ""source"": """", ""targetType"": ""CEX"", ""technique"": ""Private Key Compromised (Unknown Method)""}"
defillama:hacks,2026-03-07_molt_evm,Molt EVM,2026-03-07,127000,Base,Protocol Logic,onlySpawnerToken Modifier Hack,Other,Solidity,False,,,,False,blocked_missing_transaction_hash,Find canonical exploit transaction hash and chain before benchmark consideration.,"{""amount"": 127000, ""bridgeHack"": false, ""chain"": [""Base""], ""classification"": ""Protocol Logic"", ""date"": 1772841600, ""defillamaId"": null, ""language"": ""Solidity"", ""name"": ""Molt EVM"", ""returnedFunds"": null, ""source"": """", ""targetType"": ""Other"", ""technique"": ""onlySpawnerToken Modifier Hack""}"
defillama:hacks,2023-03-08_peopledao,PeopleDAO,2023-03-08,120000,Ethereum,Infrastructure,Social Engineering,DAO,,False,,,,False,blocked_missing_transaction_hash,Find canonical exploit transaction hash and chain before benchmark consideration.,"{""amount"": 120000, ""bridgeHack"": false, ""chain"": [""Ethereum""], ""classification"": ""Infrastructure"", ""date"": 1678233600, ""defillamaId"": null, ""language"": null, ""name"": ""PeopleDAO"", ""returnedFunds"": null, ""source"": """", ""targetType"": ""DAO"", ""technique"": ""Social Engineering""}"
defillama:hacks,defillama_1925,Midas Capital,2023-06-17,600000,BSC,Protocol Logic,Redeem Rounding Error Exploit,DeFi Protocol,Solidity,False,,,1925,False,blocked_missing_transaction_hash,Find canonical exploit transaction hash and chain before benchmark consideration.,"{""amount"": 600000, ""bridgeHack"": false, ""chain"": [""BSC""], ""classification"": ""Protocol Logic"", ""date"": 1686960000, ""defillamaId"": 1925, ""language"": ""Solidity"", ""name"": ""Midas Capital"", ""returnedFunds"": null, ""source"": """", ""targetType"": ""DeFi Protocol"", ""technique"": ""Redeem Rounding Error Exploit""}"
defillama:hacks,2026-05-16_adshares,Adshares,2026-05-16,628000,Ethereum,Protocol Logic,Bridge Verification Bypass,Other,Solidity,True,,,,False,blocked_missing_transaction_hash,Find canonical exploit transaction hash and chain before benchmark consideration.,"{""amount"": 628000, ""bridgeHack"": true, ""chain"": [""Ethereum""], ""classification"": ""Protocol Logic"", ""date"": 1778889600, ""defillamaId"": null, ""language"": ""Solidity"", ""name"": ""Adshares"", ""returnedFunds"": null, ""source"": """", ""targetType"": ""Other"", ""technique"": ""Bridge Verification Bypass""}"
defillama:hacks,2021-10-04_pnetwork,pNetwork,2021-10-04,13000000,BSC|Bitcoin,Protocol Logic,Log Spoofing,DeFi Protocol,Rust,True,,,,False,blocked_missing_transaction_hash,Find canonical exploit transaction hash and chain before benchmark consideration.,"{""amount"": 13000000, ""bridgeHack"": true, ""chain"": [""BSC"", ""Bitcoin""], ""classification"": ""Protocol Logic"", ""date"": 1633305600, ""defillamaId"": null, ""language"": ""Rust"", ""name"": ""pNetwork"", ""returnedFunds"": null, ""source"": """", ""targetType"": ""DeFi Protocol"", ""technique"": ""Log Spoofing""}"
defillama:hacks,defillama_5959,Evoq Finance,2025-09-10,420000,BSC,Infrastructure,Advanced Persistent Threat (APT) attack,DeFi Protocol,Solidity,False,,,5959,False,blocked_missing_transaction_hash,Find canonical exploit transaction hash and chain before benchmark consideration.,"{""amount"": 420000, ""bridgeHack"": false, ""chain"": [""BSC""], ""classification"": ""Infrastructure"", ""date"": 1757462400, ""defillamaId"": 5959, ""language"": ""Solidity"", ""name"": ""Evoq Finance"", ""returnedFunds"": null, ""source"": """", ""targetType"": ""DeFi Protocol"", ""technique"": ""Advanced Persistent Threat (APT) attack""}"
defillama:hacks,defillama_281,Ribbon,2025-12-12,2700000,Ethereum,Protocol Logic,Private Key Compromised,DeFi Protocol,Solidity,False,,,281,False,blocked_missing_transaction_hash,Find canonical exploit transaction hash and chain before benchmark consideration.,"{""amount"": 2700000, ""bridgeHack"": false, ""chain"": [""Ethereum""], ""classification"": ""Protocol Logic"", ""date"": 1765497600, ""defillamaId"": 281, ""language"": ""Solidity"", ""name"": ""Ribbon"", ""parentProtocolId"": ""parent#ribbon-finance"", ""returnedFunds"": null, ""source"": """", ""targetType"": ""DeFi Protocol"", ""technique"": ""Private Key Compromised""}"
defillama:hacks,defillama_2274,KuCoin,2020-09-29,45000000,Ethereum,Infrastructure,Private Key Compromised (Unknown Method),CEX,,False,,,2274,False,blocked_missing_transaction_hash,Find canonical exploit transaction hash and chain before benchmark consideration.,"{""amount"": 45000000, ""bridgeHack"": false, ""chain"": [""Ethereum""], ""classification"": ""Infrastructure"", ""date"": 1601337600, ""defillamaId"": 2274, ""language"": null, ""name"": ""KuCoin"", ""returnedFunds"": null, ""source"": """", ""targetType"": ""CEX"", ""technique"": ""Private Key Compromised (Unknown Method)""}"
defillama:hacks,2024-07-22_ethtrustfund,ETHTrustFund,2024-07-22,2100000,Base,Rugpull,Transferred Treasury to Mixers,DeFi Protocol,Solidity,False,,,,False,blocked_missing_transaction_hash,Find canonical exploit transaction hash and chain before benchmark consideration.,"{""amount"": 2100000, ""bridgeHack"": false, ""chain"": [""Base""], ""classification"": ""Rugpull"", ""date"": 1721606400, ""defillamaId"": null, ""language"": ""Solidity"", ""name"": ""ETHTrustFund"", ""returnedFunds"": null, ""source"": """", ""targetType"": ""DeFi Protocol"", ""technique"": ""Transferred Treasury to Mixers""}"
defillama:hacks,2026-04-13_mona,MONA,2026-04-13,60950,BSC,Protocol Logic,BurnAddress Accounting Exploit,Token,Solidity,False,,,,False,blocked_missing_transaction_hash,Find canonical exploit transaction hash and chain before benchmark consideration.,"{""amount"": 60950, ""bridgeHack"": false, ""chain"": [""BSC""], ""classification"": ""Protocol Logic"", ""date"": 1776038400, ""defillamaId"": null, ""language"": ""Solidity"", ""name"": ""MONA"", ""returnedFunds"": null, ""source"": """", ""targetType"": ""Token"", ""technique"": ""BurnAddress Accounting Exploit""}"
defillama:hacks,2025-03-14_berally,Berally,2025-03-14,90000,Berachain,Infrastructure,Private Key Compromised (Unknown Method),DeFi Protocol,Solidity,False,,,,False,blocked_missing_transaction_hash,Find canonical exploit transaction hash and chain before benchmark consideration.,"{""amount"": 90000, ""bridgeHack"": false, ""chain"": [""Berachain""], ""classification"": ""Infrastructure"", ""date"": 1741910400, ""defillamaId"": null, ""language"": ""Solidity"", ""name"": ""Berally"", ""returnedFunds"": null, ""source"": """", ""targetType"": ""DeFi Protocol"", ""technique"": ""Private Key Compromised (Unknown Method)""}"
defillama:hacks,defillama_3106,Unibot,2023-10-31,640000,Ethereum,Protocol Logic,Token approval exploit,DeFi Protocol,Solidity,False,,,3106,False,blocked_missing_transaction_hash,Find canonical exploit transaction hash and chain before benchmark consideration.,"{""amount"": 640000, ""bridgeHack"": false, ""chain"": [""Ethereum""], ""classification"": ""Protocol Logic"", ""date"": 1698710400, ""defillamaId"": 3106, ""language"": ""Solidity"", ""name"": ""Unibot"", ""returnedFunds"": null, ""source"": """", ""targetType"": ""DeFi Protocol"", ""technique"": ""Token approval exploit""}"
defillama:hacks,defillama_6262,Cork V1,2025-05-28,12000000,Ethereum,Protocol Logic,Access control bypass via hook,DeFi Protocol,Solidity,False,,,6262,False,blocked_missing_transaction_hash,Find canonical exploit transaction hash and chain before benchmark consideration.,"{""amount"": 12000000, ""bridgeHack"": false, ""chain"": [""Ethereum""], ""classification"": ""Protocol Logic"", ""date"": 1748390400, ""defillamaId"": 6262, ""language"": ""Solidity"", ""name"": ""Cork V1"", ""parentProtocolId"": ""parent#cork-protocol"", ""returnedFunds"": null, ""source"": """", ""targetType"": ""DeFi Protocol"", ""technique"": ""Access control bypass via hook""}"
defillama:hacks,2023-03-28_safemoon,Safemoon,2023-03-28,8900000,BSC,Protocol Logic,Access Control Exploit,DeFi Protocol,Solidity,False,,,,False,blocked_missing_transaction_hash,Find canonical exploit transaction hash and chain before benchmark consideration.,"{""amount"": 8900000, ""bridgeHack"": false, ""chain"": [""BSC""], ""classification"": ""Protocol Logic"", ""date"": 1679961600, ""defillamaId"": null, ""language"": ""Solidity"", ""name"": ""Safemoon"", ""returnedFunds"": null, ""source"": """", ""targetType"": ""DeFi Protocol"", ""technique"": ""Access Control Exploit""}"
defillama:hacks,2026-04-28_judao,JUDAO,2026-04-28,228000,BSC,Protocol Logic,Flashloan Exploit,Token,Solidity,False,,,,False,blocked_missing_transaction_hash,Find canonical exploit transaction hash and chain before benchmark consideration.,"{""amount"": 228000, ""bridgeHack"": false, ""chain"": [""BSC""], ""classification"": ""Protocol Logic"", ""date"": 1777334400, ""defillamaId"": null, ""language"": ""Solidity"", ""name"": ""JUDAO"", ""returnedFunds"": null, ""source"": """", ""targetType"": ""Token"", ""technique"": ""Flashloan Exploit""}"
defillama:hacks,2024-08-12_polynetwork,PolyNetwork,2024-08-12,5000000,PolyNetwork,Protocol Logic,Reentrancy,DeFi Protocol,Solidity,True,,,,False,blocked_missing_transaction_hash,Find canonical exploit transaction hash and chain before benchmark consideration.,"{""amount"": 5000000, ""bridgeHack"": true, ""chain"": [""PolyNetwork""], ""classification"": ""Protocol Logic"", ""date"": 1723420800, ""defillamaId"": null, ""language"": ""Solidity"", ""name"": ""PolyNetwork"", ""returnedFunds"": null, ""source"": """", ""targetType"": ""DeFi Protocol"", ""technique"": ""Reentrancy""}"
defillama:hacks,2022-11-12_ftx,FTX,2022-11-12,450000000,Ethereum|Solana,Infrastructure,Private Key Compromised (Unknown Method),CEX,,False,,,,False,blocked_missing_transaction_hash,Find canonical exploit transaction hash and chain before benchmark consideration.,"{""amount"": 450000000, ""bridgeHack"": false, ""chain"": [""Ethereum"", ""Solana""], ""classification"": ""Infrastructure"", ""date"": 1668211200, ""defillamaId"": null, ""language"": null, ""name"": ""FTX"", ""returnedFunds"": null, ""source"": """", ""targetType"": ""CEX"", ""technique"": ""Private Key Compromised (Unknown Method)""}"
defillama:hacks,2024-06-20_okx_nft_aggregator,OKX NFT Aggregator,2024-06-20,14000,BSC,Protocol Logic,Access Control Exploit,CEX,Solidity,False,,,,False,blocked_missing_transaction_hash,Find canonical exploit transaction hash and chain before benchmark consideration.,"{""amount"": 14000, ""bridgeHack"": false, ""chain"": [""BSC""], ""classification"": ""Protocol Logic"", ""date"": 1718841600, ""defillamaId"": null, ""language"": ""Solidity"", ""name"": ""OKX NFT Aggregator"", ""returnedFunds"": null, ""source"": """", ""targetType"": ""CEX"", ""technique"": ""Access Control Exploit""}"
defillama:hacks,2026-05-19_hermesvault,HermesVault,2026-05-19,30000,Algorand,Protocol Logic,Rekeying Attack,DeFi Protocol,Javascript,False,26000,,,False,blocked_missing_transaction_hash,Find canonical exploit transaction hash and chain before benchmark consideration.,"{""amount"": 30000, ""bridgeHack"": false, ""chain"": [""Algorand""], ""classification"": ""Protocol Logic"", ""date"": 1779148800, ""defillamaId"": null, ""language"": ""Javascript"", ""name"": ""HermesVault"", ""returnedFunds"": 26000, ""source"": """", ""targetType"": ""DeFi Protocol"", ""technique"": ""Rekeying Attack""}"
defillama:hacks,defillama_2615,KyberSwap Elastic,2023-11-22,48000000,Ethereum|Base|Polygon|Optimism|Arbitrum,Protocol Logic,Flashloan Swap Logic Exploit,DeFi Protocol,Solidity,False,,,2615,False,blocked_missing_transaction_hash,Find canonical exploit transaction hash and chain before benchmark consideration.,"{""amount"": 48000000, ""bridgeHack"": false, ""chain"": [""Ethereum"", ""Base"", ""Polygon"", ""Optimism"", ""Arbitrum""], ""classification"": ""Protocol Logic"", ""date"": 1700611200, ""defillamaId"": 2615, ""language"": ""Solidity"", ""name"": ""KyberSwap Elastic"", ""parentProtocolId"": ""parent#kyberswap"", ""returnedFunds"": null, ""source"": """", ""targetType"": ""DeFi Protocol"", ""technique"": ""Flashloan Swap Logic Exploit""}"
defillama:hacks,defillama_1201,Zunami Protocol,2023-08-13,2100000,Ethereum,Ecosystem,Price Manipulation Attack,DeFi Protocol,Solidity,False,,,1201,False,blocked_missing_transaction_hash,Find canonical exploit transaction hash and chain before benchmark consideration.,"{""amount"": 2100000, ""bridgeHack"": false, ""chain"": [""Ethereum""], ""classification"": ""Ecosystem"", ""date"": 1691884800, ""defillamaId"": 1201, ""language"": ""Solidity"", ""name"": ""Zunami Protocol"", ""returnedFunds"": null, ""source"": """", ""targetType"": ""DeFi Protocol"", ""technique"": ""Price Manipulation Attack""}"
defillama:hacks,defillama_2611,Balancer V2,2025-11-03,128000000,Ethereum|Arbitrum|Base|Polygon|Sonic|Optimism,Protocol Logic,Composable Stable Pools Exploit,DeFi Protocol,Solidity,False,,,2611,False,blocked_missing_transaction_hash,Find canonical exploit transaction hash and chain before benchmark consideration.,"{""amount"": 128000000, ""bridgeHack"": false, ""chain"": [""Ethereum"", ""Arbitrum"", ""Base"", ""Polygon"", ""Sonic"", ""Optimism""], ""classification"": ""Protocol Logic"", ""date"": 1762128000, ""defillamaId"": 2611, ""language"": ""Solidity"", ""name"": ""Balancer V2"", ""parentProtocolId"": ""parent#balancer"", ""returnedFunds"": null, ""source"": """", ""targetType"": ""DeFi Protocol"", ""technique"": ""Composable Stable Pools Exploit""}"
defillama:hacks,defillama_2841,Rodeo,2023-07-04,90000,Arbitrum,Protocol Logic,Mint Reserves Logic Exploit,DeFi Protocol,Solidity,False,,,2841,False,blocked_missing_transaction_hash,Find canonical exploit transaction hash and chain before benchmark consideration.,"{""amount"": 90000, ""bridgeHack"": false, ""chain"": [""Arbitrum""], ""classification"": ""Protocol Logic"", ""date"": 1688428800, ""defillamaId"": 2841, ""language"": ""Solidity"", ""name"": ""Rodeo"", ""returnedFunds"": null, ""source"": """", ""targetType"": ""DeFi Protocol"", ""technique"": ""Mint Reserves Logic Exploit""}"
defillama:hacks,2018-01-26_coincheck,Coincheck,2018-01-26,534000000,NEM,Infrastructure,Private Key Compromised (Unknown Method),CEX,,False,,,,False,blocked_missing_transaction_hash,Find canonical exploit transaction hash and chain before benchmark consideration.,"{""amount"": 534000000, ""bridgeHack"": false, ""chain"": [""NEM""], ""classification"": ""Infrastructure"", ""date"": 1516924800, ""defillamaId"": null, ""language"": null, ""name"": ""Coincheck"", ""returnedFunds"": null, ""source"": """", ""targetType"": ""CEX"", ""technique"": ""Private Key Compromised (Unknown Method)""}"
defillama:hacks,2017-11-09_parity_multisig,Parity Multisig,2017-11-09,150000000,Ethereum,Protocol Logic,Contract not initialized,DeFi Protocol,Solidity,False,,,,False,blocked_missing_transaction_hash,Find canonical exploit transaction hash and chain before benchmark consideration.,"{""amount"": 150000000, ""bridgeHack"": false, ""chain"": [""Ethereum""], ""classification"": ""Protocol Logic"", ""date"": 1510185600, ""defillamaId"": null, ""language"": ""Solidity"", ""name"": ""Parity Multisig"", ""returnedFunds"": null, ""source"": """", ""targetType"": ""DeFi Protocol"", ""technique"": ""Contract not initialized""}"
defillama:hacks,2023-05-24_local_traders,Local Traders,2023-05-24,118000,BSC,Protocol Logic,Access Control Exploit,DeFi Protocol,Solidity,False,,,,False,blocked_missing_transaction_hash,Find canonical exploit transaction hash and chain before benchmark consideration.,"{""amount"": 118000, ""bridgeHack"": false, ""chain"": [""BSC""], ""classification"": ""Protocol Logic"", ""date"": 1684886400, ""defillamaId"": null, ""language"": ""Solidity"", ""name"": ""Local Traders"", ""returnedFunds"": null, ""source"": """", ""targetType"": ""DeFi Protocol"", ""technique"": ""Access Control Exploit""}"
defillama:hacks,defillama_2142,Sonne Finance,2024-05-15,20000000,Optimism,Ecosystem,Flashloan Donate Function Logic Exploit,DeFi Protocol,Solidity,False,,,2142,False,blocked_missing_transaction_hash,Find canonical exploit transaction hash and chain before benchmark consideration.,"{""amount"": 20000000, ""bridgeHack"": false, ""chain"": [""Optimism""], ""classification"": ""Ecosystem"", ""date"": 1715731200, ""defillamaId"": 2142, ""language"": ""Solidity"", ""name"": ""Sonne Finance"", ""returnedFunds"": null, ""source"": """", ""targetType"": ""DeFi Protocol"", ""technique"": ""Flashloan Donate Function Logic Exploit""}"
defillama:hacks,2023-06-03_atomic_wallet,Atomic Wallet,2023-06-03,100000000,Ethereum|Tron|BSC|Bitcoin|Polkadot|Avalanche,Infrastructure,Private Key Compromised (Unknown Method),Wallet,,False,,,,False,blocked_missing_transaction_hash,Find canonical exploit transaction hash and chain before benchmark consideration.,"{""amount"": 100000000, ""bridgeHack"": false, ""chain"": [""Ethereum"", ""Tron"", ""BSC"", ""Bitcoin"", ""Polkadot"", ""Avalanche""], ""classification"": ""Infrastructure"", ""date"": 1685750400, ""defillamaId"": null, ""language"": null, ""name"": ""Atomic Wallet"", ""returnedFunds"": null, ""source"": """", ""targetType"": ""Wallet"", ""technique"": ""Private Key Compromised (Unknown Method)""}"
defillama:hacks,2021-12-11_ascendex,AscenDEX,2021-12-11,77000000,Ethereum|BSC|Polygon,Infrastructure,Private Key Compromised,CEX,,False,,,,False,blocked_missing_transaction_hash,Find canonical exploit transaction hash and chain before benchmark consideration.,"{""amount"": 77000000, ""bridgeHack"": false, ""chain"": [""Ethereum"", ""BSC"", ""Polygon""], ""classification"": ""Infrastructure"", ""date"": 1639180800, ""defillamaId"": null, ""language"": null, ""name"": ""AscenDEX"", ""returnedFunds"": null, ""source"": """", ""targetType"": ""CEX"", ""technique"": ""Private Key Compromised""}"
defillama:hacks,2024-12-01_spectral_labs,Spectral Labs,2024-12-01,200000,Ethereum,Protocol Logic,Bonding Curve Exploit,DeFi Protocol,,False,,,,False,blocked_missing_transaction_hash,Find canonical exploit transaction hash and chain before benchmark consideration.,"{""amount"": 200000, ""bridgeHack"": false, ""chain"": [""Ethereum""], ""classification"": ""Protocol Logic"", ""date"": 1733011200, ""defillamaId"": null, ""language"": null, ""name"": ""Spectral Labs"", ""returnedFunds"": null, ""source"": """", ""targetType"": ""DeFi Protocol"", ""technique"": ""Bonding Curve Exploit""}"
defillama:hacks,defillama_1853,Moonwell Lending,2025-11-04,1000000,Base|Optimism,Protocol Logic,Oracle Price Feed Manipulation,DeFi Protocol,Solidity,False,,,1853,False,blocked_missing_transaction_hash,Find canonical exploit transaction hash and chain before benchmark consideration.,"{""amount"": 1000000, ""bridgeHack"": false, ""chain"": [""Base"", ""Optimism""], ""classification"": ""Protocol Logic"", ""date"": 1762214400, ""defillamaId"": 1853, ""language"": ""Solidity"", ""name"": ""Moonwell Lending"", ""parentProtocolId"": ""parent#moonwell"", ""returnedFunds"": null, ""source"": """", ""targetType"": ""DeFi Protocol"", ""technique"": ""Oracle Price Feed Manipulation""}"
defillama:hacks,defillama_3946,Kelp,2026-04-18,293000000,Ethereum|Arbitrum,Infrastructure,LayerZero OFT bridge exploit,DeFi Protocol,Solidity,True,,,3946,False,blocked_missing_transaction_hash,Find canonical exploit transaction hash and chain before benchmark consideration.,"{""amount"": 293000000, ""bridgeHack"": true, ""chain"": [""Ethereum"", ""Arbitrum""], ""classification"": ""Infrastructure"", ""date"": 1776470400, ""defillamaId"": 3946, ""language"": ""Solidity"", ""name"": ""Kelp"", ""parentProtocolId"": ""parent#kelp-dao"", ""returnedFunds"": null, ""source"": """", ""targetType"": ""DeFi Protocol"", ""technique"": ""LayerZero OFT bridge exploit""}"
defillama:hacks,defillama_4837,Step Finance,2026-01-31,40000000,Solana,Infrastructure,Private Key Compromised,DeFi Protocol,Rust,False,,,4837,False,blocked_missing_transaction_hash,Find canonical exploit transaction hash and chain before benchmark consideration.,"{""amount"": 40000000, ""bridgeHack"": false, ""chain"": [""Solana""], ""classification"": ""Infrastructure"", ""date"": 1769817600, ""defillamaId"": 4837, ""language"": ""Rust"", ""name"": ""Step Finance"", ""returnedFunds"": null, ""source"": """", ""targetType"": ""DeFi Protocol"", ""technique"": ""Private Key Compromised""}"
defillama:hacks,defillama_607,Hundred Finance,2022-03-15,6200000,Gnosis Chain,Ecosystem,Flashloan Reentrancy Attack,DeFi Protocol,Solidity,False,,,607,False,blocked_missing_transaction_hash,Find canonical exploit transaction hash and chain before benchmark consideration.,"{""amount"": 6200000, ""bridgeHack"": false, ""chain"": [""Gnosis Chain""], ""classification"": ""Ecosystem"", ""date"": 1647302400, ""defillamaId"": 607, ""language"": ""Solidity"", ""name"": ""Hundred Finance"", ""returnedFunds"": null, ""source"": """", ""targetType"": ""DeFi Protocol"", ""technique"": ""Flashloan Reentrancy Attack""}"
defillama:hacks,defillama_278,Ankr,2022-12-02,5000000,BSC,Protocol Logic,Access Control Exploit,DeFi Protocol,Solidity,False,5000000,,278,False,blocked_missing_transaction_hash,Find canonical exploit transaction hash and chain before benchmark consideration.,"{""amount"": 5000000, ""bridgeHack"": false, ""chain"": [""BSC""], ""classification"": ""Protocol Logic"", ""date"": 1669939200, ""defillamaId"": 278, ""language"": ""Solidity"", ""name"": ""Ankr"", ""returnedFunds"": 5000000, ""source"": """", ""targetType"": ""DeFi Protocol"", ""technique"": ""Access Control Exploit""}"
defillama:hacks,defillama_121,CREAM Lending,2021-08-30,18800000,Ethereum,Ecosystem,Flashloan Reentrancy Attack,DeFi Protocol,Solidity,False,,,121,False,blocked_missing_transaction_hash,Find canonical exploit transaction hash and chain before benchmark consideration.,"{""amount"": 18800000, ""bridgeHack"": false, ""chain"": [""Ethereum""], ""classification"": ""Ecosystem"", ""date"": 1630281600, ""defillamaId"": 121, ""language"": ""Solidity"", ""name"": ""CREAM Lending"", ""parentProtocolId"": ""parent#cream-finance"", ""returnedFunds"": null, ""source"": """", ""targetType"": ""DeFi Protocol"", ""technique"": ""Flashloan Reentrancy Attack""}"
defillama:hacks,defillama_2273,Deribit,2022-11-01,28000000,,Infrastructure,Private Key Compromised (Unknown Method),CEX,,False,,,2273,False,blocked_missing_transaction_hash,Find canonical exploit transaction hash and chain before benchmark consideration.,"{""amount"": 28000000, ""bridgeHack"": false, ""chain"": [], ""classification"": ""Infrastructure"", ""date"": 1667260800, ""defillamaId"": 2273, ""language"": null, ""name"": ""Deribit"", ""returnedFunds"": null, ""source"": """", ""targetType"": ""CEX"", ""technique"": ""Private Key Compromised (Unknown Method)""}"
defillama:hacks,defillama_2479,DeltaPrime,2024-11-11,4800000,Arbitrum|Avalanche,Protocol Logic,Debt Swap Exploit,DeFi Protocol,Solidity,False,,,2479,False,blocked_missing_transaction_hash,Find canonical exploit transaction hash and chain before benchmark consideration.,"{""amount"": 4800000, ""bridgeHack"": false, ""chain"": [""Arbitrum"", ""Avalanche""], ""classification"": ""Protocol Logic"", ""date"": 1731283200, ""defillamaId"": 2479, ""language"": ""Solidity"", ""name"": ""DeltaPrime"", ""returnedFunds"": null, ""source"": """", ""targetType"": ""DeFi Protocol"", ""technique"": ""Debt Swap Exploit""}"
defillama:hacks,2025-09-13_shibarium,Shibarium,2025-09-13,3000000,Shibarium,Protocol Logic,Validator Stake Manipulation by Flashloan,DeFi Protocol,Solidity,True,,,,False,blocked_missing_transaction_hash,Find canonical exploit transaction hash and chain before benchmark consideration.,"{""amount"": 3000000, ""bridgeHack"": true, ""chain"": [""Shibarium""], ""classification"": ""Protocol Logic"", ""date"": 1757721600, ""defillamaId"": null, ""language"": ""Solidity"", ""name"": ""Shibarium"", ""returnedFunds"": null, ""source"": """", ""targetType"": ""DeFi Protocol"", ""technique"": ""Validator Stake Manipulation by Flashloan""}"
defillama:hacks,2023-03-27_kokomo_finance,Kokomo Finance,2023-03-27,4000000,Optimism,Rugpull,Drained Contracts,DeFi Protocol,Solidity,False,,,,False,blocked_missing_transaction_hash,Find canonical exploit transaction hash and chain before benchmark consideration.,"{""amount"": 4000000, ""bridgeHack"": false, ""chain"": [""Optimism""], ""classification"": ""Rugpull"", ""date"": 1679875200, ""defillamaId"": null, ""language"": ""Solidity"", ""name"": ""Kokomo Finance"", ""returnedFunds"": null, ""source"": """", ""targetType"": ""DeFi Protocol"", ""technique"": ""Drained Contracts""}"
defillama:hacks,2024-11-16_dexx,DEXX,2024-11-16,21000000,Solana,Infrastructure,Private Key Compromised (Stored Publicly),Wallet,,False,,,,False,blocked_missing_transaction_hash,Find canonical exploit transaction hash and chain before benchmark consideration.,"{""amount"": 21000000, ""bridgeHack"": false, ""chain"": [""Solana""], ""classification"": ""Infrastructure"", ""date"": 1731715200, ""defillamaId"": null, ""language"": null, ""name"": ""DEXX"", ""returnedFunds"": null, ""source"": """", ""targetType"": ""Wallet"", ""technique"": ""Private Key Compromised (Stored Publicly)""}"
defillama:hacks,2026-04-29_sweat_foundation,Sweat Foundation,2026-04-29,3500000,Near,Protocol Logic,Refund_first & Refund_second Logic Exploit,DeFi Protocol,Rust,False,,,,False,blocked_missing_transaction_hash,Find canonical exploit transaction hash and chain before benchmark consideration.,"{""amount"": 3500000, ""bridgeHack"": false, ""chain"": [""Near""], ""classification"": ""Protocol Logic"", ""date"": 1777420800, ""defillamaId"": null, ""language"": ""Rust"", ""name"": ""Sweat Foundation"", ""returnedFunds"": null, ""source"": """", ""targetType"": ""DeFi Protocol"", ""technique"": ""Refund_first & Refund_second Logic Exploit""}"
defillama:hacks,2026-04-16_grinex,Grinex,2026-04-16,15000000,Tron|Ethereum,Infrastructure,Hot wallet hack,CEX,,False,,,,False,blocked_missing_transaction_hash,Find canonical exploit transaction hash and chain before benchmark consideration.,"{""amount"": 15000000, ""bridgeHack"": false, ""chain"": [""Tron"", ""Ethereum""], ""classification"": ""Infrastructure"", ""date"": 1776297600, ""defillamaId"": null, ""language"": null, ""name"": ""Grinex"", ""returnedFunds"": null, ""source"": """", ""targetType"": ""CEX"", ""technique"": ""Hot wallet hack""}"
defillama:hacks,defillama_1461,WOOFi Swap,2024-03-05,8500000,Arbitrum,Protocol Logic,Price Oracle Manipulation,DeFi Protocol,Solidity,False,,,1461,False,blocked_missing_transaction_hash,Find canonical exploit transaction hash and chain before benchmark consideration.,"{""amount"": 8500000, ""bridgeHack"": false, ""chain"": [""Arbitrum""], ""classification"": ""Protocol Logic"", ""date"": 1709596800, ""defillamaId"": 1461, ""language"": ""Solidity"", ""name"": ""WOOFi Swap"", ""parentProtocolId"": ""parent#woofi"", ""returnedFunds"": null, ""source"": """", ""targetType"": ""DeFi Protocol"", ""technique"": ""Price Oracle Manipulation""}"
defillama:hacks,defillama_3473,PrismaLST,2024-03-28,11600000,Ethereum,Protocol Logic,Flashloan Trove Manipulation,DeFi Protocol,Solidity,False,,,3473,False,blocked_missing_transaction_hash,Find canonical exploit transaction hash and chain before benchmark consideration.,"{""amount"": 11600000, ""bridgeHack"": false, ""chain"": [""Ethereum""], ""classification"": ""Protocol Logic"", ""date"": 1711584000, ""defillamaId"": 3473, ""language"": ""Solidity"", ""name"": ""PrismaLST"", ""parentProtocolId"": ""parent#prisma"", ""returnedFunds"": null, ""source"": """", ""targetType"": ""DeFi Protocol"", ""technique"": ""Flashloan Trove Manipulation""}"
defillama:hacks,2026-05-12_aurellion,Aurellion,2026-05-12,456000,Arbitrum,Protocol Logic,Uninitialized Proxy Exploit,RWA,Solidity,False,,,,False,blocked_missing_transaction_hash,Find canonical exploit transaction hash and chain before benchmark consideration.,"{""amount"": 456000, ""bridgeHack"": false, ""chain"": [""Arbitrum""], ""classification"": ""Protocol Logic"", ""date"": 1778544000, ""defillamaId"": null, ""language"": ""Solidity"", ""name"": ""Aurellion"", ""returnedFunds"": null, ""source"": """", ""targetType"": ""RWA"", ""technique"": ""Uninitialized Proxy Exploit""}"
defillama:hacks,2020-02-12_trinity_wallet,Trinity Wallet,2020-02-12,2350000,Iota,Infrastructure,Cloudflare Key Compromised,Wallet,,False,,,,False,blocked_missing_transaction_hash,Find canonical exploit transaction hash and chain before benchmark consideration.,"{""amount"": 2350000, ""bridgeHack"": false, ""chain"": [""Iota""], ""classification"": ""Infrastructure"", ""date"": 1581465600, ""defillamaId"": null, ""language"": null, ""name"": ""Trinity Wallet"", ""returnedFunds"": null, ""source"": """", ""targetType"": ""Wallet"", ""technique"": ""Cloudflare Key Compromised""}"
defillama:hacks,defillama_4547,Bittensor,2024-07-02,8000000,,Infrastructure,Private Key Compromised (Supply Chain Attack),DeFi Protocol,Python,False,,,4547,False,blocked_missing_transaction_hash,Find canonical exploit transaction hash and chain before benchmark consideration.,"{""amount"": 8000000, ""bridgeHack"": false, ""chain"": [], ""classification"": ""Infrastructure"", ""date"": 1719878400, ""defillamaId"": 4547, ""language"": ""Python"", ""name"": ""Bittensor"", ""returnedFunds"": null, ""source"": """", ""targetType"": ""DeFi Protocol"", ""technique"": ""Private Key Compromised (Supply Chain Attack)""}"
defillama:hacks,defillama_347,Abracadabra Spell,2025-03-25,13000000,Arbitrum,Protocol Logic,,DeFi Protocol,Solidity,False,,,347,False,blocked_missing_transaction_hash,Find canonical exploit transaction hash and chain before benchmark consideration.,"{""amount"": 13000000, ""bridgeHack"": false, ""chain"": [""Arbitrum""], ""classification"": ""Protocol Logic"", ""date"": 1742860800, ""defillamaId"": 347, ""language"": ""Solidity"", ""name"": ""Abracadabra Spell"", ""parentProtocolId"": ""parent#abracadabra"", ""returnedFunds"": null, ""source"": """", ""targetType"": ""DeFi Protocol"", ""technique"": null}"
defillama:hacks,2021-12-04_bitmart,Bitmart,2021-12-04,196000000,Ethereum|BSC,Infrastructure,Private Key Compromised (Unknown Method),CEX,,False,,,,False,blocked_missing_transaction_hash,Find canonical exploit transaction hash and chain before benchmark consideration.,"{""amount"": 196000000, ""bridgeHack"": false, ""chain"": [""Ethereum"", ""BSC""], ""classification"": ""Infrastructure"", ""date"": 1638576000, ""defillamaId"": null, ""language"": null, ""name"": ""Bitmart"", ""returnedFunds"": null, ""source"": """", ""targetType"": ""CEX"", ""technique"": ""Private Key Compromised (Unknown Method)""}"
defillama:hacks,defillama_380,LendHub,2023-01-16,6000000,Heco,Protocol Logic,Collateral Offboarding Mistake,DeFi Protocol,Solidity,False,,,380,False,blocked_missing_transaction_hash,Find canonical exploit transaction hash and chain before benchmark consideration.,"{""amount"": 6000000, ""bridgeHack"": false, ""chain"": [""Heco""], ""classification"": ""Protocol Logic"", ""date"": 1673827200, ""defillamaId"": 380, ""language"": ""Solidity"", ""name"": ""LendHub"", ""returnedFunds"": null, ""source"": """", ""targetType"": ""DeFi Protocol"", ""technique"": ""Collateral Offboarding Mistake""}"
defillama:hacks,2021-03-05_paid_network,Paid Network,2021-03-05,27000000,Ethereum,Rugpull,Infinite Mint and Dump,DeFi Protocol,,False,,,,False,blocked_missing_transaction_hash,Find canonical exploit transaction hash and chain before benchmark consideration.,"{""amount"": 27000000, ""bridgeHack"": false, ""chain"": [""Ethereum""], ""classification"": ""Rugpull"", ""date"": 1614902400, ""defillamaId"": null, ""language"": null, ""name"": ""Paid Network"", ""returnedFunds"": null, ""source"": """", ""targetType"": ""DeFi Protocol"", ""technique"": ""Infinite Mint and Dump""}"
defillama:hacks,defillama_6216,Revert Lend,2026-01-29,50000,Base,Protocol Logic,Staked Collateral Exploit,DeFi Protocol,Solidity,False,,,6216,False,blocked_missing_transaction_hash,Find canonical exploit transaction hash and chain before benchmark consideration.,"{""amount"": 50000, ""bridgeHack"": false, ""chain"": [""Base""], ""classification"": ""Protocol Logic"", ""date"": 1769644800, ""defillamaId"": 6216, ""language"": ""Solidity"", ""name"": ""Revert Lend"", ""parentProtocolId"": ""parent#revert"", ""returnedFunds"": null, ""source"": """", ""targetType"": ""DeFi Protocol"", ""technique"": ""Staked Collateral Exploit""}"
defillama:hacks,defillama_114,Compound V2,2021-09-29,147000000,Ethereum,Protocol Logic,Math Mistake Exploit,DeFi Protocol,Solidity,False,,,114,False,blocked_missing_transaction_hash,Find canonical exploit transaction hash and chain before benchmark consideration.,"{""amount"": 147000000, ""bridgeHack"": false, ""chain"": [""Ethereum""], ""classification"": ""Protocol Logic"", ""date"": 1632873600, ""defillamaId"": 114, ""language"": ""Solidity"", ""name"": ""Compound V2"", ""parentProtocolId"": ""parent#compound-finance"", ""returnedFunds"": null, ""source"": """", ""targetType"": ""DeFi Protocol"", ""technique"": ""Math Mistake Exploit""}"
defillama:hacks,2025-08-13_coinbase,Coinbase,2025-08-13,300000,Ethereum,Ecosystem,MEV composability attack,CEX,Solidity,False,,,,False,blocked_missing_transaction_hash,Find canonical exploit transaction hash and chain before benchmark consideration.,"{""amount"": 300000, ""bridgeHack"": false, ""chain"": [""Ethereum""], ""classification"": ""Ecosystem"", ""date"": 1755043200, ""defillamaId"": null, ""language"": ""Solidity"", ""name"": ""Coinbase"", ""returnedFunds"": null, ""source"": """", ""targetType"": ""CEX"", ""technique"": ""MEV composability attack""}"
defillama:hacks,defillama_6556,GoonFi,2026-03-28,254000,Solana,Protocol Logic,Mispricing arbitrage,DeFi Protocol,Rust,False,,,6556,False,blocked_missing_transaction_hash,Find canonical exploit transaction hash and chain before benchmark consideration.,"{""amount"": 254000, ""bridgeHack"": false, ""chain"": [""Solana""], ""classification"": ""Protocol Logic"", ""date"": 1774656000, ""defillamaId"": 6556, ""language"": ""Rust"", ""name"": ""GoonFi"", ""returnedFunds"": null, ""source"": """", ""targetType"": ""DeFi Protocol"", ""technique"": ""Mispricing arbitrage""}"
defillama:hacks,2024-07-31_terra_2_0,Terra 2.0,2024-07-31,5000000,Terra2,Infrastructure,IBC hooks exploit,DeFi Protocol,Golang,False,,,,False,blocked_missing_transaction_hash,Find canonical exploit transaction hash and chain before benchmark consideration.,"{""amount"": 5000000, ""bridgeHack"": false, ""chain"": [""Terra2""], ""classification"": ""Infrastructure"", ""date"": 1722384000, ""defillamaId"": null, ""language"": ""Golang"", ""name"": ""Terra 2.0"", ""returnedFunds"": null, ""source"": """", ""targetType"": ""DeFi Protocol"", ""technique"": ""IBC hooks exploit""}"
defillama:hacks,2024-01-16_bungee,Bungee,2024-01-16,3300000,Ethereum,Protocol Logic,Missing Input Validation,DeFi Protocol,Solidity,True,,,,False,blocked_missing_transaction_hash,Find canonical exploit transaction hash and chain before benchmark consideration.,"{""amount"": 3300000, ""bridgeHack"": true, ""chain"": [""Ethereum""], ""classification"": ""Protocol Logic"", ""date"": 1705363200, ""defillamaId"": null, ""language"": ""Solidity"", ""name"": ""Bungee"", ""returnedFunds"": null, ""source"": """", ""targetType"": ""DeFi Protocol"", ""technique"": ""Missing Input Validation""}"
defillama:hacks,defillama_4137,Seneca,2024-02-28,6500000,Ethereum|Arbitrum,Protocol Logic,Token approval exploit,DeFi Protocol,Solidity,False,,,4137,False,blocked_missing_transaction_hash,Find canonical exploit transaction hash and chain before benchmark consideration.,"{""amount"": 6500000, ""bridgeHack"": false, ""chain"": [""Ethereum"", ""Arbitrum""], ""classification"": ""Protocol Logic"", ""date"": 1709078400, ""defillamaId"": 4137, ""language"": ""Solidity"", ""name"": ""Seneca"", ""returnedFunds"": null, ""source"": """", ""targetType"": ""DeFi Protocol"", ""technique"": ""Token approval exploit""}"
defillama:hacks,2022-03-31_ola_finance,Ola Finance,2022-03-31,4000000,Fuse,Smart Contract Language,Reentrancy,DeFi Protocol,Solidity,False,,,,False,blocked_missing_transaction_hash,Find canonical exploit transaction hash and chain before benchmark consideration.,"{""amount"": 4000000, ""bridgeHack"": false, ""chain"": [""Fuse""], ""classification"": ""Smart Contract Language"", ""date"": 1648684800, ""defillamaId"": null, ""language"": ""Solidity"", ""name"": ""Ola Finance"", ""returnedFunds"": null, ""source"": """", ""targetType"": ""DeFi Protocol"", ""technique"": ""Reentrancy""}"
defillama:hacks,defillama_2761,Hector Lending,2023-06-02,653000,Fantom,Protocol Logic,Unknown,DeFi Protocol,,True,,,2761,False,blocked_missing_transaction_hash,Find canonical exploit transaction hash and chain before benchmark consideration.,"{""amount"": 653000, ""bridgeHack"": true, ""chain"": [""Fantom""], ""classification"": ""Protocol Logic"", ""date"": 1685664000, ""defillamaId"": 2761, ""language"": null, ""name"": ""Hector Lending"", ""parentProtocolId"": ""parent#hector-network"", ""returnedFunds"": null, ""source"": """", ""targetType"": ""DeFi Protocol"", ""technique"": ""Unknown""}"
defillama:hacks,2025-08-10_numa,numa.,2025-08-10,320000,Sonic,Protocol Logic,NumaVault Exploit,DeFi Protocol,Solidity,False,,,,False,blocked_missing_transaction_hash,Find canonical exploit transaction hash and chain before benchmark consideration.,"{""amount"": 320000, ""bridgeHack"": false, ""chain"": [""Sonic""], ""classification"": ""Protocol Logic"", ""date"": 1754784000, ""defillamaId"": null, ""language"": ""Solidity"", ""name"": ""numa."", ""returnedFunds"": null, ""source"": """", ""targetType"": ""DeFi Protocol"", ""technique"": ""NumaVault Exploit""}"
defillama:hacks,defillama_6876,Sharwa.Finance,2025-10-20,146000,Arbitrum,Protocol Logic,Price Manipulation Attack,DeFi Protocol,Solidity,False,,,6876,False,blocked_missing_transaction_hash,Find canonical exploit transaction hash and chain before benchmark consideration.,"{""amount"": 146000, ""bridgeHack"": false, ""chain"": [""Arbitrum""], ""classification"": ""Protocol Logic"", ""date"": 1760918400, ""defillamaId"": 6876, ""language"": ""Solidity"", ""name"": ""Sharwa.Finance"", ""returnedFunds"": null, ""source"": """", ""targetType"": ""DeFi Protocol"", ""technique"": ""Price Manipulation Attack""}"
defillama:hacks,2021-03-04_meerkat_finance,Meerkat Finance,2021-03-04,32000000,BSC,Rugpull,Drained Contracts,DeFi Protocol,Solidity,False,,,,False,blocked_missing_transaction_hash,Find canonical exploit transaction hash and chain before benchmark consideration.,"{""amount"": 32000000, ""bridgeHack"": false, ""chain"": [""BSC""], ""classification"": ""Rugpull"", ""date"": 1614816000, ""defillamaId"": null, ""language"": ""Solidity"", ""name"": ""Meerkat Finance"", ""returnedFunds"": null, ""source"": """", ""targetType"": ""DeFi Protocol"", ""technique"": ""Drained Contracts""}"
defillama:hacks,2026-05-19_bankr,Bankr,2026-05-19,170000,Base,Infrastructure,Compromised Session Keys,AI Agent,Solidity,False,,,,False,blocked_missing_transaction_hash,Find canonical exploit transaction hash and chain before benchmark consideration.,"{""amount"": 170000, ""bridgeHack"": false, ""chain"": [""Base""], ""classification"": ""Infrastructure"", ""date"": 1779148800, ""defillamaId"": null, ""language"": ""Solidity"", ""name"": ""Bankr"", ""returnedFunds"": null, ""source"": """", ""targetType"": ""AI Agent"", ""technique"": ""Compromised Session Keys""}"
defillama:hacks,2024-05-05_geniusai,GeniusAI,2024-05-05,1270000,Fantom|Ethereum,Infrastructure,Private Key Compromised (Discord Hack),DeFi Protocol,Solidity,False,,,,False,blocked_missing_transaction_hash,Find canonical exploit transaction hash and chain before benchmark consideration.,"{""amount"": 1270000, ""bridgeHack"": false, ""chain"": [""Fantom"", ""Ethereum""], ""classification"": ""Infrastructure"", ""date"": 1714867200, ""defillamaId"": null, ""language"": ""Solidity"", ""name"": ""GeniusAI"", ""returnedFunds"": null, ""source"": """", ""targetType"": ""DeFi Protocol"", ""technique"": ""Private Key Compromised (Discord Hack)""}"
defillama:hacks,defillama_672,Fegex,2024-12-29,900000,Ethereum|BSC|Base,Protocol Logic,Missing Access Control,DeFi Protocol,Solidity,False,,,672,False,blocked_missing_transaction_hash,Find canonical exploit transaction hash and chain before benchmark consideration.,"{""amount"": 900000, ""bridgeHack"": false, ""chain"": [""Ethereum"", ""BSC"", ""Base""], ""classification"": ""Protocol Logic"", ""date"": 1735430400, ""defillamaId"": 672, ""language"": ""Solidity"", ""name"": ""Fegex"", ""returnedFunds"": null, ""source"": """", ""targetType"": ""DeFi Protocol"", ""technique"": ""Missing Access Control""}"
defillama:hacks,defillama_370,Merlin,2021-06-29,330000,BSC,Protocol Logic,Incentive Rewards Exploit,DeFi Protocol,Solidity,False,,,370,False,blocked_missing_transaction_hash,Find canonical exploit transaction hash and chain before benchmark consideration.,"{""amount"": 330000, ""bridgeHack"": false, ""chain"": [""BSC""], ""classification"": ""Protocol Logic"", ""date"": 1624924800, ""defillamaId"": 370, ""language"": ""Solidity"", ""name"": ""Merlin"", ""returnedFunds"": null, ""source"": """", ""targetType"": ""DeFi Protocol"", ""technique"": ""Incentive Rewards Exploit""}"
defillama:hacks,2021-07-15_bondly,Bondly,2021-07-15,5900000,Ethereum,Infrastructure,Private Key Compromised (Unknown Method),DeFi Protocol,Solidity,False,,,,False,blocked_missing_transaction_hash,Find canonical exploit transaction hash and chain before benchmark consideration.,"{""amount"": 5900000, ""bridgeHack"": false, ""chain"": [""Ethereum""], ""classification"": ""Infrastructure"", ""date"": 1626307200, ""defillamaId"": null, ""language"": ""Solidity"", ""name"": ""Bondly"", ""returnedFunds"": null, ""source"": """", ""targetType"": ""DeFi Protocol"", ""technique"": ""Private Key Compromised (Unknown Method)""}"
defillama:hacks,2026-05-12_sq_protocol,SQ Protocol,2026-05-12,346000,BSC,Protocol Logic,Acces Control Exploit,DeFi Protocol,Solidity,False,,,,False,blocked_missing_transaction_hash,Find canonical exploit transaction hash and chain before benchmark consideration.,"{""amount"": 346000, ""bridgeHack"": false, ""chain"": [""BSC""], ""classification"": ""Protocol Logic"", ""date"": 1778544000, ""defillamaId"": null, ""language"": ""Solidity"", ""name"": ""SQ Protocol"", ""returnedFunds"": null, ""source"": """", ""targetType"": ""DeFi Protocol"", ""technique"": ""Acces Control Exploit""}"
defillama:hacks,defillama_3330,Velocore V2,2024-06-02,6800000,Linea|zkSync Era,Protocol Logic,Fee Overflow Exploit,DeFi Protocol,Solidity,False,,,3330,False,blocked_missing_transaction_hash,Find canonical exploit transaction hash and chain before benchmark consideration.,"{""amount"": 6800000, ""bridgeHack"": false, ""chain"": [""Linea"", ""zkSync Era""], ""classification"": ""Protocol Logic"", ""date"": 1717286400, ""defillamaId"": 3330, ""language"": ""Solidity"", ""name"": ""Velocore V2"", ""parentProtocolId"": ""parent#velocore"", ""returnedFunds"": null, ""source"": """", ""targetType"": ""DeFi Protocol"", ""technique"": ""Fee Overflow Exploit""}"
defillama:hacks,2022-08-08_dragoma,Dragoma,2022-08-08,3500000,Polygon,Rugpull,Drain Vaults,DeFi Protocol,,False,,,,False,blocked_missing_transaction_hash,Find canonical exploit transaction hash and chain before benchmark consideration.,"{""amount"": 3500000, ""bridgeHack"": false, ""chain"": [""Polygon""], ""classification"": ""Rugpull"", ""date"": 1659916800, ""defillamaId"": null, ""language"": null, ""name"": ""Dragoma"", ""returnedFunds"": null, ""source"": """", ""targetType"": ""DeFi Protocol"", ""technique"": ""Drain Vaults""}"
defillama:hacks,defillama_6040,UXLINK,2025-09-22,11300000,Ethereum|Arbitrum,Protocol Logic,Delegatecall Exploit,DeFi Protocol,Solidity,False,,,6040,False,blocked_missing_transaction_hash,Find canonical exploit transaction hash and chain before benchmark consideration.,"{""amount"": 11300000, ""bridgeHack"": false, ""chain"": [""Ethereum"", ""Arbitrum""], ""classification"": ""Protocol Logic"", ""date"": 1758499200, ""defillamaId"": 6040, ""language"": ""Solidity"", ""name"": ""UXLINK"", ""returnedFunds"": null, ""source"": """", ""targetType"": ""DeFi Protocol"", ""technique"": ""Delegatecall Exploit""}"
defillama:hacks,defillama_1981,Orbit Bridge,2023-12-31,81700000,Ethereum,Protocol Logic,Signature Exploit,DeFi Protocol,Solidity,True,,,1981,False,blocked_missing_transaction_hash,Find canonical exploit transaction hash and chain before benchmark consideration.,"{""amount"": 81700000, ""bridgeHack"": true, ""chain"": [""Ethereum""], ""classification"": ""Protocol Logic"", ""date"": 1703980800, ""defillamaId"": 1981, ""language"": ""Solidity"", ""name"": ""Orbit Bridge"", ""returnedFunds"": null, ""source"": """", ""targetType"": ""DeFi Protocol"", ""technique"": ""Signature Exploit""}"
defillama:hacks,defillama_3083,Penpie,2024-09-03,27000000,Ethereum,Protocol Logic,Reentrancy,DeFi Protocol,Solidity,False,,,3083,False,blocked_missing_transaction_hash,Find canonical exploit transaction hash and chain before benchmark consideration.,"{""amount"": 27000000, ""bridgeHack"": false, ""chain"": [""Ethereum""], ""classification"": ""Protocol Logic"", ""date"": 1725321600, ""defillamaId"": 3083, ""language"": ""Solidity"", ""name"": ""Penpie"", ""parentProtocolId"": ""parent#magpie-ecosystem"", ""returnedFunds"": null, ""source"": """", ""targetType"": ""DeFi Protocol"", ""technique"": ""Reentrancy""}"
defillama:hacks,defillama_6313,Nemo Yield Trading,2025-09-08,2400000,Sui,Protocol Logic,Price Oracle Manipulation,DeFi Protocol,Move,False,,,6313,False,blocked_missing_transaction_hash,Find canonical exploit transaction hash and chain before benchmark consideration.,"{""amount"": 2400000, ""bridgeHack"": false, ""chain"": [""Sui""], ""classification"": ""Protocol Logic"", ""date"": 1757289600, ""defillamaId"": 6313, ""language"": ""Move"", ""name"": ""Nemo Yield Trading"", ""parentProtocolId"": ""parent#nemo"", ""returnedFunds"": null, ""source"": """", ""targetType"": ""DeFi Protocol"", ""technique"": ""Price Oracle Manipulation""}"
defillama:hacks,2021-02-13_alpha_finance,Alpha Finance,2021-02-13,37500000,Ethereum,Ecosystem,Flashloan Pool Shares Exploit,DeFi Protocol,Solidity,False,,,,False,blocked_missing_transaction_hash,Find canonical exploit transaction hash and chain before benchmark consideration.,"{""amount"": 37500000, ""bridgeHack"": false, ""chain"": [""Ethereum""], ""classification"": ""Ecosystem"", ""date"": 1613174400, ""defillamaId"": null, ""language"": ""Solidity"", ""name"": ""Alpha Finance"", ""returnedFunds"": null, ""source"": """", ""targetType"": ""DeFi Protocol"", ""technique"": ""Flashloan Pool Shares Exploit""}"
defillama:hacks,2025-04-20_bitget,Bitget,2025-04-20,100000000,,Infrastructure,Market-Making Bot Exploit,CEX,,False,,,,False,blocked_missing_transaction_hash,Find canonical exploit transaction hash and chain before benchmark consideration.,"{""amount"": 100000000, ""bridgeHack"": false, ""chain"": null, ""classification"": ""Infrastructure"", ""date"": 1745107200, ""defillamaId"": null, ""language"": null, ""name"": ""Bitget"", ""returnedFunds"": null, ""source"": """", ""targetType"": ""CEX"", ""technique"": ""Market-Making Bot Exploit""}"
defillama:hacks,defillama_113,Yearn Finance,2025-12-16,300000,Ethereum,Protocol Logic,misconfigured Fulcrum sUSD strategy,DeFi Protocol,Solidity,False,,,113,False,blocked_missing_transaction_hash,Find canonical exploit transaction hash and chain before benchmark consideration.,"{""amount"": 300000, ""bridgeHack"": false, ""chain"": [""Ethereum""], ""classification"": ""Protocol Logic"", ""date"": 1765843200, ""defillamaId"": 113, ""language"": ""Solidity"", ""name"": ""Yearn Finance"", ""parentProtocolId"": ""parent#yearn"", ""returnedFunds"": null, ""source"": """", ""targetType"": ""DeFi Protocol"", ""technique"": ""misconfigured Fulcrum sUSD strategy""}"
defillama:hacks,2023-07-22_coinspaid,CoinsPaid,2023-07-22,37300000,,Ecosystem,Social Engineering,Other,,False,,,,False,blocked_missing_transaction_hash,Find canonical exploit transaction hash and chain before benchmark consideration.,"{""amount"": 37300000, ""bridgeHack"": false, ""chain"": [], ""classification"": ""Ecosystem"", ""date"": 1689984000, ""defillamaId"": null, ""language"": null, ""name"": ""CoinsPaid"", ""returnedFunds"": null, ""source"": """", ""targetType"": ""Other"", ""technique"": ""Social Engineering""}"
defillama:hacks,defillama_5146,CrossCurve,2026-02-01,3000000,,Protocol Logic,Spoofed Cross-Chain Messages,DeFi Protocol,,True,,,5146,False,blocked_missing_transaction_hash,Find canonical exploit transaction hash and chain before benchmark consideration.,"{""amount"": 3000000, ""bridgeHack"": true, ""chain"": null, ""classification"": ""Protocol Logic"", ""date"": 1769904000, ""defillamaId"": 5146, ""language"": null, ""name"": ""CrossCurve"", ""returnedFunds"": null, ""source"": """", ""targetType"": ""DeFi Protocol"", ""technique"": ""Spoofed Cross-Chain Messages""}"
defillama:hacks,defillama_370,Merlin,2021-05-26,550000,BSC,Protocol Logic,Math Mistake Exploit,DeFi Protocol,Solidity,False,,,370,False,blocked_missing_transaction_hash,Find canonical exploit transaction hash and chain before benchmark consideration.,"{""amount"": 550000, ""bridgeHack"": false, ""chain"": [""BSC""], ""classification"": ""Protocol Logic"", ""date"": 1621987200, ""defillamaId"": 370, ""language"": ""Solidity"", ""name"": ""Merlin"", ""returnedFunds"": null, ""source"": """", ""targetType"": ""DeFi Protocol"", ""technique"": ""Math Mistake Exploit""}"
defillama:hacks,defillama_4042,CoinDCX,2025-07-19,44200000,,Infrastructure,,CEX,,False,,,4042,False,blocked_missing_transaction_hash,Find canonical exploit transaction hash and chain before benchmark consideration.,"{""amount"": 44200000, ""bridgeHack"": false, ""chain"": null, ""classification"": ""Infrastructure"", ""date"": 1752883200, ""defillamaId"": 4042, ""language"": null, ""name"": ""CoinDCX"", ""returnedFunds"": null, ""source"": """", ""targetType"": ""CEX"", ""technique"": null}"
defillama:hacks,2024-04-29_rain,Rain,2024-04-29,14800000,Bitcoin|Ethereum|XRP|Solana,Infrastructure,,CEX,,False,,,,False,blocked_missing_transaction_hash,Find canonical exploit transaction hash and chain before benchmark consideration.,"{""amount"": 14800000, ""bridgeHack"": false, ""chain"": [""Bitcoin"", ""Ethereum"", ""XRP"", ""Solana""], ""classification"": ""Infrastructure"", ""date"": 1714348800, ""defillamaId"": null, ""language"": null, ""name"": ""Rain"", ""returnedFunds"": null, ""source"": """", ""targetType"": ""CEX"", ""technique"": null}"
defillama:hacks,2024-10-24_us_government_crypto_wallet,US Government Crypto Wallet,2024-10-24,20000000,Ethereum,,,Other,,False,,,,False,blocked_missing_transaction_hash,Find canonical exploit transaction hash and chain before benchmark consideration.,"{""amount"": 20000000, ""bridgeHack"": false, ""chain"": [""Ethereum""], ""classification"": null, ""date"": 1729728000, ""defillamaId"": null, ""language"": null, ""name"": ""US Government Crypto Wallet"", ""returnedFunds"": null, ""source"": """", ""targetType"": ""Other"", ""technique"": null}"
defillama:hacks,defillama_1282,Rubic,2022-12-25,1410000,Ethereum,Protocol Logic,Router Exploit,DeFi Protocol,Solidity,True,,,1282,False,blocked_missing_transaction_hash,Find canonical exploit transaction hash and chain before benchmark consideration.,"{""amount"": 1410000, ""bridgeHack"": true, ""chain"": [""Ethereum""], ""classification"": ""Protocol Logic"", ""date"": 1671926400, ""defillamaId"": 1282, ""language"": ""Solidity"", ""name"": ""Rubic"", ""returnedFunds"": null, ""source"": """", ""targetType"": ""DeFi Protocol"", ""technique"": ""Router Exploit""}"
defillama:hacks,defillama_2295,SwissBorg,2025-09-09,41500000,Solana,Infrastructure,Third-party API compromise,CEX,,False,,,2295,False,blocked_missing_transaction_hash,Find canonical exploit transaction hash and chain before benchmark consideration.,"{""amount"": 41500000, ""bridgeHack"": false, ""chain"": [""Solana""], ""classification"": ""Infrastructure"", ""date"": 1757376000, ""defillamaId"": 2295, ""language"": null, ""name"": ""SwissBorg"", ""returnedFunds"": null, ""source"": """", ""targetType"": ""CEX"", ""technique"": ""Third-party API compromise""}"
defillama:hacks,2025-04-22_bitcoin_mission,Bitcoin Mission,2025-04-22,1300000,Arbitrum,Protocol Logic,overPaper Function Exploit,DeFi Protocol,Solidity,False,,,,False,blocked_missing_transaction_hash,Find canonical exploit transaction hash and chain before benchmark consideration.,"{""amount"": 1300000, ""bridgeHack"": false, ""chain"": [""Arbitrum""], ""classification"": ""Protocol Logic"", ""date"": 1745280000, ""defillamaId"": null, ""language"": ""Solidity"", ""name"": ""Bitcoin Mission"", ""returnedFunds"": null, ""source"": """", ""targetType"": ""DeFi Protocol"", ""technique"": ""overPaper Function Exploit""}"
defillama:hacks,2023-12-13_okx_dex,OKX DEX,2023-12-13,2700000,Ethereum,Infrastructure,Private Key Compromised (Unknown Method),DeFi Protocol,Solidity,False,,,,False,blocked_missing_transaction_hash,Find canonical exploit transaction hash and chain before benchmark consideration.,"{""amount"": 2700000, ""bridgeHack"": false, ""chain"": [""Ethereum""], ""classification"": ""Infrastructure"", ""date"": 1702425600, ""defillamaId"": null, ""language"": ""Solidity"", ""name"": ""OKX DEX"", ""returnedFunds"": null, ""source"": """", ""targetType"": ""DeFi Protocol"", ""technique"": ""Private Key Compromised (Unknown Method)""}"
defillama:hacks,defillama_1387,DEUS Finance,2021-03-15,3000000,Fantom,Ecosystem,Flashloan Price Oracle Attack,DeFi Protocol,Solidity,False,,,1387,False,blocked_missing_transaction_hash,Find canonical exploit transaction hash and chain before benchmark consideration.,"{""amount"": 3000000, ""bridgeHack"": false, ""chain"": [""Fantom""], ""classification"": ""Ecosystem"", ""date"": 1615766400, ""defillamaId"": 1387, ""language"": ""Solidity"", ""name"": ""DEUS Finance"", ""returnedFunds"": null, ""source"": """", ""targetType"": ""DeFi Protocol"", ""technique"": ""Flashloan Price Oracle Attack""}"
defillama:hacks,2026-01-13_yo_protocol,YO Protocol,2026-01-13,3730000,Ethereum,Protocol Logic,Slippage Exploit,DeFi Protocol,Solidity,False,,,,False,blocked_missing_transaction_hash,Find canonical exploit transaction hash and chain before benchmark consideration.,"{""amount"": 3730000, ""bridgeHack"": false, ""chain"": [""Ethereum""], ""classification"": ""Protocol Logic"", ""date"": 1768262400, ""defillamaId"": null, ""language"": ""Solidity"", ""name"": ""YO Protocol"", ""returnedFunds"": null, ""source"": """", ""targetType"": ""DeFi Protocol"", ""technique"": ""Slippage Exploit""}"
defillama:hacks,2021-08-17_surgebnb,SurgeBNB,2021-08-17,4000000,BSC,Ecosystem,Flashloan Reentrancy Attack,DeFi Protocol,Solidity,False,,,,False,blocked_missing_transaction_hash,Find canonical exploit transaction hash and chain before benchmark consideration.,"{""amount"": 4000000, ""bridgeHack"": false, ""chain"": [""BSC""], ""classification"": ""Ecosystem"", ""date"": 1629158400, ""defillamaId"": null, ""language"": ""Solidity"", ""name"": ""SurgeBNB"", ""returnedFunds"": null, ""source"": """", ""targetType"": ""DeFi Protocol"", ""technique"": ""Flashloan Reentrancy Attack""}"
defillama:hacks,defillama_4288,Unilend V2,2025-01-12,197600,Ethereum,Protocol Logic,Redeem Process Exploit,DeFi Protocol,Solidity,False,,,4288,False,blocked_missing_transaction_hash,Find canonical exploit transaction hash and chain before benchmark consideration.,"{""amount"": 197600, ""bridgeHack"": false, ""chain"": [""Ethereum""], ""classification"": ""Protocol Logic"", ""date"": 1736640000, ""defillamaId"": 4288, ""language"": ""Solidity"", ""name"": ""Unilend V2"", ""parentProtocolId"": ""parent#unilend"", ""returnedFunds"": null, ""source"": """", ""targetType"": ""DeFi Protocol"", ""technique"": ""Redeem Process Exploit""}"
defillama:hacks,defillama_793,Cashio,2022-03-23,48000000,Solana,Protocol Logic,Collateral Validation Exploit,DeFi Protocol,Rust,False,,,793,False,blocked_missing_transaction_hash,Find canonical exploit transaction hash and chain before benchmark consideration.,"{""amount"": 48000000, ""bridgeHack"": false, ""chain"": [""Solana""], ""classification"": ""Protocol Logic"", ""date"": 1647993600, ""defillamaId"": 793, ""language"": ""Rust"", ""name"": ""Cashio"", ""returnedFunds"": null, ""source"": """", ""targetType"": ""DeFi Protocol"", ""technique"": ""Collateral Validation Exploit""}"
defillama:hacks,2016-06-17_the_dao,The DAO,2016-06-17,60000000,Ethereum,Protocol Logic,Reentrancy,DeFi Protocol,Solidity,False,,,,False,blocked_missing_transaction_hash,Find canonical exploit transaction hash and chain before benchmark consideration.,"{""amount"": 60000000, ""bridgeHack"": false, ""chain"": [""Ethereum""], ""classification"": ""Protocol Logic"", ""date"": 1466121600, ""defillamaId"": null, ""language"": ""Solidity"", ""name"": ""The DAO"", ""returnedFunds"": null, ""source"": """", ""targetType"": ""DeFi Protocol"", ""technique"": ""Reentrancy""}"
defillama:hacks,defillama_1825,Nirvana V1,2022-07-28,3500000,Solana,Ecosystem,Flashloan Price Oracle Attack,DeFi Protocol,Rust,False,,,1825,False,blocked_missing_transaction_hash,Find canonical exploit transaction hash and chain before benchmark consideration.,"{""amount"": 3500000, ""bridgeHack"": false, ""chain"": [""Solana""], ""classification"": ""Ecosystem"", ""date"": 1658966400, ""defillamaId"": 1825, ""language"": ""Rust"", ""name"": ""Nirvana V1"", ""parentProtocolId"": ""parent#nirvana"", ""returnedFunds"": null, ""source"": """", ""targetType"": ""DeFi Protocol"", ""technique"": ""Flashloan Price Oracle Attack""}"
defillama:hacks,2024-06-22_btcturk,BtcTurk,2024-06-22,54000000,,,Private Key Compromised (Unknown Method),CEX,,False,,,,False,blocked_missing_transaction_hash,Find canonical exploit transaction hash and chain before benchmark consideration.,"{""amount"": 54000000, ""bridgeHack"": false, ""chain"": [], ""classification"": null, ""date"": 1719014400, ""defillamaId"": null, ""language"": null, ""name"": ""BtcTurk"", ""returnedFunds"": null, ""source"": """", ""targetType"": ""CEX"", ""technique"": ""Private Key Compromised (Unknown Method)""}"
defillama:hacks,defillama_4882,Usual USD0,2025-05-27,43000,Ethereum,Protocol Logic,Arbitration Exploit,DeFi Protocol,Solidity,False,,,4882,False,blocked_missing_transaction_hash,Find canonical exploit transaction hash and chain before benchmark consideration.,"{""amount"": 43000, ""bridgeHack"": false, ""chain"": [""Ethereum""], ""classification"": ""Protocol Logic"", ""date"": 1748304000, ""defillamaId"": 4882, ""language"": ""Solidity"", ""name"": ""Usual USD0"", ""parentProtocolId"": ""parent#usual"", ""returnedFunds"": null, ""source"": """", ""targetType"": ""DeFi Protocol"", ""technique"": ""Arbitration Exploit""}"
defillama:hacks,defillama_1520,Paraluni Masterchef,2022-03-13,1700000,BSC,Ecosystem,Flashloan Reentrancy Attack,DeFi Protocol,Solidity,False,,,1520,False,blocked_missing_transaction_hash,Find canonical exploit transaction hash and chain before benchmark consideration.,"{""amount"": 1700000, ""bridgeHack"": false, ""chain"": [""BSC""], ""classification"": ""Ecosystem"", ""date"": 1647129600, ""defillamaId"": 1520, ""language"": ""Solidity"", ""name"": ""Paraluni Masterchef"", ""parentProtocolId"": ""parent#paraluni"", ""returnedFunds"": null, ""source"": """", ""targetType"": ""DeFi Protocol"", ""technique"": ""Flashloan Reentrancy Attack""}"
defillama:hacks,2017-07-18_coindash,CoinDash,2017-07-18,7700000,Ethereum,Protocol Logic,Frontend Attack,ICO,,False,,,,False,blocked_missing_transaction_hash,Find canonical exploit transaction hash and chain before benchmark consideration.,"{""amount"": 7700000, ""bridgeHack"": false, ""chain"": [""Ethereum""], ""classification"": ""Protocol Logic"", ""date"": 1500336000, ""defillamaId"": null, ""language"": null, ""name"": ""CoinDash"", ""returnedFunds"": null, ""source"": """", ""targetType"": ""ICO"", ""technique"": ""Frontend Attack""}"
defillama:hacks,defillama_2964,Cozy V2,2025-08-30,427000,Optimism,Protocol Logic,Insufficient Sender Verification Exploit,DeFi Protocol,Solidity,False,,,2964,False,blocked_missing_transaction_hash,Find canonical exploit transaction hash and chain before benchmark consideration.,"{""amount"": 427000, ""bridgeHack"": false, ""chain"": [""Optimism""], ""classification"": ""Protocol Logic"", ""date"": 1756512000, ""defillamaId"": 2964, ""language"": ""Solidity"", ""name"": ""Cozy V2"", ""parentProtocolId"": ""parent#cozy-finance"", ""returnedFunds"": null, ""source"": """", ""targetType"": ""DeFi Protocol"", ""technique"": ""Insufficient Sender Verification Exploit""}"
defillama:hacks,defillama_3079,zkLend,2025-02-11,9550000,Starknet,Protocol Logic,Empty Market Exploit,DeFi Protocol,Cairo,False,,,3079,False,blocked_missing_transaction_hash,Find canonical exploit transaction hash and chain before benchmark consideration.,"{""amount"": 9550000, ""bridgeHack"": false, ""chain"": [""Starknet""], ""classification"": ""Protocol Logic"", ""date"": 1739232000, ""defillamaId"": 3079, ""language"": ""Cairo"", ""name"": ""zkLend"", ""parentProtocolId"": ""parent#zklend-finance"", ""returnedFunds"": null, ""source"": """", ""targetType"": ""DeFi Protocol"", ""technique"": ""Empty Market Exploit""}"
defillama:hacks,defillama_1796,Poly Network,2021-08-10,611000000,Ethereum|BSC|Polygon,Protocol Logic,Access Control Exploit,DeFi Protocol,Solidity,True,,,1796,False,blocked_missing_transaction_hash,Find canonical exploit transaction hash and chain before benchmark consideration.,"{""amount"": 611000000, ""bridgeHack"": true, ""chain"": [""Ethereum"", ""BSC"", ""Polygon""], ""classification"": ""Protocol Logic"", ""date"": 1628553600, ""defillamaId"": 1796, ""language"": ""Solidity"", ""name"": ""Poly Network"", ""returnedFunds"": null, ""source"": """", ""targetType"": ""DeFi Protocol"", ""technique"": ""Access Control Exploit""}"
defillama:hacks,2024-11-28_xt_exchange,XT Exchange,2024-11-28,1700000,Ethereum,Infrastructure,,CEX,,False,,,,False,blocked_missing_transaction_hash,Find canonical exploit transaction hash and chain before benchmark consideration.,"{""amount"": 1700000, ""bridgeHack"": false, ""chain"": [""Ethereum""], ""classification"": ""Infrastructure"", ""date"": 1732752000, ""defillamaId"": null, ""language"": null, ""name"": ""XT Exchange"", ""returnedFunds"": null, ""source"": """", ""targetType"": ""CEX"", ""technique"": null}"
defillama:hacks,defillama_6876,Sharwa.Finance,2026-05-01,32850,Arbitrum,Protocol Logic,Oracle Price Manipulation,DeFi Protocol,Solidity,False,,,6876,False,blocked_missing_transaction_hash,Find canonical exploit transaction hash and chain before benchmark consideration.,"{""amount"": 32850, ""bridgeHack"": false, ""chain"": [""Arbitrum""], ""classification"": ""Protocol Logic"", ""date"": 1777593600, ""defillamaId"": 6876, ""language"": ""Solidity"", ""name"": ""Sharwa.Finance"", ""returnedFunds"": null, ""source"": """", ""targetType"": ""DeFi Protocol"", ""technique"": ""Oracle Price Manipulation""}"
defillama:hacks,defillama_4808,Rho Markets,2024-07-19,7600000,Scroll,Protocol Logic,Price Oracle Manipulation,DeFi Protocol,Solidity,False,,,4808,False,blocked_missing_transaction_hash,Find canonical exploit transaction hash and chain before benchmark consideration.,"{""amount"": 7600000, ""bridgeHack"": false, ""chain"": [""Scroll""], ""classification"": ""Protocol Logic"", ""date"": 1721347200, ""defillamaId"": 4808, ""language"": ""Solidity"", ""name"": ""Rho Markets"", ""returnedFunds"": null, ""source"": """", ""targetType"": ""DeFi Protocol"", ""technique"": ""Price Oracle Manipulation""}"
defillama:hacks,2025-09-24_griffinai,GriffinAI,2025-09-24,3000000,BSC,Infrastructure,False Peer Exploit,DeFi Protocol,Solidity,False,,,,False,blocked_missing_transaction_hash,Find canonical exploit transaction hash and chain before benchmark consideration.,"{""amount"": 3000000, ""bridgeHack"": false, ""chain"": [""BSC""], ""classification"": ""Infrastructure"", ""date"": 1758672000, ""defillamaId"": null, ""language"": ""Solidity"", ""name"": ""GriffinAI"", ""returnedFunds"": null, ""source"": """", ""targetType"": ""DeFi Protocol"", ""technique"": ""False Peer Exploit""}"
defillama:hacks,2021-03-20_turtle_dex,Turtle Dex,2021-03-20,2500000,BSC,Rugpull,Drained Contracts,DeFi Protocol,Solidity,False,,,,False,blocked_missing_transaction_hash,Find canonical exploit transaction hash and chain before benchmark consideration.,"{""amount"": 2500000, ""bridgeHack"": false, ""chain"": [""BSC""], ""classification"": ""Rugpull"", ""date"": 1616198400, ""defillamaId"": null, ""language"": ""Solidity"", ""name"": ""Turtle Dex"", ""returnedFunds"": null, ""source"": """", ""targetType"": ""DeFi Protocol"", ""technique"": ""Drained Contracts""}"
defillama:hacks,defillama_2314,Gate,2018-04-21,235000000,,Infrastructure,Private Key Compromised (Unknown Method),CEX,,False,,,2314,False,blocked_missing_transaction_hash,Find canonical exploit transaction hash and chain before benchmark consideration.,"{""amount"": 235000000, ""bridgeHack"": false, ""chain"": [], ""classification"": ""Infrastructure"", ""date"": 1524268800, ""defillamaId"": 2314, ""language"": null, ""name"": ""Gate"", ""returnedFunds"": null, ""source"": """", ""targetType"": ""CEX"", ""technique"": ""Private Key Compromised (Unknown Method)""}"
defillama:hacks,2024-07-31_monoswap,Monoswap,2024-07-31,1300000,Blast,Infrastructure,Private Key Compromised (Malware),DeFi Protocol,Solidity,False,,,,False,blocked_missing_transaction_hash,Find canonical exploit transaction hash and chain before benchmark consideration.,"{""amount"": 1300000, ""bridgeHack"": false, ""chain"": [""Blast""], ""classification"": ""Infrastructure"", ""date"": 1722384000, ""defillamaId"": null, ""language"": ""Solidity"", ""name"": ""Monoswap"", ""returnedFunds"": null, ""source"": """", ""targetType"": ""DeFi Protocol"", ""technique"": ""Private Key Compromised (Malware)""}"
defillama:hacks,defillama_591,Multichain,2023-07-07,126000000,Moonriver|BSC|Fantom,Infrastructure,Private Key Compromised (Unknown Method),DeFi Protocol,,True,,,591,False,blocked_missing_transaction_hash,Find canonical exploit transaction hash and chain before benchmark consideration.,"{""amount"": 126000000, ""bridgeHack"": true, ""chain"": [""Moonriver"", ""BSC"", ""Fantom""], ""classification"": ""Infrastructure"", ""date"": 1688688000, ""defillamaId"": 591, ""language"": null, ""name"": ""Multichain"", ""returnedFunds"": null, ""source"": """", ""targetType"": ""DeFi Protocol"", ""technique"": ""Private Key Compromised (Unknown Method)""}"
defillama:hacks,defillama_310,Belt Finance,2021-05-29,6300000,BSC,Ecosystem,Flashloan Price Oracle Attack,DeFi Protocol,Solidity,False,,,310,False,blocked_missing_transaction_hash,Find canonical exploit transaction hash and chain before benchmark consideration.,"{""amount"": 6300000, ""bridgeHack"": false, ""chain"": [""BSC""], ""classification"": ""Ecosystem"", ""date"": 1622246400, ""defillamaId"": 310, ""language"": ""Solidity"", ""name"": ""Belt Finance"", ""returnedFunds"": null, ""source"": """", ""targetType"": ""DeFi Protocol"", ""technique"": ""Flashloan Price Oracle Attack""}"
defillama:hacks,2025-07-09_texture,Texture,2025-07-09,2200000,Solana,,,DeFi Protocol,Rust,False,,,,False,blocked_missing_transaction_hash,Find canonical exploit transaction hash and chain before benchmark consideration.,"{""amount"": 2200000, ""bridgeHack"": false, ""chain"": [""Solana""], ""classification"": null, ""date"": 1752019200, ""defillamaId"": null, ""language"": ""Rust"", ""name"": ""Texture"", ""returnedFunds"": null, ""source"": """", ""targetType"": ""DeFi Protocol"", ""technique"": null}"
defillama:hacks,2022-01-04_arbix_finance,Arbix Finance,2022-01-04,10000000,BSC,Rugpull,Drained Contracts,DeFi Protocol,Solidity,False,,,,False,blocked_missing_transaction_hash,Find canonical exploit transaction hash and chain before benchmark consideration.,"{""amount"": 10000000, ""bridgeHack"": false, ""chain"": [""BSC""], ""classification"": ""Rugpull"", ""date"": 1641254400, ""defillamaId"": null, ""language"": ""Solidity"", ""name"": ""Arbix Finance"", ""returnedFunds"": null, ""source"": """", ""targetType"": ""DeFi Protocol"", ""technique"": ""Drained Contracts""}"
defillama:hacks,defillama_2286,Bybit,2025-02-21,1400000000,Ethereum,Protocol Logic,Safe Multisig wallet Phishing Exploit,CEX,Solidity,False,1400000000,,2286,False,blocked_missing_transaction_hash,Find canonical exploit transaction hash and chain before benchmark consideration.,"{""amount"": 1400000000, ""bridgeHack"": false, ""chain"": [""Ethereum""], ""classification"": ""Protocol Logic"", ""date"": 1740096000, ""defillamaId"": 2286, ""language"": ""Solidity"", ""name"": ""Bybit"", ""returnedFunds"": 1400000000, ""source"": """", ""targetType"": ""CEX"", ""technique"": ""Safe Multisig wallet Phishing Exploit""}"
defillama:hacks,defillama_458,Save,2022-11-02,1260000,Solana,Ecosystem,Price Oracle Attack,DeFi Protocol,Rust,False,,,458,False,blocked_missing_transaction_hash,Find canonical exploit transaction hash and chain before benchmark consideration.,"{""amount"": 1260000, ""bridgeHack"": false, ""chain"": [""Solana""], ""classification"": ""Ecosystem"", ""date"": 1667347200, ""defillamaId"": 458, ""language"": ""Rust"", ""name"": ""Save"", ""parentProtocolId"": ""parent#save-protocol"", ""returnedFunds"": null, ""source"": """", ""targetType"": ""DeFi Protocol"", ""technique"": ""Price Oracle Attack""}"
defillama:hacks,defillama_412,Thorchain DEX,2026-05-15,10000000,Bitcoin|Ethereum|Base|BSC,Protocol Logic,Vault Churn Address Poisoning,DeFi Protocol,,True,,,412,False,blocked_missing_transaction_hash,Find canonical exploit transaction hash and chain before benchmark consideration.,"{""amount"": 10000000, ""bridgeHack"": true, ""chain"": [""Bitcoin"", ""Ethereum"", ""Base"", ""BSC""], ""classification"": ""Protocol Logic"", ""date"": 1778803200, ""defillamaId"": 412, ""language"": null, ""name"": ""Thorchain DEX"", ""returnedFunds"": null, ""source"": """", ""targetType"": ""DeFi Protocol"", ""technique"": ""Vault Churn Address Poisoning""}"
defillama:hacks,defillama_400,Amun,2022-12-26,300000,Ethereum,Protocol Logic,Controlled Rebalance Manipulation,DeFi Protocol,,False,,,400,False,blocked_missing_transaction_hash,Find canonical exploit transaction hash and chain before benchmark consideration.,"{""amount"": 300000, ""bridgeHack"": false, ""chain"": [""Ethereum""], ""classification"": ""Protocol Logic"", ""date"": 1672012800, ""defillamaId"": 400, ""language"": null, ""name"": ""Amun"", ""returnedFunds"": null, ""source"": """", ""targetType"": ""DeFi Protocol"", ""technique"": ""Controlled Rebalance Manipulation""}"
defillama:hacks,2025-11-20_gana_payment,GANA Payment,2025-11-20,3100000,BSC,Infrastructure,Private Key Compromised,DeFi Protocol,Solidity,False,,,,False,blocked_missing_transaction_hash,Find canonical exploit transaction hash and chain before benchmark consideration.,"{""amount"": 3100000, ""bridgeHack"": false, ""chain"": [""BSC""], ""classification"": ""Infrastructure"", ""date"": 1763596800, ""defillamaId"": null, ""language"": ""Solidity"", ""name"": ""GANA Payment"", ""returnedFunds"": null, ""source"": """", ""targetType"": ""DeFi Protocol"", ""technique"": ""Private Key Compromised""}"
defillama:hacks,defillama_412,Thorchain DEX,2021-07-15,5000000,Ethereum,Protocol Logic,Over-ride Logic Exploit,DeFi Protocol,Solidity,False,,,412,False,blocked_missing_transaction_hash,Find canonical exploit transaction hash and chain before benchmark consideration.,"{""amount"": 5000000, ""bridgeHack"": false, ""chain"": [""Ethereum""], ""classification"": ""Protocol Logic"", ""date"": 1626307200, ""defillamaId"": 412, ""language"": ""Solidity"", ""name"": ""Thorchain DEX"", ""returnedFunds"": null, ""source"": """", ""targetType"": ""DeFi Protocol"", ""technique"": ""Over-ride Logic Exploit""}"
defillama:hacks,2021-03-14_roll,Roll,2021-03-14,5700000,Ethereum,Infrastructure,Private Key Compromised (Unknown Method),DeFi Protocol,,False,,,,False,blocked_missing_transaction_hash,Find canonical exploit transaction hash and chain before benchmark consideration.,"{""amount"": 5700000, ""bridgeHack"": false, ""chain"": [""Ethereum""], ""classification"": ""Infrastructure"", ""date"": 1615680000, ""defillamaId"": null, ""language"": null, ""name"": ""Roll"", ""returnedFunds"": null, ""source"": """", ""targetType"": ""DeFi Protocol"", ""technique"": ""Private Key Compromised (Unknown Method)""}"
defillama:hacks,defillama_601,Warp Protocol,2020-12-18,7800000,Ethereum,Ecosystem,Flashloan Price Oracle Attack,DeFi Protocol,Solidity,False,,,601,False,blocked_missing_transaction_hash,Find canonical exploit transaction hash and chain before benchmark consideration.,"{""amount"": 7800000, ""bridgeHack"": false, ""chain"": [""Ethereum""], ""classification"": ""Ecosystem"", ""date"": 1608249600, ""defillamaId"": 601, ""language"": ""Solidity"", ""name"": ""Warp Protocol"", ""returnedFunds"": null, ""source"": """", ""targetType"": ""DeFi Protocol"", ""technique"": ""Flashloan Price Oracle Attack""}"
defillama:hacks,defillama_2795,ThalaSwap,2024-11-15,25500000,Aptos,Protocol Logic,Drained Liquidity Pool,DeFi Protocol,Move,False,,,2795,False,blocked_missing_transaction_hash,Find canonical exploit transaction hash and chain before benchmark consideration.,"{""amount"": 25500000, ""bridgeHack"": false, ""chain"": [""Aptos""], ""classification"": ""Protocol Logic"", ""date"": 1731628800, ""defillamaId"": 2795, ""language"": ""Move"", ""name"": ""ThalaSwap"", ""parentProtocolId"": ""parent#thala-labs"", ""returnedFunds"": null, ""source"": """", ""targetType"": ""DeFi Protocol"", ""technique"": ""Drained Liquidity Pool""}"
defillama:hacks,defillama_3068,Raft,2023-11-10,3300000,Ethereum,Protocol Logic,Infinite Mint and Dump,DeFi Protocol,Solidity,False,,,3068,False,blocked_missing_transaction_hash,Find canonical exploit transaction hash and chain before benchmark consideration.,"{""amount"": 3300000, ""bridgeHack"": false, ""chain"": [""Ethereum""], ""classification"": ""Protocol Logic"", ""date"": 1699574400, ""defillamaId"": 3068, ""language"": ""Solidity"", ""name"": ""Raft"", ""returnedFunds"": null, ""source"": """", ""targetType"": ""DeFi Protocol"", ""technique"": ""Infinite Mint and Dump""}"
defillama:hacks,defillama_6908,FOOM Cash,2026-03-02,2260000,Ethereum|Base,Protocol Logic,Fake Proof Spam,DeFi Protocol,Solidity,False,,,6908,False,blocked_missing_transaction_hash,Find canonical exploit transaction hash and chain before benchmark consideration.,"{""amount"": 2260000, ""bridgeHack"": false, ""chain"": [""Ethereum"", ""Base""], ""classification"": ""Protocol Logic"", ""date"": 1772409600, ""defillamaId"": 6908, ""language"": ""Solidity"", ""name"": ""FOOM Cash"", ""returnedFunds"": null, ""source"": """", ""targetType"": ""DeFi Protocol"", ""technique"": ""Fake Proof Spam""}"
defillama:hacks,defillama_4677,Kalax,2024-10-14,350000,Blast,Rugpull,Drain Vaults,DeFi Protocol,Solidity,False,,,4677,False,blocked_missing_transaction_hash,Find canonical exploit transaction hash and chain before benchmark consideration.,"{""amount"": 350000, ""bridgeHack"": false, ""chain"": [""Blast""], ""classification"": ""Rugpull"", ""date"": 1728864000, ""defillamaId"": 4677, ""language"": ""Solidity"", ""name"": ""Kalax"", ""returnedFunds"": null, ""source"": """", ""targetType"": ""DeFi Protocol"", ""technique"": ""Drain Vaults""}"
defillama:hacks,2025-12-28_mscst,MSCST,2025-12-28,129900,BSC,Protocol Logic,Atomic Sandwich Attack,DeFi Protocol,Solidity,False,,,,False,blocked_missing_transaction_hash,Find canonical exploit transaction hash and chain before benchmark consideration.,"{""amount"": 129900, ""bridgeHack"": false, ""chain"": [""BSC""], ""classification"": ""Protocol Logic"", ""date"": 1766880000, ""defillamaId"": null, ""language"": ""Solidity"", ""name"": ""MSCST"", ""returnedFunds"": null, ""source"": """", ""targetType"": ""DeFi Protocol"", ""technique"": ""Atomic Sandwich Attack""}"
defillama:hacks,defillama_2746,EraLend,2023-07-25,3400000,zkSync Era,Protocol Logic,Reentrancy,DeFi Protocol,Solidity,False,,,2746,False,blocked_missing_transaction_hash,Find canonical exploit transaction hash and chain before benchmark consideration.,"{""amount"": 3400000, ""bridgeHack"": false, ""chain"": [""zkSync Era""], ""classification"": ""Protocol Logic"", ""date"": 1690243200, ""defillamaId"": 2746, ""language"": ""Solidity"", ""name"": ""EraLend"", ""returnedFunds"": null, ""source"": """", ""targetType"": ""DeFi Protocol"", ""technique"": ""Reentrancy""}"
defillama:hacks,defillama_3336,Banana Gun,2024-09-19,3000000,Ethereum,Protocol Logic,Front-end vulnerability,DeFi Protocol,,False,3000000,,3336,False,blocked_missing_transaction_hash,Find canonical exploit transaction hash and chain before benchmark consideration.,"{""amount"": 3000000, ""bridgeHack"": false, ""chain"": [""Ethereum""], ""classification"": ""Protocol Logic"", ""date"": 1726704000, ""defillamaId"": 3336, ""language"": null, ""name"": ""Banana Gun"", ""returnedFunds"": 3000000, ""source"": """", ""targetType"": ""DeFi Protocol"", ""technique"": ""Front-end vulnerability""}"
defillama:hacks,2021-08-13_acala_network,Acala Network,2021-08-13,1600000,Acala,Protocol Logic,Incentives Function Mistake,DeFi Protocol,Solidity,False,,,,False,blocked_missing_transaction_hash,Find canonical exploit transaction hash and chain before benchmark consideration.,"{""amount"": 1600000, ""bridgeHack"": false, ""chain"": [""Acala""], ""classification"": ""Protocol Logic"", ""date"": 1628812800, ""defillamaId"": null, ""language"": ""Solidity"", ""name"": ""Acala Network"", ""returnedFunds"": null, ""source"": """", ""targetType"": ""DeFi Protocol"", ""technique"": ""Incentives Function Mistake""}"
defillama:hacks,2025-05-11_mobius_token,Mobius Token,2025-05-11,2160000,BSC,Protocol Logic,Decimal Miscalculation Exploit,DeFi Protocol,Solidity,False,,,,False,blocked_missing_transaction_hash,Find canonical exploit transaction hash and chain before benchmark consideration.,"{""amount"": 2160000, ""bridgeHack"": false, ""chain"": [""BSC""], ""classification"": ""Protocol Logic"", ""date"": 1746921600, ""defillamaId"": null, ""language"": ""Solidity"", ""name"": ""Mobius Token"", ""returnedFunds"": null, ""source"": """", ""targetType"": ""DeFi Protocol"", ""technique"": ""Decimal Miscalculation Exploit""}"
defillama:hacks,defillama_4499,Litecoin,2026-04-26,,Litecoin,Protocol Logic,Zero-Day Bug & DDoS Exploit,Chain,C++,False,,,4499,False,blocked_missing_transaction_hash,Find canonical exploit transaction hash and chain before benchmark consideration.,"{""amount"": null, ""bridgeHack"": false, ""chain"": [""Litecoin""], ""classification"": ""Protocol Logic"", ""date"": 1777161600, ""defillamaId"": 4499, ""language"": ""C++"", ""name"": ""Litecoin"", ""returnedFunds"": null, ""source"": """", ""targetType"": ""Chain"", ""technique"": ""Zero-Day Bug & DDoS Exploit""}"
defillama:hacks,defillama_146,DODO AMM,2021-03-09,2000000,Ethereum,Protocol Logic,Access Control Exploit,DeFi Protocol,Solidity,False,,,146,False,blocked_missing_transaction_hash,Find canonical exploit transaction hash and chain before benchmark consideration.,"{""amount"": 2000000, ""bridgeHack"": false, ""chain"": [""Ethereum""], ""classification"": ""Protocol Logic"", ""date"": 1615248000, ""defillamaId"": 146, ""language"": ""Solidity"", ""name"": ""DODO AMM"", ""parentProtocolId"": ""parent#dodo"", ""returnedFunds"": null, ""source"": """", ""targetType"": ""DeFi Protocol"", ""technique"": ""Access Control Exploit""}"
defillama:hacks,defillama_2477,BonqDAO,2023-02-01,1700000,Polygon,Protocol Logic,Price Oracle Attack,DeFi Protocol,Solidity,False,,,2477,False,blocked_missing_transaction_hash,Find canonical exploit transaction hash and chain before benchmark consideration.,"{""amount"": 1700000, ""bridgeHack"": false, ""chain"": [""Polygon""], ""classification"": ""Protocol Logic"", ""date"": 1675209600, ""defillamaId"": 2477, ""language"": ""Solidity"", ""name"": ""BonqDAO"", ""returnedFunds"": null, ""source"": """", ""targetType"": ""DeFi Protocol"", ""technique"": ""Price Oracle Attack""}"
defillama:hacks,defillama_631,Beanstalk,2022-04-17,181000000,Ethereum,Ecosystem,Flashloan Governance Attack,DeFi Protocol,Solidity,False,,,631,False,blocked_missing_transaction_hash,Find canonical exploit transaction hash and chain before benchmark consideration.,"{""amount"": 181000000, ""bridgeHack"": false, ""chain"": [""Ethereum""], ""classification"": ""Ecosystem"", ""date"": 1650153600, ""defillamaId"": 631, ""language"": ""Solidity"", ""name"": ""Beanstalk"", ""parentProtocolId"": ""parent#beanstalk"", ""returnedFunds"": null, ""source"": """", ""targetType"": ""DeFi Protocol"", ""technique"": ""Flashloan Governance Attack""}"
defillama:hacks,defillama_134,Pickle,2020-11-22,19700000,Ethereum,Protocol Logic,Vault Swap Exploit,DeFi Protocol,Solidity,False,,,134,False,blocked_missing_transaction_hash,Find canonical exploit transaction hash and chain before benchmark consideration.,"{""amount"": 19700000, ""bridgeHack"": false, ""chain"": [""Ethereum""], ""classification"": ""Protocol Logic"", ""date"": 1606003200, ""defillamaId"": 134, ""language"": ""Solidity"", ""name"": ""Pickle"", ""returnedFunds"": null, ""source"": """", ""targetType"": ""DeFi Protocol"", ""technique"": ""Vault Swap Exploit""}"
defillama:hacks,2024-07-15_minterest,Minterest,2024-07-15,1400000,Mantle,Protocol Logic,Reentrancy,DeFi Protocol,Solidity,False,,,,False,blocked_missing_transaction_hash,Find canonical exploit transaction hash and chain before benchmark consideration.,"{""amount"": 1400000, ""bridgeHack"": false, ""chain"": [""Mantle""], ""classification"": ""Protocol Logic"", ""date"": 1721001600, ""defillamaId"": null, ""language"": ""Solidity"", ""name"": ""Minterest"", ""returnedFunds"": null, ""source"": """", ""targetType"": ""DeFi Protocol"", ""technique"": ""Reentrancy""}"
defillama:hacks,defillama_123,dForce Lending,2023-02-10,3650000,Arbitrum|Optimism,Protocol Logic,Reentrancy,DeFi Protocol,Solidity,False,,,123,False,blocked_missing_transaction_hash,Find canonical exploit transaction hash and chain before benchmark consideration.,"{""amount"": 3650000, ""bridgeHack"": false, ""chain"": [""Arbitrum"", ""Optimism""], ""classification"": ""Protocol Logic"", ""date"": 1675987200, ""defillamaId"": 123, ""language"": ""Solidity"", ""name"": ""dForce Lending"", ""parentProtocolId"": ""parent#dforce"", ""returnedFunds"": null, ""source"": """", ""targetType"": ""DeFi Protocol"", ""technique"": ""Reentrancy""}"
defillama:hacks,defillama_547,pNetwork,2022-11-03,4589449,BSC,Protocol Logic,Misconfiguration,DeFi Protocol,Solidity,True,4589449,,547,False,blocked_missing_transaction_hash,Find canonical exploit transaction hash and chain before benchmark consideration.,"{""amount"": 4589449, ""bridgeHack"": true, ""chain"": [""BSC""], ""classification"": ""Protocol Logic"", ""date"": 1667433600, ""defillamaId"": 547, ""language"": ""Solidity"", ""name"": ""pNetwork"", ""returnedFunds"": 4589449, ""source"": """", ""targetType"": ""DeFi Protocol"", ""technique"": ""Misconfiguration""}"
defillama:hacks,defillama_6964,Makina,2026-01-19,4200000,Ethereum,Protocol Logic,Flashloan Price Oracle Attack,DeFi Protocol,Solidity,False,,,6964,False,blocked_missing_transaction_hash,Find canonical exploit transaction hash and chain before benchmark consideration.,"{""amount"": 4200000, ""bridgeHack"": false, ""chain"": [""Ethereum""], ""classification"": ""Protocol Logic"", ""date"": 1768780800, ""defillamaId"": 6964, ""language"": ""Solidity"", ""name"": ""Makina"", ""returnedFunds"": null, ""source"": """", ""targetType"": ""DeFi Protocol"", ""technique"": ""Flashloan Price Oracle Attack""}"
defillama:hacks,defillama_126,Loopring,2024-06-09,5000000,Loopring,Protocol Logic,Guardian 2FA service exploit,DeFi Protocol,,False,,,126,False,blocked_missing_transaction_hash,Find canonical exploit transaction hash and chain before benchmark consideration.,"{""amount"": 5000000, ""bridgeHack"": false, ""chain"": [""Loopring""], ""classification"": ""Protocol Logic"", ""date"": 1717891200, ""defillamaId"": 126, ""language"": null, ""name"": ""Loopring"", ""returnedFunds"": null, ""source"": """", ""targetType"": ""DeFi Protocol"", ""technique"": ""Guardian 2FA service exploit""}"
defillama:hacks,defillama_1511,Seedify,2025-09-23,1000000,BSC|Avalanche,Infrastructure,Infinite Mint and Dump,DeFi Protocol,Solidity,True,,,1511,False,blocked_missing_transaction_hash,Find canonical exploit transaction hash and chain before benchmark consideration.,"{""amount"": 1000000, ""bridgeHack"": true, ""chain"": [""BSC"", ""Avalanche""], ""classification"": ""Infrastructure"", ""date"": 1758585600, ""defillamaId"": 1511, ""language"": ""Solidity"", ""name"": ""Seedify"", ""returnedFunds"": null, ""source"": """", ""targetType"": ""DeFi Protocol"", ""technique"": ""Infinite Mint and Dump""}"
defillama:hacks,defillama_4639,Saga,2026-01-21,7000000,Saga,Protocol Logic,Infinite Mint and Dump,Chain,Solidity,False,,,4639,False,blocked_missing_transaction_hash,Find canonical exploit transaction hash and chain before benchmark consideration.,"{""amount"": 7000000, ""bridgeHack"": false, ""chain"": [""Saga""], ""classification"": ""Protocol Logic"", ""date"": 1768953600, ""defillamaId"": 4639, ""language"": ""Solidity"", ""name"": ""Saga"", ""returnedFunds"": null, ""source"": """", ""targetType"": ""Chain"", ""technique"": ""Infinite Mint and Dump""}"
defillama:hacks,2022-02-10_dego_finance,Dego Finance,2022-02-10,10000000,Ethereum|BSC|Cronos,Infrastructure,Private Key Compromised (Unknown Method),DeFi Protocol,,False,,,,False,blocked_missing_transaction_hash,Find canonical exploit transaction hash and chain before benchmark consideration.,"{""amount"": 10000000, ""bridgeHack"": false, ""chain"": [""Ethereum"", ""BSC"", ""Cronos""], ""classification"": ""Infrastructure"", ""date"": 1644451200, ""defillamaId"": null, ""language"": null, ""name"": ""Dego Finance"", ""returnedFunds"": null, ""source"": """", ""targetType"": ""DeFi Protocol"", ""technique"": ""Private Key Compromised (Unknown Method)""}"
defillama:hacks,2026-04-29_syndicate,Syndicate,2026-04-29,380000,Base,Protocol Logic,Commons Bridge Exploit,DeFi Protocol,Solidity,True,380000,,,False,blocked_missing_transaction_hash,Find canonical exploit transaction hash and chain before benchmark consideration.,"{""amount"": 380000, ""bridgeHack"": true, ""chain"": [""Base""], ""classification"": ""Protocol Logic"", ""date"": 1777420800, ""defillamaId"": null, ""language"": ""Solidity"", ""name"": ""Syndicate"", ""returnedFunds"": 380000, ""source"": """", ""targetType"": ""DeFi Protocol"", ""technique"": ""Commons Bridge Exploit""}"
defillama:hacks,defillama_5734,Bunni V2,2025-09-02,8400000,Ethereum|Unichain,Protocol Logic,Liquidity Distribution Function Exploit,DeFi Protocol,Solidity,False,,,5734,False,blocked_missing_transaction_hash,Find canonical exploit transaction hash and chain before benchmark consideration.,"{""amount"": 8400000, ""bridgeHack"": false, ""chain"": [""Ethereum"", ""Unichain""], ""classification"": ""Protocol Logic"", ""date"": 1756771200, ""defillamaId"": 5734, ""language"": ""Solidity"", ""name"": ""Bunni V2"", ""parentProtocolId"": ""parent#bunni"", ""returnedFunds"": null, ""source"": """", ""targetType"": ""DeFi Protocol"", ""technique"": ""Liquidity Distribution Function Exploit""}"
defillama:hacks,defillama_1891,Blur Finance,2022-08-10,600000,BSC|Polygon,Rugpull,Drained Contracts,DeFi Protocol,Solidity,False,,,1891,False,blocked_missing_transaction_hash,Find canonical exploit transaction hash and chain before benchmark consideration.,"{""amount"": 600000, ""bridgeHack"": false, ""chain"": [""BSC"", ""Polygon""], ""classification"": ""Rugpull"", ""date"": 1660089600, ""defillamaId"": 1891, ""language"": ""Solidity"", ""name"": ""Blur Finance"", ""returnedFunds"": null, ""source"": """", ""targetType"": ""DeFi Protocol"", ""technique"": ""Drained Contracts""}"
defillama:hacks,2026-05-07_trustedvolumes,TrustedVolumes,2026-05-07,6700000,Ethereum,Protocol Logic,Forged RFQ Orders,Other,Solidity,False,,,,False,blocked_missing_transaction_hash,Find canonical exploit transaction hash and chain before benchmark consideration.,"{""amount"": 6700000, ""bridgeHack"": false, ""chain"": [""Ethereum""], ""classification"": ""Protocol Logic"", ""date"": 1778112000, ""defillamaId"": null, ""language"": ""Solidity"", ""name"": ""TrustedVolumes"", ""returnedFunds"": null, ""source"": """", ""targetType"": ""Other"", ""technique"": ""Forged RFQ Orders""}"
defillama:hacks,defillama_1864,Team Finance,2022-10-27,15800000,Ethereum,Protocol Logic,Migrate Function Mistake Exploit,DeFi Protocol,Solidity,False,,,1864,False,blocked_missing_transaction_hash,Find canonical exploit transaction hash and chain before benchmark consideration.,"{""amount"": 15800000, ""bridgeHack"": false, ""chain"": [""Ethereum""], ""classification"": ""Protocol Logic"", ""date"": 1666828800, ""defillamaId"": 1864, ""language"": ""Solidity"", ""name"": ""Team Finance"", ""returnedFunds"": null, ""source"": """", ""targetType"": ""DeFi Protocol"", ""technique"": ""Migrate Function Mistake Exploit""}"
defillama:hacks,2020-09-28_eminence,Eminence,2020-09-28,15000000,Ethereum,Ecosystem,Flashloan Price Oracle Attack,DeFi Protocol,Solidity,False,,,,False,blocked_missing_transaction_hash,Find canonical exploit transaction hash and chain before benchmark consideration.,"{""amount"": 15000000, ""bridgeHack"": false, ""chain"": [""Ethereum""], ""classification"": ""Ecosystem"", ""date"": 1601251200, ""defillamaId"": null, ""language"": ""Solidity"", ""name"": ""Eminence"", ""returnedFunds"": null, ""source"": """", ""targetType"": ""DeFi Protocol"", ""technique"": ""Flashloan Price Oracle Attack""}"
defillama:hacks,defillama_4100,Pike V1,2024-04-30,1600000,Ethereum|Optimism|Arbitrum,Protocol Logic,Storage Misalignment Exploit,DeFi Protocol,Solidity,False,1600000,,4100,False,blocked_missing_transaction_hash,Find canonical exploit transaction hash and chain before benchmark consideration.,"{""amount"": 1600000, ""bridgeHack"": false, ""chain"": [""Ethereum"", ""Optimism"", ""Arbitrum""], ""classification"": ""Protocol Logic"", ""date"": 1714435200, ""defillamaId"": 4100, ""language"": ""Solidity"", ""name"": ""Pike V1"", ""parentProtocolId"": ""parent#pike"", ""returnedFunds"": 1600000, ""source"": """", ""targetType"": ""DeFi Protocol"", ""technique"": ""Storage Misalignment Exploit""}"
defillama:hacks,2025-01-02_moonhacker,MoonHacker,2025-01-02,300000,Optimism,Protocol Logic,Unchecked FlashLoan Approve Exploit,DeFi Protocol,Solidity,False,,,,False,blocked_missing_transaction_hash,Find canonical exploit transaction hash and chain before benchmark consideration.,"{""amount"": 300000, ""bridgeHack"": false, ""chain"": [""Optimism""], ""classification"": ""Protocol Logic"", ""date"": 1735776000, ""defillamaId"": null, ""language"": ""Solidity"", ""name"": ""MoonHacker"", ""returnedFunds"": null, ""source"": """", ""targetType"": ""DeFi Protocol"", ""technique"": ""Unchecked FlashLoan Approve Exploit""}"
defillama:hacks,defillama_2611,Balancer V2,2023-08-27,800000,Ethereum,Protocol Logic,,DeFi Protocol,Solidity,False,,,2611,False,blocked_missing_transaction_hash,Find canonical exploit transaction hash and chain before benchmark consideration.,"{""amount"": 800000, ""bridgeHack"": false, ""chain"": [""Ethereum""], ""classification"": ""Protocol Logic"", ""date"": 1693094400, ""defillamaId"": 2611, ""language"": ""Solidity"", ""name"": ""Balancer V2"", ""parentProtocolId"": ""parent#balancer"", ""returnedFunds"": null, ""source"": """", ""targetType"": ""DeFi Protocol"", ""technique"": null}"
defillama:hacks,defillama_2479,DeltaPrime,2024-09-16,5980000,Arbitrum,Protocol Logic,Private Key Compromised (Unknown Method),DeFi Protocol,Solidity,False,,,2479,False,blocked_missing_transaction_hash,Find canonical exploit transaction hash and chain before benchmark consideration.,"{""amount"": 5980000, ""bridgeHack"": false, ""chain"": [""Arbitrum""], ""classification"": ""Protocol Logic"", ""date"": 1726444800, ""defillamaId"": 2479, ""language"": ""Solidity"", ""name"": ""DeltaPrime"", ""returnedFunds"": null, ""source"": """", ""targetType"": ""DeFi Protocol"", ""technique"": ""Private Key Compromised (Unknown Method)""}"
defillama:hacks,2024-08-07_nexera,Nexera,2024-08-07,1800000,Ethereum,Protocol Logic,Ownership Override Attack,DeFi Protocol,Solidity,False,,,,False,blocked_missing_transaction_hash,Find canonical exploit transaction hash and chain before benchmark consideration.,"{""amount"": 1800000, ""bridgeHack"": false, ""chain"": [""Ethereum""], ""classification"": ""Protocol Logic"", ""date"": 1722988800, ""defillamaId"": null, ""language"": ""Solidity"", ""name"": ""Nexera"", ""returnedFunds"": null, ""source"": """", ""targetType"": ""DeFi Protocol"", ""technique"": ""Ownership Override Attack""}"
defillama:hacks,2025-02-24_infini,Infini,2025-02-24,49500000,Ethereum,Protocol Logic,Dev Privilege Oversight Exploit,DeFi Protocol,,False,,,,False,blocked_missing_transaction_hash,Find canonical exploit transaction hash and chain before benchmark consideration.,"{""amount"": 49500000, ""bridgeHack"": false, ""chain"": [""Ethereum""], ""classification"": ""Protocol Logic"", ""date"": 1740355200, ""defillamaId"": null, ""language"": null, ""name"": ""Infini"", ""returnedFunds"": null, ""source"": """", ""targetType"": ""DeFi Protocol"", ""technique"": ""Dev Privilege Oversight Exploit""}"
defillama:hacks,defillama_6122,Blend Pools V2,2026-02-22,10970000,Stellar,Protocol Logic,Price Oracle Manipulation,DeFi Protocol,,False,,,6122,False,blocked_missing_transaction_hash,Find canonical exploit transaction hash and chain before benchmark consideration.,"{""amount"": 10970000, ""bridgeHack"": false, ""chain"": [""Stellar""], ""classification"": ""Protocol Logic"", ""date"": 1771718400, ""defillamaId"": 6122, ""language"": null, ""name"": ""Blend Pools V2"", ""parentProtocolId"": ""parent#blend"", ""returnedFunds"": null, ""source"": """", ""targetType"": ""DeFi Protocol"", ""technique"": ""Price Oracle Manipulation""}"
defillama:hacks,defillama_1028,MM Finance Cronos,2022-05-04,2000000,Cronos,Infrastructure,DNS Spoofing,DeFi Protocol,,False,,,1028,False,blocked_missing_transaction_hash,Find canonical exploit transaction hash and chain before benchmark consideration.,"{""amount"": 2000000, ""bridgeHack"": false, ""chain"": [""Cronos""], ""classification"": ""Infrastructure"", ""date"": 1651622400, ""defillamaId"": 1028, ""language"": null, ""name"": ""MM Finance Cronos"", ""parentProtocolId"": ""parent#mm-finance"", ""returnedFunds"": null, ""source"": """", ""targetType"": ""DeFi Protocol"", ""technique"": ""DNS Spoofing""}"
defillama:hacks,defillama_830,Revest Finance,2022-03-27,2010000,Ethereum,Smart Contract Language,Reentrancy,DeFi Protocol,Solidity,False,,,830,False,blocked_missing_transaction_hash,Find canonical exploit transaction hash and chain before benchmark consideration.,"{""amount"": 2010000, ""bridgeHack"": false, ""chain"": [""Ethereum""], ""classification"": ""Smart Contract Language"", ""date"": 1648339200, ""defillamaId"": 830, ""language"": ""Solidity"", ""name"": ""Revest Finance"", ""returnedFunds"": null, ""source"": """", ""targetType"": ""DeFi Protocol"", ""technique"": ""Reentrancy""}"
defillama:hacks,defillama_1464,Tropykus RSK,2023-06-14,150000,Rootstock,Protocol Logic,Redeem Rounding Error Exploit,DeFi Protocol,Solidity,False,,,1464,False,blocked_missing_transaction_hash,Find canonical exploit transaction hash and chain before benchmark consideration.,"{""amount"": 150000, ""bridgeHack"": false, ""chain"": [""Rootstock""], ""classification"": ""Protocol Logic"", ""date"": 1686700800, ""defillamaId"": 1464, ""language"": ""Solidity"", ""name"": ""Tropykus RSK"", ""parentProtocolId"": ""parent#tropykus-finance"", ""returnedFunds"": null, ""source"": """", ""targetType"": ""DeFi Protocol"", ""technique"": ""Redeem Rounding Error Exploit""}"
defillama:hacks,defillama_3564,Arena SocialFi,2023-10-07,2900000,Avalanche,Protocol Logic,Reentrancy,Other,Solidity,False,,,3564,False,blocked_missing_transaction_hash,Find canonical exploit transaction hash and chain before benchmark consideration.,"{""amount"": 2900000, ""bridgeHack"": false, ""chain"": [""Avalanche""], ""classification"": ""Protocol Logic"", ""date"": 1696636800, ""defillamaId"": 3564, ""language"": ""Solidity"", ""name"": ""Arena SocialFi"", ""parentProtocolId"": ""parent#the-arena"", ""returnedFunds"": null, ""source"": """", ""targetType"": ""Other"", ""technique"": ""Reentrancy""}"
defillama:hacks,defillama_2369,Phemex,2025-01-23,85000000,Ethereum|Solana|XRP|Bitcoin|BSC|Sui|Base|Tron|Arbitrum|Avalanche|Polygon|Optimism|zkSync Era,Infrastructure,Private Key Compromised (Unknown Method),CEX,,False,,,2369,False,blocked_missing_transaction_hash,Find canonical exploit transaction hash and chain before benchmark consideration.,"{""amount"": 85000000, ""bridgeHack"": false, ""chain"": [""Ethereum"", ""Solana"", ""XRP"", ""Bitcoin"", ""BSC"", ""Sui"", ""Base"", ""Tron"", ""Arbitrum"", ""Avalanche"", ""Polygon"", ""Optimism"", ""zkSync Era""], ""classification"": ""Infrastructure"", ""date"": 1737590400, ""defillamaId"": 2369, ""language"": null, ""name"": ""Phemex"", ""returnedFunds"": null, ""source"": """", ""targetType"": ""CEX"", ""technique"": ""Private Key Compromised (Unknown Method)""}"
defillama:hacks,2024-02-24_blueberry,BlueBerry,2024-02-24,1400000,Ethereum,Protocol Logic,Flashloan Price Oracle Attack,DeFi Protocol,Solidity,False,,,,False,blocked_missing_transaction_hash,Find canonical exploit transaction hash and chain before benchmark consideration.,"{""amount"": 1400000, ""bridgeHack"": false, ""chain"": [""Ethereum""], ""classification"": ""Protocol Logic"", ""date"": 1708732800, ""defillamaId"": null, ""language"": ""Solidity"", ""name"": ""BlueBerry"", ""returnedFunds"": null, ""source"": """", ""targetType"": ""DeFi Protocol"", ""technique"": ""Flashloan Price Oracle Attack""}"
defillama:hacks,defillama_7125,Polycule,2026-01-07,230000,Polygon,Protocol Logic,,DeFi Protocol,Solidity,False,,,7125,False,blocked_missing_transaction_hash,Find canonical exploit transaction hash and chain before benchmark consideration.,"{""amount"": 230000, ""bridgeHack"": false, ""chain"": [""Polygon""], ""classification"": ""Protocol Logic"", ""date"": 1767744000, ""defillamaId"": 7125, ""language"": ""Solidity"", ""name"": ""Polycule"", ""returnedFunds"": null, ""source"": """", ""targetType"": ""DeFi Protocol"", ""technique"": null}"
defillama:hacks,defillama_1412,Crema Finance,2022-07-02,8800000,Solana,Protocol Logic,Access Control Exploit,DeFi Protocol,Rust,False,,,1412,False,blocked_missing_transaction_hash,Find canonical exploit transaction hash and chain before benchmark consideration.,"{""amount"": 8800000, ""bridgeHack"": false, ""chain"": [""Solana""], ""classification"": ""Protocol Logic"", ""date"": 1656720000, ""defillamaId"": 1412, ""language"": ""Rust"", ""name"": ""Crema Finance"", ""returnedFunds"": null, ""source"": """", ""targetType"": ""DeFi Protocol"", ""technique"": ""Access Control Exploit""}"
defillama:hacks,2023-07-03_azukidao,AzukiDAO,2023-07-03,68000,Ethereum,Protocol Logic,Replay Attack,DeFi Protocol,Solidity,False,,,,False,blocked_missing_transaction_hash,Find canonical exploit transaction hash and chain before benchmark consideration.,"{""amount"": 68000, ""bridgeHack"": false, ""chain"": [""Ethereum""], ""classification"": ""Protocol Logic"", ""date"": 1688342400, ""defillamaId"": null, ""language"": ""Solidity"", ""name"": ""AzukiDAO"", ""returnedFunds"": null, ""source"": """", ""targetType"": ""DeFi Protocol"", ""technique"": ""Replay Attack""}"
defillama:hacks,defillama_4085,Tenderize V2,2025-04-07,10850,Ethereum,Protocol Logic,Proxy Upgrade Skim,DeFi Protocol,Solidity,False,,,4085,False,blocked_missing_transaction_hash,Find canonical exploit transaction hash and chain before benchmark consideration.,"{""amount"": 10850, ""bridgeHack"": false, ""chain"": [""Ethereum""], ""classification"": ""Protocol Logic"", ""date"": 1743984000, ""defillamaId"": 4085, ""language"": ""Solidity"", ""name"": ""Tenderize V2"", ""parentProtocolId"": ""parent#tenderize"", ""returnedFunds"": null, ""source"": """", ""targetType"": ""DeFi Protocol"", ""technique"": ""Proxy Upgrade Skim""}"
defillama:hacks,defillama_1853,Moonwell Lending,2026-02-15,1780000,Base,Protocol Logic,cbETH Collateral Exploit,DeFi Protocol,Solidity,False,,,1853,False,blocked_missing_transaction_hash,Find canonical exploit transaction hash and chain before benchmark consideration.,"{""amount"": 1780000, ""bridgeHack"": false, ""chain"": [""Base""], ""classification"": ""Protocol Logic"", ""date"": 1771113600, ""defillamaId"": 1853, ""language"": ""Solidity"", ""name"": ""Moonwell Lending"", ""parentProtocolId"": ""parent#moonwell"", ""returnedFunds"": null, ""source"": """", ""targetType"": ""DeFi Protocol"", ""technique"": ""cbETH Collateral Exploit""}"
defillama:hacks,defillama_2204,Pando Rings,2022-11-06,22000000,Mixin,Ecosystem,Price Oracle Attack,DeFi Protocol,Go,False,,,2204,False,blocked_missing_transaction_hash,Find canonical exploit transaction hash and chain before benchmark consideration.,"{""amount"": 22000000, ""bridgeHack"": false, ""chain"": [""Mixin""], ""classification"": ""Ecosystem"", ""date"": 1667692800, ""defillamaId"": 2204, ""language"": ""Go"", ""name"": ""Pando Rings"", ""parentProtocolId"": ""parent#pando"", ""returnedFunds"": null, ""source"": """", ""targetType"": ""DeFi Protocol"", ""technique"": ""Price Oracle Attack""}"
defillama:hacks,defillama_1387,DEUS Finance,2023-05-05,6500000,Arbitrum|BSC|Ethereum,Protocol Logic,Burn Function Mistake,DeFi Protocol,Solidity,False,,,1387,False,blocked_missing_transaction_hash,Find canonical exploit transaction hash and chain before benchmark consideration.,"{""amount"": 6500000, ""bridgeHack"": false, ""chain"": [""Arbitrum"", ""BSC"", ""Ethereum""], ""classification"": ""Protocol Logic"", ""date"": 1683244800, ""defillamaId"": 1387, ""language"": ""Solidity"", ""name"": ""DEUS Finance"", ""returnedFunds"": null, ""source"": """", ""targetType"": ""DeFi Protocol"", ""technique"": ""Burn Function Mistake""}"
defillama:hacks,2023-09-23_mixin_network,Mixin Network,2023-09-23,200000000,Mixin,Infrastructure,Database Attack,Other,,False,,,,False,blocked_missing_transaction_hash,Find canonical exploit transaction hash and chain before benchmark consideration.,"{""amount"": 200000000, ""bridgeHack"": false, ""chain"": [""Mixin""], ""classification"": ""Infrastructure"", ""date"": 1695427200, ""defillamaId"": null, ""language"": null, ""name"": ""Mixin Network"", ""returnedFunds"": null, ""source"": """", ""targetType"": ""Other"", ""technique"": ""Database Attack""}"
defillama:hacks,2022-03-09_fantasm_finance,Fantasm Finance,2022-03-09,2260000,Fantom,Protocol Logic,Missing Condition Check,DeFi Protocol,Solidity,False,,,,False,blocked_missing_transaction_hash,Find canonical exploit transaction hash and chain before benchmark consideration.,"{""amount"": 2260000, ""bridgeHack"": false, ""chain"": [""Fantom""], ""classification"": ""Protocol Logic"", ""date"": 1646784000, ""defillamaId"": null, ""language"": ""Solidity"", ""name"": ""Fantasm Finance"", ""returnedFunds"": null, ""source"": """", ""targetType"": ""DeFi Protocol"", ""technique"": ""Missing Condition Check""}"
defillama:hacks,defillama_2745,LeetSwap,2023-08-01,620000,Base,Protocol Logic,Liquidity Pools Compromised,DeFi Protocol,Solidity,False,,,2745,False,blocked_missing_transaction_hash,Find canonical exploit transaction hash and chain before benchmark consideration.,"{""amount"": 620000, ""bridgeHack"": false, ""chain"": [""Base""], ""classification"": ""Protocol Logic"", ""date"": 1690848000, ""defillamaId"": 2745, ""language"": ""Solidity"", ""name"": ""LeetSwap"", ""returnedFunds"": null, ""source"": """", ""targetType"": ""DeFi Protocol"", ""technique"": ""Liquidity Pools Compromised""}"
defillama:hacks,2025-10-09_astera_fi,Astera.fi,2025-10-09,573000,Linea,Protocol Logic,Oracle Price Feed Manipulation,DeFi Protocol,Solidity,False,,,,False,blocked_missing_transaction_hash,Find canonical exploit transaction hash and chain before benchmark consideration.,"{""amount"": 573000, ""bridgeHack"": false, ""chain"": [""Linea""], ""classification"": ""Protocol Logic"", ""date"": 1759968000, ""defillamaId"": null, ""language"": ""Solidity"", ""name"": ""Astera.fi"", ""returnedFunds"": null, ""source"": """", ""targetType"": ""DeFi Protocol"", ""technique"": ""Oracle Price Feed Manipulation""}"
defillama:hacks,2025-03-01_hegic_old_contract,Hegic(old contract),2025-03-01,94000,Ethereum,Protocol Logic,Unlimited repeated withdrawal exploit,DeFi Protocol,Solidity,False,,,,False,blocked_missing_transaction_hash,Find canonical exploit transaction hash and chain before benchmark consideration.,"{""amount"": 94000, ""bridgeHack"": false, ""chain"": [""Ethereum""], ""classification"": ""Protocol Logic"", ""date"": 1740787200, ""defillamaId"": null, ""language"": ""Solidity"", ""name"": ""Hegic(old contract)"", ""returnedFunds"": null, ""source"": """", ""targetType"": ""DeFi Protocol"", ""technique"": ""Unlimited repeated withdrawal exploit""}"
defillama:hacks,defillama_2862,Hyperliquid,2023-06-15,37000,Arbitrum,Ecosystem,CEX Price Manipulation Attack,DeFi Protocol,,False,,,2862,False,blocked_missing_transaction_hash,Find canonical exploit transaction hash and chain before benchmark consideration.,"{""amount"": 37000, ""bridgeHack"": false, ""chain"": [""Arbitrum""], ""classification"": ""Ecosystem"", ""date"": 1686787200, ""defillamaId"": 2862, ""language"": null, ""name"": ""Hyperliquid"", ""returnedFunds"": null, ""source"": """", ""targetType"": ""DeFi Protocol"", ""technique"": ""CEX Price Manipulation Attack""}"
defillama:hacks,defillama_4452,Moby,2025-01-08,1470000,Arbitrum,Infrastructure,Private Key Compromised (Unknown Method),DeFi Protocol,Solidity,False,,,4452,False,blocked_missing_transaction_hash,Find canonical exploit transaction hash and chain before benchmark consideration.,"{""amount"": 1470000, ""bridgeHack"": false, ""chain"": [""Arbitrum""], ""classification"": ""Infrastructure"", ""date"": 1736294400, ""defillamaId"": 4452, ""language"": ""Solidity"", ""name"": ""Moby"", ""returnedFunds"": null, ""source"": """", ""targetType"": ""DeFi Protocol"", ""technique"": ""Private Key Compromised (Unknown Method)""}"
defillama:hacks,defillama_189,1inch,2025-03-07,5000000,Ethereum,Protocol Logic,Calldata underflow and resolver hijack,DeFi Protocol,Solidity,False,,,189,False,blocked_missing_transaction_hash,Find canonical exploit transaction hash and chain before benchmark consideration.,"{""amount"": 5000000, ""bridgeHack"": false, ""chain"": [""Ethereum""], ""classification"": ""Protocol Logic"", ""date"": 1741305600, ""defillamaId"": 189, ""language"": ""Solidity"", ""name"": ""1inch"", ""returnedFunds"": null, ""source"": """", ""targetType"": ""DeFi Protocol"", ""technique"": ""Calldata underflow and resolver hijack""}"
defillama:hacks,defillama_583,Eleven Finance,2021-06-22,4500000,BSC,Ecosystem,Flashloan Burn Function Exploit,DeFi Protocol,Solidity,False,,,583,False,blocked_missing_transaction_hash,Find canonical exploit transaction hash and chain before benchmark consideration.,"{""amount"": 4500000, ""bridgeHack"": false, ""chain"": [""BSC""], ""classification"": ""Ecosystem"", ""date"": 1624320000, ""defillamaId"": 583, ""language"": ""Solidity"", ""name"": ""Eleven Finance"", ""returnedFunds"": null, ""source"": """", ""targetType"": ""DeFi Protocol"", ""technique"": ""Flashloan Burn Function Exploit""}"
defillama:hacks,2020-11-16_cheesebank,CheeseBank,2020-11-16,3300000,Ethereum,Ecosystem,Flashloan Price Oracle Attack,DeFi Protocol,,False,,,,False,blocked_missing_transaction_hash,Find canonical exploit transaction hash and chain before benchmark consideration.,"{""amount"": 3300000, ""bridgeHack"": false, ""chain"": [""Ethereum""], ""classification"": ""Ecosystem"", ""date"": 1605484800, ""defillamaId"": null, ""language"": null, ""name"": ""CheeseBank"", ""returnedFunds"": null, ""source"": """", ""targetType"": ""DeFi Protocol"", ""technique"": ""Flashloan Price Oracle Attack""}"
defillama:hacks,2021-12-13_vulcan_forged,Vulcan Forged,2021-12-13,140000000,Ethereum|Polygon,Infrastructure,Private Key Compromised (Unknown Method),DeFi Protocol,,False,,,,False,blocked_missing_transaction_hash,Find canonical exploit transaction hash and chain before benchmark consideration.,"{""amount"": 140000000, ""bridgeHack"": false, ""chain"": [""Ethereum"", ""Polygon""], ""classification"": ""Infrastructure"", ""date"": 1639353600, ""defillamaId"": null, ""language"": null, ""name"": ""Vulcan Forged"", ""returnedFunds"": null, ""source"": """", ""targetType"": ""DeFi Protocol"", ""technique"": ""Private Key Compromised (Unknown Method)""}"
defillama:hacks,2022-08-02_slope_wallet,Slope Wallet,2022-08-02,5300000,Solana,Infrastructure,Private Key Compromised (Stored Publicly),Wallet,,False,,,,False,blocked_missing_transaction_hash,Find canonical exploit transaction hash and chain before benchmark consideration.,"{""amount"": 5300000, ""bridgeHack"": false, ""chain"": [""Solana""], ""classification"": ""Infrastructure"", ""date"": 1659398400, ""defillamaId"": null, ""language"": null, ""name"": ""Slope Wallet"", ""returnedFunds"": null, ""source"": """", ""targetType"": ""Wallet"", ""technique"": ""Private Key Compromised (Stored Publicly)""}"
defillama:hacks,defillama_136,Rari Capital,2022-05-01,80000000,Ethereum|Arbitrum,Ecosystem,Flashloan Reentrancy Attack,DeFi Protocol,Solidity,False,,,136,False,blocked_missing_transaction_hash,Find canonical exploit transaction hash and chain before benchmark consideration.,"{""amount"": 80000000, ""bridgeHack"": false, ""chain"": [""Ethereum"", ""Arbitrum""], ""classification"": ""Ecosystem"", ""date"": 1651363200, ""defillamaId"": 136, ""language"": ""Solidity"", ""name"": ""Rari Capital"", ""returnedFunds"": null, ""source"": """", ""targetType"": ""DeFi Protocol"", ""technique"": ""Flashloan Reentrancy Attack""}"
defillama:hacks,defillama_1466,ALEX,2024-05-16,4300000,Stacks,Infrastructure,Private Key Compromised (Phishing),DeFi Protocol,,False,,,1466,False,blocked_missing_transaction_hash,Find canonical exploit transaction hash and chain before benchmark consideration.,"{""amount"": 4300000, ""bridgeHack"": false, ""chain"": [""Stacks""], ""classification"": ""Infrastructure"", ""date"": 1715817600, ""defillamaId"": 1466, ""language"": null, ""name"": ""ALEX"", ""returnedFunds"": null, ""source"": """", ""targetType"": ""DeFi Protocol"", ""technique"": ""Private Key Compromised (Phishing)""}"
defillama:hacks,defillama_5180,Onyx V2,2024-09-26,4000000,Ethereum,Protocol Logic,Liquidation Logic Exploit,DeFi Protocol,Solidity,False,,,5180,False,blocked_missing_transaction_hash,Find canonical exploit transaction hash and chain before benchmark consideration.,"{""amount"": 4000000, ""bridgeHack"": false, ""chain"": [""Ethereum""], ""classification"": ""Protocol Logic"", ""date"": 1727308800, ""defillamaId"": 5180, ""language"": ""Solidity"", ""name"": ""Onyx V2"", ""parentProtocolId"": ""parent#onyx"", ""returnedFunds"": null, ""source"": """", ""targetType"": ""DeFi Protocol"", ""technique"": ""Liquidation Logic Exploit""}"
defillama:hacks,defillama_2111,UwU Lend,2024-06-13,3700000,Ethereum,Ecosystem,Flashloan Price Oracle Attack,DeFi Protocol,Solidity,False,,,2111,False,blocked_missing_transaction_hash,Find canonical exploit transaction hash and chain before benchmark consideration.,"{""amount"": 3700000, ""bridgeHack"": false, ""chain"": [""Ethereum""], ""classification"": ""Ecosystem"", ""date"": 1718236800, ""defillamaId"": 2111, ""language"": ""Solidity"", ""name"": ""UwU Lend"", ""returnedFunds"": null, ""source"": """", ""targetType"": ""DeFi Protocol"", ""technique"": ""Flashloan Price Oracle Attack""}"
defillama:hacks,defillama_1246,Spartan,2021-05-02,30500000,BSC,Ecosystem,Flashloan Pool Shares Exploit,DeFi Protocol,Solidity,False,,,1246,False,blocked_missing_transaction_hash,Find canonical exploit transaction hash and chain before benchmark consideration.,"{""amount"": 30500000, ""bridgeHack"": false, ""chain"": [""BSC""], ""classification"": ""Ecosystem"", ""date"": 1619913600, ""defillamaId"": 1246, ""language"": ""Solidity"", ""name"": ""Spartan"", ""returnedFunds"": null, ""source"": """", ""targetType"": ""DeFi Protocol"", ""technique"": ""Flashloan Pool Shares Exploit""}"
defillama:hacks,2023-11-22_huobi,Huobi,2023-11-22,26400000,Ethereum,Infrastructure,Private Key Compromised (Unknown Method),CEX,,False,,,,False,blocked_missing_transaction_hash,Find canonical exploit transaction hash and chain before benchmark consideration.,"{""amount"": 26400000, ""bridgeHack"": false, ""chain"": [""Ethereum""], ""classification"": ""Infrastructure"", ""date"": 1700611200, ""defillamaId"": null, ""language"": null, ""name"": ""Huobi"", ""returnedFunds"": null, ""source"": """", ""targetType"": ""CEX"", ""technique"": ""Private Key Compromised (Unknown Method)""}"
defillama:hacks,2026-04-13_dango,Dango,2026-04-13,410000,Dango,Protocol Logic,Donate Negative Amounts Hack,DeFi Protocol,Solidity,False,410000,,,False,blocked_missing_transaction_hash,Find canonical exploit transaction hash and chain before benchmark consideration.,"{""amount"": 410000, ""bridgeHack"": false, ""chain"": [""Dango""], ""classification"": ""Protocol Logic"", ""date"": 1776038400, ""defillamaId"": null, ""language"": ""Solidity"", ""name"": ""Dango"", ""returnedFunds"": 410000, ""source"": """", ""targetType"": ""DeFi Protocol"", ""technique"": ""Donate Negative Amounts Hack""}"
defillama:hacks,2026-03-31_lml_usdt_staking_protocol,LML/USDT staking protocol,2026-03-31,950000,BSC,Protocol Logic,Price Manipulation Attack,DeFi Protocol,Solidity,False,,,,False,blocked_missing_transaction_hash,Find canonical exploit transaction hash and chain before benchmark consideration.,"{""amount"": 950000, ""bridgeHack"": false, ""chain"": [""BSC""], ""classification"": ""Protocol Logic"", ""date"": 1774915200, ""defillamaId"": null, ""language"": ""Solidity"", ""name"": ""LML/USDT staking protocol"", ""returnedFunds"": null, ""source"": """", ""targetType"": ""DeFi Protocol"", ""technique"": ""Price Manipulation Attack""}"
defillama:hacks,2025-10-27_402bridge,402bridge,2025-10-27,17000,Base,Infrastructure,Private Key Compromised (Stored Publicly),DeFi Protocol,Solidity,True,,,,False,blocked_missing_transaction_hash,Find canonical exploit transaction hash and chain before benchmark consideration.,"{""amount"": 17000, ""bridgeHack"": true, ""chain"": [""Base""], ""classification"": ""Infrastructure"", ""date"": 1761523200, ""defillamaId"": null, ""language"": ""Solidity"", ""name"": ""402bridge"", ""returnedFunds"": null, ""source"": """", ""targetType"": ""DeFi Protocol"", ""technique"": ""Private Key Compromised (Stored Publicly)""}"
defillama:hacks,defillama_1796,Poly Network,2023-07-02,5000000,Ethereum|BSC|Polygon,Infrastructure,Private Key Compromised (Unknown Method),DeFi Protocol,Solidity,True,,,1796,False,blocked_missing_transaction_hash,Find canonical exploit transaction hash and chain before benchmark consideration.,"{""amount"": 5000000, ""bridgeHack"": true, ""chain"": [""Ethereum"", ""BSC"", ""Polygon""], ""classification"": ""Infrastructure"", ""date"": 1688256000, ""defillamaId"": 1796, ""language"": ""Solidity"", ""name"": ""Poly Network"", ""returnedFunds"": null, ""source"": """", ""targetType"": ""DeFi Protocol"", ""technique"": ""Private Key Compromised (Unknown Method)""}"
defillama:hacks,defillama_260,Mirror,2021-10-08,90000000,Terra,Smart Contract Language,Duplicate Call Exploit,DeFi Protocol,Rust,False,,,260,False,blocked_missing_transaction_hash,Find canonical exploit transaction hash and chain before benchmark consideration.,"{""amount"": 90000000, ""bridgeHack"": false, ""chain"": [""Terra""], ""classification"": ""Smart Contract Language"", ""date"": 1633651200, ""defillamaId"": 260, ""language"": ""Rust"", ""name"": ""Mirror"", ""returnedFunds"": null, ""source"": """", ""targetType"": ""DeFi Protocol"", ""technique"": ""Duplicate Call Exploit""}"
defillama:hacks,defillama_370,Merlin,2021-05-26,680000,BSC,Ecosystem,Flashloan Incentive Rewards Exploit,DeFi Protocol,Solidity,False,,,370,False,blocked_missing_transaction_hash,Find canonical exploit transaction hash and chain before benchmark consideration.,"{""amount"": 680000, ""bridgeHack"": false, ""chain"": [""BSC""], ""classification"": ""Ecosystem"", ""date"": 1621987200, ""defillamaId"": 370, ""language"": ""Solidity"", ""name"": ""Merlin"", ""returnedFunds"": null, ""source"": """", ""targetType"": ""DeFi Protocol"", ""technique"": ""Flashloan Incentive Rewards Exploit""}"
defillama:hacks,defillama_889,8ightDAO,2021-12-08,1750000,Harmony,Infrastructure,Private Key Compromised (Unknown Method),DeFi Protocol,,False,,,889,False,blocked_missing_transaction_hash,Find canonical exploit transaction hash and chain before benchmark consideration.,"{""amount"": 1750000, ""bridgeHack"": false, ""chain"": [""Harmony""], ""classification"": ""Infrastructure"", ""date"": 1638921600, ""defillamaId"": 889, ""language"": null, ""name"": ""8ightDAO"", ""returnedFunds"": null, ""source"": """", ""targetType"": ""DeFi Protocol"", ""technique"": ""Private Key Compromised (Unknown Method)""}"
defillama:hacks,defillama_1582,Aperture LM,2026-01-25,3200000,Ethereum|Base|BSC,Protocol Logic,,DeFi Protocol,Solidity,False,,,1582,False,blocked_missing_transaction_hash,Find canonical exploit transaction hash and chain before benchmark consideration.,"{""amount"": 3200000, ""bridgeHack"": false, ""chain"": [""Ethereum"", ""Base"", ""BSC""], ""classification"": ""Protocol Logic"", ""date"": 1769299200, ""defillamaId"": 1582, ""language"": ""Solidity"", ""name"": ""Aperture LM"", ""parentProtocolId"": ""parent#aperture-finance"", ""returnedFunds"": null, ""source"": """", ""targetType"": ""DeFi Protocol"", ""technique"": null}"
defillama:hacks,defillama_136,Rari Capital,2025-12-18,2000000,Ethereum,Protocol Logic,Uninitialized Proxy Hijack,DeFi Protocol,Solidity,False,,,136,False,blocked_missing_transaction_hash,Find canonical exploit transaction hash and chain before benchmark consideration.,"{""amount"": 2000000, ""bridgeHack"": false, ""chain"": [""Ethereum""], ""classification"": ""Protocol Logic"", ""date"": 1766016000, ""defillamaId"": 136, ""language"": ""Solidity"", ""name"": ""Rari Capital"", ""returnedFunds"": null, ""source"": """", ""targetType"": ""DeFi Protocol"", ""technique"": ""Uninitialized Proxy Hijack""}"
defillama:hacks,defillama_1614,0vix,2023-04-28,2000000,Polygon,Ecosystem,Flashloan Donate Function Logic Exploit,DeFi Protocol,Solidity,False,,,1614,False,blocked_missing_transaction_hash,Find canonical exploit transaction hash and chain before benchmark consideration.,"{""amount"": 2000000, ""bridgeHack"": false, ""chain"": [""Polygon""], ""classification"": ""Ecosystem"", ""date"": 1682640000, ""defillamaId"": 1614, ""language"": ""Solidity"", ""name"": ""0vix"", ""returnedFunds"": null, ""source"": """", ""targetType"": ""DeFi Protocol"", ""technique"": ""Flashloan Donate Function Logic Exploit""}"
defillama:hacks,2026-04-23_giddy,Giddy,2026-04-23,1300000,Ethereum,Protocol Logic,Incomplete EIP-712 Signature Coverage,DeFi Protocol,Solidity,False,,,,False,blocked_missing_transaction_hash,Find canonical exploit transaction hash and chain before benchmark consideration.,"{""amount"": 1300000, ""bridgeHack"": false, ""chain"": [""Ethereum""], ""classification"": ""Protocol Logic"", ""date"": 1776902400, ""defillamaId"": null, ""language"": ""Solidity"", ""name"": ""Giddy"", ""returnedFunds"": null, ""source"": """", ""targetType"": ""DeFi Protocol"", ""technique"": ""Incomplete EIP-712 Signature Coverage""}"
defillama:hacks,defillama_5103,Renegade,2026-05-10,209000,Arbitrum,Protocol Logic,Unprotected Initializer Exploit,DeFi Protocol,Solidity,False,209000,,5103,False,blocked_missing_transaction_hash,Find canonical exploit transaction hash and chain before benchmark consideration.,"{""amount"": 209000, ""bridgeHack"": false, ""chain"": [""Arbitrum""], ""classification"": ""Protocol Logic"", ""date"": 1778371200, ""defillamaId"": 5103, ""language"": ""Solidity"", ""name"": ""Renegade"", ""returnedFunds"": 209000, ""source"": """", ""targetType"": ""DeFi Protocol"", ""technique"": ""Unprotected Initializer Exploit""}"
defillama:hacks,2024-10-30_sunray_finance,SUNRAY·FINANCE,2024-10-30,2855000,Arbitrum,Infrastructure,Private Key Compromised,DeFi Protocol,Solidity,False,,,,False,blocked_missing_transaction_hash,Find canonical exploit transaction hash and chain before benchmark consideration.,"{""amount"": 2855000, ""bridgeHack"": false, ""chain"": [""Arbitrum""], ""classification"": ""Infrastructure"", ""date"": 1730246400, ""defillamaId"": null, ""language"": ""Solidity"", ""name"": ""SUNRAY\u00b7FINANCE"", ""returnedFunds"": null, ""source"": """", ""targetType"": ""DeFi Protocol"", ""technique"": ""Private Key Compromised""}"
defillama:hacks,defillama_3474,Levana Perps,2023-12-27,1100000,Osmosis,Protocol Logic,Price Oracle Attack,DeFi Protocol,Rust,False,,,3474,False,blocked_missing_transaction_hash,Find canonical exploit transaction hash and chain before benchmark consideration.,"{""amount"": 1100000, ""bridgeHack"": false, ""chain"": [""Osmosis""], ""classification"": ""Protocol Logic"", ""date"": 1703635200, ""defillamaId"": 3474, ""language"": ""Rust"", ""name"": ""Levana Perps"", ""returnedFunds"": null, ""source"": """", ""targetType"": ""DeFi Protocol"", ""technique"": ""Price Oracle Attack""}"
defillama:hacks,defillama_5981,Impermax V3,2025-04-26,300000,Base,Protocol Logic,Flashloan Exploit,DeFi Protocol,Solidity,False,,,5981,False,blocked_missing_transaction_hash,Find canonical exploit transaction hash and chain before benchmark consideration.,"{""amount"": 300000, ""bridgeHack"": false, ""chain"": [""Base""], ""classification"": ""Protocol Logic"", ""date"": 1745625600, ""defillamaId"": 5981, ""language"": ""Solidity"", ""name"": ""Impermax V3"", ""parentProtocolId"": ""parent#impermax-finance"", ""returnedFunds"": null, ""source"": """", ""targetType"": ""DeFi Protocol"", ""technique"": ""Flashloan Exploit""}"
defillama:hacks,2023-10-29_astrid_finance,Astrid Finance,2023-10-29,228000,Ethereum,Protocol Logic,Withdraw Function Argument Manipulation,DeFi Protocol,,False,,,,False,blocked_missing_transaction_hash,Find canonical exploit transaction hash and chain before benchmark consideration.,"{""amount"": 228000, ""bridgeHack"": false, ""chain"": [""Ethereum""], ""classification"": ""Protocol Logic"", ""date"": 1698537600, ""defillamaId"": null, ""language"": null, ""name"": ""Astrid Finance"", ""returnedFunds"": null, ""source"": """", ""targetType"": ""DeFi Protocol"", ""technique"": ""Withdraw Function Argument Manipulation""}"
defillama:hacks,defillama_5842,SIR,2025-03-30,355000,Ethereum,Protocol Logic,Transient storage collision,DeFi Protocol,Solidity,False,,,5842,False,blocked_missing_transaction_hash,Find canonical exploit transaction hash and chain before benchmark consideration.,"{""amount"": 355000, ""bridgeHack"": false, ""chain"": [""Ethereum""], ""classification"": ""Protocol Logic"", ""date"": 1743292800, ""defillamaId"": 5842, ""language"": ""Solidity"", ""name"": ""SIR"", ""returnedFunds"": null, ""source"": """", ""targetType"": ""DeFi Protocol"", ""technique"": ""Transient storage collision""}"
defillama:hacks,defillama_4241,Lava,2024-03-29,340000,Arbitrum,Protocol Logic,Calculation Error in Liquidation Engine ,DeFi Protocol,Solidity,False,,,4241,False,blocked_missing_transaction_hash,Find canonical exploit transaction hash and chain before benchmark consideration.,"{""amount"": 340000, ""bridgeHack"": false, ""chain"": [""Arbitrum""], ""classification"": ""Protocol Logic"", ""date"": 1711670400, ""defillamaId"": 4241, ""language"": ""Solidity"", ""name"": ""Lava"", ""returnedFunds"": null, ""source"": """", ""targetType"": ""DeFi Protocol"", ""technique"": ""Calculation Error in Liquidation Engine ""}"
defillama:hacks,defillama_338,Inverse Finance Frontier,2022-06-16,5800000,Ethereum,Ecosystem,Flashloan Price Oracle Attack,DeFi Protocol,Solidity,False,,,338,False,blocked_missing_transaction_hash,Find canonical exploit transaction hash and chain before benchmark consideration.,"{""amount"": 5800000, ""bridgeHack"": false, ""chain"": [""Ethereum""], ""classification"": ""Ecosystem"", ""date"": 1655337600, ""defillamaId"": 338, ""language"": ""Solidity"", ""name"": ""Inverse Finance Frontier"", ""parentProtocolId"": ""parent#inverse-finance"", ""returnedFunds"": null, ""source"": """", ""targetType"": ""DeFi Protocol"", ""technique"": ""Flashloan Price Oracle Attack""}"
defillama:hacks,defillama_2611,Balancer V2,2023-09-19,238000,Ethereum,Protocol Logic,Frontend Attack,DeFi Protocol,,False,,,2611,False,blocked_missing_transaction_hash,Find canonical exploit transaction hash and chain before benchmark consideration.,"{""amount"": 238000, ""bridgeHack"": false, ""chain"": [""Ethereum""], ""classification"": ""Protocol Logic"", ""date"": 1695081600, ""defillamaId"": 2611, ""language"": null, ""name"": ""Balancer V2"", ""parentProtocolId"": ""parent#balancer"", ""returnedFunds"": null, ""source"": """", ""targetType"": ""DeFi Protocol"", ""technique"": ""Frontend Attack""}"
defillama:hacks,2023-04-10_sushiswap,SushiSwap,2023-04-10,3300000,Ethereum|Arbitrum|Optimism|BSC,Protocol Logic,Missing Input Validation,DeFi Protocol,Solidity,False,3300000,,,False,blocked_missing_transaction_hash,Find canonical exploit transaction hash and chain before benchmark consideration.,"{""amount"": 3300000, ""bridgeHack"": false, ""chain"": [""Ethereum"", ""Arbitrum"", ""Optimism"", ""BSC""], ""classification"": ""Protocol Logic"", ""date"": 1681084800, ""defillamaId"": null, ""language"": ""Solidity"", ""name"": ""SushiSwap"", ""returnedFunds"": 3300000, ""source"": """", ""targetType"": ""DeFi Protocol"", ""technique"": ""Missing Input Validation""}"
defillama:hacks,defillama_355,Gamma,2021-12-21,8200000,Ethereum,Protocol Logic,Access Control Exploit,DeFi Protocol,Solidity,False,,,355,False,blocked_missing_transaction_hash,Find canonical exploit transaction hash and chain before benchmark consideration.,"{""amount"": 8200000, ""bridgeHack"": false, ""chain"": [""Ethereum""], ""classification"": ""Protocol Logic"", ""date"": 1640044800, ""defillamaId"": 355, ""language"": ""Solidity"", ""name"": ""Gamma"", ""returnedFunds"": null, ""source"": """", ""targetType"": ""DeFi Protocol"", ""technique"": ""Access Control Exploit""}"
defillama:hacks,defillama_2588,Bisq,2026-05-01,858000,Bitcoin,Protocol Logic,Fake Bisq V1 Client Hack,DeFi Protocol,,False,,,2588,False,blocked_missing_transaction_hash,Find canonical exploit transaction hash and chain before benchmark consideration.,"{""amount"": 858000, ""bridgeHack"": false, ""chain"": [""Bitcoin""], ""classification"": ""Protocol Logic"", ""date"": 1777593600, ""defillamaId"": 2588, ""language"": null, ""name"": ""Bisq"", ""returnedFunds"": null, ""source"": """", ""targetType"": ""DeFi Protocol"", ""technique"": ""Fake Bisq V1 Client Hack""}"
defillama:hacks,defillama_5591,Aethir,2026-04-09,423000,BSC,Protocol Logic,Acces Control Exploit,DeFi Protocol,Solidity,False,,,5591,False,blocked_missing_transaction_hash,Find canonical exploit transaction hash and chain before benchmark consideration.,"{""amount"": 423000, ""bridgeHack"": false, ""chain"": [""BSC""], ""classification"": ""Protocol Logic"", ""date"": 1775692800, ""defillamaId"": 5591, ""language"": ""Solidity"", ""name"": ""Aethir"", ""returnedFunds"": null, ""source"": """", ""targetType"": ""DeFi Protocol"", ""technique"": ""Acces Control Exploit""}"
defillama:hacks,defillama_254,Bunny,2021-05-19,45000000,BSC,Ecosystem,Flashloan Price Oracle Attack,DeFi Protocol,Solidity,False,,,254,False,blocked_missing_transaction_hash,Find canonical exploit transaction hash and chain before benchmark consideration.,"{""amount"": 45000000, ""bridgeHack"": false, ""chain"": [""BSC""], ""classification"": ""Ecosystem"", ""date"": 1621382400, ""defillamaId"": 254, ""language"": ""Solidity"", ""name"": ""Bunny"", ""returnedFunds"": null, ""source"": """", ""targetType"": ""DeFi Protocol"", ""technique"": ""Flashloan Price Oracle Attack""}"
defillama:hacks,defillama_1546,Rhea Lend,2026-04-16,18400000,Near,Protocol Logic,Fake Collateral Exploit,DeFi Protocol,Solidity,False,18400000,,1546,False,blocked_missing_transaction_hash,Find canonical exploit transaction hash and chain before benchmark consideration.,"{""amount"": 18400000, ""bridgeHack"": false, ""chain"": [""Near""], ""classification"": ""Protocol Logic"", ""date"": 1776297600, ""defillamaId"": 1546, ""language"": ""Solidity"", ""name"": ""Rhea Lend"", ""parentProtocolId"": ""parent#rhea-finance"", ""returnedFunds"": 18400000, ""source"": """", ""targetType"": ""DeFi Protocol"", ""technique"": ""Fake Collateral Exploit""}"
defillama:hacks,2024-02-25_riskonblast,RiskOnBlast,2024-02-25,1300000,Blast,Rugpull,,DeFi Protocol,,False,,,,False,blocked_missing_transaction_hash,Find canonical exploit transaction hash and chain before benchmark consideration.,"{""amount"": 1300000, ""bridgeHack"": false, ""chain"": [""Blast""], ""classification"": ""Rugpull"", ""date"": 1708819200, ""defillamaId"": null, ""language"": null, ""name"": ""RiskOnBlast"", ""returnedFunds"": null, ""source"": """", ""targetType"": ""DeFi Protocol"", ""technique"": null}"
defillama:hacks,2023-05-28_jimbos_protocol,Jimbos Protocol,2023-05-28,7500000,Arbitrum,Ecosystem,Flashloan Slippage Attack,DeFi Protocol,Solidity,False,,,,False,blocked_missing_transaction_hash,Find canonical exploit transaction hash and chain before benchmark consideration.,"{""amount"": 7500000, ""bridgeHack"": false, ""chain"": [""Arbitrum""], ""classification"": ""Ecosystem"", ""date"": 1685232000, ""defillamaId"": null, ""language"": ""Solidity"", ""name"": ""Jimbos Protocol"", ""returnedFunds"": null, ""source"": """", ""targetType"": ""DeFi Protocol"", ""technique"": ""Flashloan Slippage Attack""}"
defillama:hacks,defillama_164,ValueDefi,2021-05-05,10000000,BSC,Protocol Logic,Access Control Exploit,DeFi Protocol,Solidity,False,,,164,False,blocked_missing_transaction_hash,Find canonical exploit transaction hash and chain before benchmark consideration.,"{""amount"": 10000000, ""bridgeHack"": false, ""chain"": [""BSC""], ""classification"": ""Protocol Logic"", ""date"": 1620172800, ""defillamaId"": 164, ""language"": ""Solidity"", ""name"": ""ValueDefi"", ""parentProtocolId"": ""parent#value-finance"", ""returnedFunds"": null, ""source"": """", ""targetType"": ""DeFi Protocol"", ""technique"": ""Access Control Exploit""}"
defillama:hacks,2021-12-21_bent_finance,Bent Finance,2021-12-21,1750000,Ethereum,Protocol Logic,User Balances Manually Updated,DeFi Protocol,Solidity,False,,,,False,blocked_missing_transaction_hash,Find canonical exploit transaction hash and chain before benchmark consideration.,"{""amount"": 1750000, ""bridgeHack"": false, ""chain"": [""Ethereum""], ""classification"": ""Protocol Logic"", ""date"": 1640044800, ""defillamaId"": null, ""language"": ""Solidity"", ""name"": ""Bent Finance"", ""returnedFunds"": null, ""source"": """", ""targetType"": ""DeFi Protocol"", ""technique"": ""User Balances Manually Updated""}"
defillama:hacks,defillama_6071,LND,2025-05-09,1300000,Sonic|Hyperliquid L1,Protocol Logic,,DeFi Protocol,,False,,,6071,False,blocked_missing_transaction_hash,Find canonical exploit transaction hash and chain before benchmark consideration.,"{""amount"": 1300000, ""bridgeHack"": false, ""chain"": [""Sonic"", ""Hyperliquid L1""], ""classification"": ""Protocol Logic"", ""date"": 1746748800, ""defillamaId"": 6071, ""language"": null, ""name"": ""LND"", ""returnedFunds"": null, ""source"": """", ""targetType"": ""DeFi Protocol"", ""technique"": null}"
defillama:hacks,defillama_944,Platypus Finance,2023-02-16,8500000,Avalanche,Ecosystem,Flashloan Reentrancy Attack,DeFi Protocol,Solidity,False,222634,,944,False,blocked_missing_transaction_hash,Find canonical exploit transaction hash and chain before benchmark consideration.,"{""amount"": 8500000, ""bridgeHack"": false, ""chain"": [""Avalanche""], ""classification"": ""Ecosystem"", ""date"": 1676505600, ""defillamaId"": 944, ""language"": ""Solidity"", ""name"": ""Platypus Finance"", ""returnedFunds"": 222634, ""source"": """", ""targetType"": ""DeFi Protocol"", ""technique"": ""Flashloan Reentrancy Attack""}"
defillama:hacks,defillama_3314,RocketSwap Base,2023-08-15,865000,Base,Infrastructure,Private Key Compromised (Brute Force),DeFi Protocol,Solidity,False,,,3314,False,blocked_missing_transaction_hash,Find canonical exploit transaction hash and chain before benchmark consideration.,"{""amount"": 865000, ""bridgeHack"": false, ""chain"": [""Base""], ""classification"": ""Infrastructure"", ""date"": 1692057600, ""defillamaId"": 3314, ""language"": ""Solidity"", ""name"": ""RocketSwap Base"", ""returnedFunds"": null, ""source"": """", ""targetType"": ""DeFi Protocol"", ""technique"": ""Private Key Compromised (Brute Force)""}"
defillama:hacks,defillama_5615,Zoth ZeUSD,2025-03-21,8850000,Ethereum,Infrastructure,Private Key Compromised (Unknown Method),DeFi Protocol,Solidity,False,,,5615,False,blocked_missing_transaction_hash,Find canonical exploit transaction hash and chain before benchmark consideration.,"{""amount"": 8850000, ""bridgeHack"": false, ""chain"": [""Ethereum""], ""classification"": ""Infrastructure"", ""date"": 1742515200, ""defillamaId"": 5615, ""language"": ""Solidity"", ""name"": ""Zoth ZeUSD"", ""parentProtocolId"": ""parent#zoth"", ""returnedFunds"": null, ""source"": """", ""targetType"": ""DeFi Protocol"", ""technique"": ""Private Key Compromised (Unknown Method)""}"
defillama:hacks,defillama_5655,Resolv,2026-03-21,24500000,Ethereum,Infrastructure,Private Key Compromised,DeFi Protocol,Solidity,False,,,5655,False,blocked_missing_transaction_hash,Find canonical exploit transaction hash and chain before benchmark consideration.,"{""amount"": 24500000, ""bridgeHack"": false, ""chain"": [""Ethereum""], ""classification"": ""Infrastructure"", ""date"": 1774051200, ""defillamaId"": 5655, ""language"": ""Solidity"", ""name"": ""Resolv"", ""returnedFunds"": null, ""source"": """", ""targetType"": ""DeFi Protocol"", ""technique"": ""Private Key Compromised""}"
defillama:hacks,defillama_6104,Flow,2025-12-27,3900000,Flow,Protocol Logic,mint-and-dump Hack,Layer 1,Solidity,False,,,6104,False,blocked_missing_transaction_hash,Find canonical exploit transaction hash and chain before benchmark consideration.,"{""amount"": 3900000, ""bridgeHack"": false, ""chain"": [""Flow""], ""classification"": ""Protocol Logic"", ""date"": 1766793600, ""defillamaId"": 6104, ""language"": ""Solidity"", ""name"": ""Flow"", ""returnedFunds"": null, ""source"": """", ""targetType"": ""Layer 1"", ""technique"": ""mint-and-dump Hack""}"
defillama:hacks,2021-07-30_levyathan,Levyathan,2021-07-30,1500000,BSC,Infrastructure,Private Key Compromised (Stored Publicly),DeFi Protocol,Solidity,False,,,,False,blocked_missing_transaction_hash,Find canonical exploit transaction hash and chain before benchmark consideration.,"{""amount"": 1500000, ""bridgeHack"": false, ""chain"": [""BSC""], ""classification"": ""Infrastructure"", ""date"": 1627603200, ""defillamaId"": null, ""language"": ""Solidity"", ""name"": ""Levyathan"", ""returnedFunds"": null, ""source"": """", ""targetType"": ""DeFi Protocol"", ""technique"": ""Private Key Compromised (Stored Publicly)""}"
defillama:hacks,defillama_2289,Cetus CLMM,2025-05-22,223000000,Sui,Protocol Logic,Spoof Token Exploit,DeFi Protocol,Move,False,,,2289,False,blocked_missing_transaction_hash,Find canonical exploit transaction hash and chain before benchmark consideration.,"{""amount"": 223000000, ""bridgeHack"": false, ""chain"": [""Sui""], ""classification"": ""Protocol Logic"", ""date"": 1747872000, ""defillamaId"": 2289, ""language"": ""Move"", ""name"": ""Cetus CLMM"", ""parentProtocolId"": ""parent#cetus"", ""returnedFunds"": null, ""source"": """", ""targetType"": ""DeFi Protocol"", ""technique"": ""Spoof Token Exploit""}"
defillama:hacks,2021-04-28_uranium_finance,Uranium Finance,2021-04-28,57200000,BSC,Protocol Logic,Math Mistake Exploit,DeFi Protocol,Solidity,False,,,,False,blocked_missing_transaction_hash,Find canonical exploit transaction hash and chain before benchmark consideration.,"{""amount"": 57200000, ""bridgeHack"": false, ""chain"": [""BSC""], ""classification"": ""Protocol Logic"", ""date"": 1619568000, ""defillamaId"": null, ""language"": ""Solidity"", ""name"": ""Uranium Finance"", ""returnedFunds"": null, ""source"": """", ""targetType"": ""DeFi Protocol"", ""technique"": ""Math Mistake Exploit""}"
defillama:hacks,defillama_2575,Cypher,2023-08-07,1035000,Solana,,Unknown,DeFi Protocol,,False,,,2575,False,blocked_missing_transaction_hash,Find canonical exploit transaction hash and chain before benchmark consideration.,"{""amount"": 1035000, ""bridgeHack"": false, ""chain"": [""Solana""], ""classification"": null, ""date"": 1691366400, ""defillamaId"": 2575, ""language"": null, ""name"": ""Cypher"", ""returnedFunds"": null, ""source"": """", ""targetType"": ""DeFi Protocol"", ""technique"": ""Unknown""}"
defillama:hacks,defillama_2346,WOO X,2025-07-24,14000000,Bitcoin|Ethereum|Arbitrum|BSC,Ecosystem,Social Engineering,CEX,,False,,,2346,False,blocked_missing_transaction_hash,Find canonical exploit transaction hash and chain before benchmark consideration.,"{""amount"": 14000000, ""bridgeHack"": false, ""chain"": [""Bitcoin"", ""Ethereum"", ""Arbitrum"", ""BSC""], ""classification"": ""Ecosystem"", ""date"": 1753315200, ""defillamaId"": 2346, ""language"": null, ""name"": ""WOO X"", ""returnedFunds"": null, ""source"": """", ""targetType"": ""CEX"", ""technique"": ""Social Engineering""}"
defillama:hacks,2021-11-07_chainswap,ChainSwap,2021-11-07,4400000,Ethereum|BSC,Protocol Logic,Exploit Weak Authentication Check,DeFi Protocol,Solidity,True,,,,False,blocked_missing_transaction_hash,Find canonical exploit transaction hash and chain before benchmark consideration.,"{""amount"": 4400000, ""bridgeHack"": true, ""chain"": [""Ethereum"", ""BSC""], ""classification"": ""Protocol Logic"", ""date"": 1636243200, ""defillamaId"": null, ""language"": ""Solidity"", ""name"": ""ChainSwap"", ""returnedFunds"": null, ""source"": """", ""targetType"": ""DeFi Protocol"", ""technique"": ""Exploit Weak Authentication Check""}"
defillama:hacks,defillama_189,1inch,2024-10-31,720000,Avalanche,Ecosystem,Private Key Compromised (Supply Chain Attack),DeFi Protocol,,False,,,189,False,blocked_missing_transaction_hash,Find canonical exploit transaction hash and chain before benchmark consideration.,"{""amount"": 720000, ""bridgeHack"": false, ""chain"": [""Avalanche""], ""classification"": ""Ecosystem"", ""date"": 1730332800, ""defillamaId"": 189, ""language"": null, ""name"": ""1inch"", ""returnedFunds"": null, ""source"": """", ""targetType"": ""DeFi Protocol"", ""technique"": ""Private Key Compromised (Supply Chain Attack)""}"
defillama:hacks,2024-03-20_dolomite,Dolomite,2024-03-20,1800000,Ethereum,Protocol Logic,Acces Control Exploit,DeFi Protocol,Solidity,False,,,,False,blocked_missing_transaction_hash,Find canonical exploit transaction hash and chain before benchmark consideration.,"{""amount"": 1800000, ""bridgeHack"": false, ""chain"": [""Ethereum""], ""classification"": ""Protocol Logic"", ""date"": 1710892800, ""defillamaId"": null, ""language"": ""Solidity"", ""name"": ""Dolomite"", ""returnedFunds"": null, ""source"": """", ""targetType"": ""DeFi Protocol"", ""technique"": ""Acces Control Exploit""}"
defillama:hacks,2024-07-12_coinstats,CoinStats,2024-07-12,2200000,,Infrastructure,Private Key Compromised (Unknown Method),Other,,False,,,,False,blocked_missing_transaction_hash,Find canonical exploit transaction hash and chain before benchmark consideration.,"{""amount"": 2200000, ""bridgeHack"": false, ""chain"": [], ""classification"": ""Infrastructure"", ""date"": 1720742400, ""defillamaId"": null, ""language"": null, ""name"": ""CoinStats"", ""returnedFunds"": null, ""source"": """", ""targetType"": ""Other"", ""technique"": ""Private Key Compromised (Unknown Method)""}"
defillama:hacks,2025-01-28_dogwiftools,DogWifTools,2025-01-28,10000000,Solana,Infrastructure,Private Key Compromised (Malware),Other,Move,False,,,,False,blocked_missing_transaction_hash,Find canonical exploit transaction hash and chain before benchmark consideration.,"{""amount"": 10000000, ""bridgeHack"": false, ""chain"": [""Solana""], ""classification"": ""Infrastructure"", ""date"": 1738022400, ""defillamaId"": null, ""language"": ""Move"", ""name"": ""DogWifTools"", ""returnedFunds"": null, ""source"": """", ""targetType"": ""Other"", ""technique"": ""Private Key Compromised (Malware)""}"
defillama:hacks,2026-05-11_ink_finance,INK Finance,2026-05-11,140000,Polygon,Protocol Logic,Whitelisted Address Impersonation,DeFi Protocol,Solidity,False,,,,False,blocked_missing_transaction_hash,Find canonical exploit transaction hash and chain before benchmark consideration.,"{""amount"": 140000, ""bridgeHack"": false, ""chain"": [""Polygon""], ""classification"": ""Protocol Logic"", ""date"": 1778457600, ""defillamaId"": null, ""language"": ""Solidity"", ""name"": ""INK Finance"", ""returnedFunds"": null, ""source"": """", ""targetType"": ""DeFi Protocol"", ""technique"": ""Whitelisted Address Impersonation""}"
defillama:hacks,2022-06-23_harmony_bridge,Harmony Bridge,2022-06-23,100000000,Ethereum|BSC,Infrastructure,Private Key Compromised (Unknown Method),DeFi Protocol,Solidity,True,,,,False,blocked_missing_transaction_hash,Find canonical exploit transaction hash and chain before benchmark consideration.,"{""amount"": 100000000, ""bridgeHack"": true, ""chain"": [""Ethereum"", ""BSC""], ""classification"": ""Infrastructure"", ""date"": 1655942400, ""defillamaId"": null, ""language"": ""Solidity"", ""name"": ""Harmony Bridge"", ""returnedFunds"": null, ""source"": """", ""targetType"": ""DeFi Protocol"", ""technique"": ""Private Key Compromised (Unknown Method)""}"
defillama:hacks,2024-12-16_btc24h,BTC24H,2024-12-16,85700,Polygon,Protocol Logic,Acces Control Exploit,DeFi Protocol,,False,,,,False,blocked_missing_transaction_hash,Find canonical exploit transaction hash and chain before benchmark consideration.,"{""amount"": 85700, ""bridgeHack"": false, ""chain"": [""Polygon""], ""classification"": ""Protocol Logic"", ""date"": 1734307200, ""defillamaId"": null, ""language"": null, ""name"": ""BTC24H"", ""returnedFunds"": null, ""source"": """", ""targetType"": ""DeFi Protocol"", ""technique"": ""Acces Control Exploit""}"
defillama:hacks,2026-02-23_dgld,DGLD,2026-02-23,,Base,Protocol Logic,Infinite Mint and Dump,DeFi Protocol,Solidity,False,,,,False,blocked_missing_transaction_hash,Find canonical exploit transaction hash and chain before benchmark consideration.,"{""amount"": null, ""bridgeHack"": false, ""chain"": [""Base""], ""classification"": ""Protocol Logic"", ""date"": 1771804800, ""defillamaId"": null, ""language"": ""Solidity"", ""name"": ""DGLD"", ""returnedFunds"": null, ""source"": """", ""targetType"": ""DeFi Protocol"", ""technique"": ""Infinite Mint and Dump""}"
defillama:hacks,defillama_619,Vee Finance,2021-09-21,34000000,Avalanche,Ecosystem,Flashloan Price Oracle Attack,DeFi Protocol,Solidity,False,,,619,False,blocked_missing_transaction_hash,Find canonical exploit transaction hash and chain before benchmark consideration.,"{""amount"": 34000000, ""bridgeHack"": false, ""chain"": [""Avalanche""], ""classification"": ""Ecosystem"", ""date"": 1632182400, ""defillamaId"": 619, ""language"": ""Solidity"", ""name"": ""Vee Finance"", ""returnedFunds"": null, ""source"": """", ""targetType"": ""DeFi Protocol"", ""technique"": ""Flashloan Price Oracle Attack""}"
defillama:hacks,2023-08-02_uwerx,Uwerx,2023-08-02,327000,Ethereum,Ecosystem,Flashloan Pool Shares Exploit,Other,,False,,,,False,blocked_missing_transaction_hash,Find canonical exploit transaction hash and chain before benchmark consideration.,"{""amount"": 327000, ""bridgeHack"": false, ""chain"": [""Ethereum""], ""classification"": ""Ecosystem"", ""date"": 1690934400, ""defillamaId"": null, ""language"": null, ""name"": ""Uwerx"", ""returnedFunds"": null, ""source"": """", ""targetType"": ""Other"", ""technique"": ""Flashloan Pool Shares Exploit""}"
defillama:hacks,2024-07-18_wazirx_india,WazirX: India,2024-07-18,234900000,Ethereum,Infrastructure,Safe Multisig wallet Phishing Exploit,CEX,,False,,,,False,blocked_missing_transaction_hash,Find canonical exploit transaction hash and chain before benchmark consideration.,"{""amount"": 234900000, ""bridgeHack"": false, ""chain"": [""Ethereum""], ""classification"": ""Infrastructure"", ""date"": 1721260800, ""defillamaId"": null, ""language"": null, ""name"": ""WazirX: India"", ""returnedFunds"": null, ""source"": """", ""targetType"": ""CEX"", ""technique"": ""Safe Multisig wallet Phishing Exploit""}"
defillama:hacks,2023-04-08_gdac,GDAC,2023-04-08,13900000,,Infrastructure,Hot wallet hack,CEX,,False,,,,False,blocked_missing_transaction_hash,Find canonical exploit transaction hash and chain before benchmark consideration.,"{""amount"": 13900000, ""bridgeHack"": false, ""chain"": [], ""classification"": ""Infrastructure"", ""date"": 1680912000, ""defillamaId"": null, ""language"": null, ""name"": ""GDAC"", ""returnedFunds"": null, ""source"": """", ""targetType"": ""CEX"", ""technique"": ""Hot wallet hack""}"
defillama:hacks,2024-06-11_yolo_games,YOLO Games,2024-06-11,1500000,Blast,Protocol Logic,Access Control Exploit,DeFi Protocol,Solidity,False,,,,False,blocked_missing_transaction_hash,Find canonical exploit transaction hash and chain before benchmark consideration.,"{""amount"": 1500000, ""bridgeHack"": false, ""chain"": [""Blast""], ""classification"": ""Protocol Logic"", ""date"": 1718064000, ""defillamaId"": null, ""language"": ""Solidity"", ""name"": ""YOLO Games"", ""returnedFunds"": null, ""source"": """", ""targetType"": ""DeFi Protocol"", ""technique"": ""Access Control Exploit""}"
defillama:hacks,defillama_859,Snowdog,2021-11-25,18100000,Avalanche,Rugpull,Drained Contracts,DeFi Protocol,Solidity,False,,,859,False,blocked_missing_transaction_hash,Find canonical exploit transaction hash and chain before benchmark consideration.,"{""amount"": 18100000, ""bridgeHack"": false, ""chain"": [""Avalanche""], ""classification"": ""Rugpull"", ""date"": 1637798400, ""defillamaId"": 859, ""language"": ""Solidity"", ""name"": ""Snowdog"", ""returnedFunds"": null, ""source"": """", ""targetType"": ""DeFi Protocol"", ""technique"": ""Drained Contracts""}"
defillama:hacks,defillama_2903,Swaprum,2023-05-19,3000000,Arbitrum,Rugpull,Drained Contracts,DeFi Protocol,,False,,,2903,False,blocked_missing_transaction_hash,Find canonical exploit transaction hash and chain before benchmark consideration.,"{""amount"": 3000000, ""bridgeHack"": false, ""chain"": [""Arbitrum""], ""classification"": ""Rugpull"", ""date"": 1684454400, ""defillamaId"": 2903, ""language"": null, ""name"": ""Swaprum"", ""returnedFunds"": null, ""source"": """", ""targetType"": ""DeFi Protocol"", ""technique"": ""Drained Contracts""}"
defillama:hacks,2025-06-20_hacken_token,Hacken Token,2025-06-20,250000,,Infrastructure,Private Key Compromised,Other,Solidity,False,,,,False,blocked_missing_transaction_hash,Find canonical exploit transaction hash and chain before benchmark consideration.,"{""amount"": 250000, ""bridgeHack"": false, ""chain"": null, ""classification"": ""Infrastructure"", ""date"": 1750377600, ""defillamaId"": null, ""language"": ""Solidity"", ""name"": ""Hacken Token"", ""returnedFunds"": null, ""source"": """", ""targetType"": ""Other"", ""technique"": ""Private Key Compromised""}"
defillama:hacks,2022-06-08_gym_network,Gym Network,2022-06-08,2100000,BSC,Protocol Logic,Deposit Function Exploit,DeFi Protocol,Solidity,False,,,,False,blocked_missing_transaction_hash,Find canonical exploit transaction hash and chain before benchmark consideration.,"{""amount"": 2100000, ""bridgeHack"": false, ""chain"": [""BSC""], ""classification"": ""Protocol Logic"", ""date"": 1654646400, ""defillamaId"": null, ""language"": ""Solidity"", ""name"": ""Gym Network"", ""returnedFunds"": null, ""source"": """", ""targetType"": ""DeFi Protocol"", ""technique"": ""Deposit Function Exploit""}"
defillama:hacks,defillama_2111,UwU Lend,2024-06-10,20000000,Ethereum,Ecosystem,Flashloan Price Oracle Attack,DeFi Protocol,Solidity,False,,,2111,False,blocked_missing_transaction_hash,Find canonical exploit transaction hash and chain before benchmark consideration.,"{""amount"": 20000000, ""bridgeHack"": false, ""chain"": [""Ethereum""], ""classification"": ""Ecosystem"", ""date"": 1717977600, ""defillamaId"": 2111, ""language"": ""Solidity"", ""name"": ""UwU Lend"", ""returnedFunds"": null, ""source"": """", ""targetType"": ""DeFi Protocol"", ""technique"": ""Flashloan Price Oracle Attack""}"
defillama:hacks,2023-10-13_platypus_finance,Platypus Finance,2023-10-13,2200000,Avalanche,Protocol Logic,Reentrancy,DeFi Protocol,Solidity,False,,,,False,blocked_missing_transaction_hash,Find canonical exploit transaction hash and chain before benchmark consideration.,"{""amount"": 2200000, ""bridgeHack"": false, ""chain"": [""Avalanche""], ""classification"": ""Protocol Logic"", ""date"": 1697155200, ""defillamaId"": null, ""language"": ""Solidity"", ""name"": ""Platypus Finance"", ""returnedFunds"": null, ""source"": """", ""targetType"": ""DeFi Protocol"", ""technique"": ""Reentrancy""}"
defillama:hacks,2023-10-23_maestro,Maestro,2023-10-23,465000,Ethereum,Protocol Logic,Arbitrary External Call,DeFi Protocol,,False,465000,,,False,blocked_missing_transaction_hash,Find canonical exploit transaction hash and chain before benchmark consideration.,"{""amount"": 465000, ""bridgeHack"": false, ""chain"": [""Ethereum""], ""classification"": ""Protocol Logic"", ""date"": 1698019200, ""defillamaId"": null, ""language"": null, ""name"": ""Maestro"", ""returnedFunds"": 465000, ""source"": """", ""targetType"": ""DeFi Protocol"", ""technique"": ""Arbitrary External Call""}"
defillama:hacks,2025-12-04_us_permissionless_dollar,US Permissionless Dollar,2025-12-04,1000000,Ethereum,Protocol Logic,"""CPIMP"" proxy front-run",DeFi Protocol,Solidity,False,,,,False,blocked_missing_transaction_hash,Find canonical exploit transaction hash and chain before benchmark consideration.,"{""amount"": 1000000, ""bridgeHack"": false, ""chain"": [""Ethereum""], ""classification"": ""Protocol Logic"", ""date"": 1764806400, ""defillamaId"": null, ""language"": ""Solidity"", ""name"": ""US Permissionless Dollar"", ""returnedFunds"": null, ""source"": """", ""targetType"": ""DeFi Protocol"", ""technique"": ""\""CPIMP\"" proxy front-run""}"
defillama:hacks,defillama_3499,Ekubo,2026-05-05,1400000,Ethereum,Protocol Logic,Improper Access Control Exploit,DeFi Protocol,,False,,,3499,False,blocked_missing_transaction_hash,Find canonical exploit transaction hash and chain before benchmark consideration.,"{""amount"": 1400000, ""bridgeHack"": false, ""chain"": [""Ethereum""], ""classification"": ""Protocol Logic"", ""date"": 1777939200, ""defillamaId"": 3499, ""language"": null, ""name"": ""Ekubo"", ""returnedFunds"": null, ""source"": """", ""targetType"": ""DeFi Protocol"", ""technique"": ""Improper Access Control Exploit""}"
defillama:hacks,2024-09-10_indodax,Indodax,2024-09-10,25200000,Ethereum|Polygon|Optimism,Infrastructure,Access Control Exploit,CEX,,False,,,,False,blocked_missing_transaction_hash,Find canonical exploit transaction hash and chain before benchmark consideration.,"{""amount"": 25200000, ""bridgeHack"": false, ""chain"": [""Ethereum"", ""Polygon"", ""Optimism""], ""classification"": ""Infrastructure"", ""date"": 1725926400, ""defillamaId"": null, ""language"": null, ""name"": ""Indodax"", ""returnedFunds"": null, ""source"": """", ""targetType"": ""CEX"", ""technique"": ""Access Control Exploit""}"
defillama:hacks,2020-11-12_akropolis,Akropolis,2020-11-12,2000000,Ethereum,Ecosystem,Flashloan Reentrancy Attack,DeFi Protocol,Solidity,False,,,,False,blocked_missing_transaction_hash,Find canonical exploit transaction hash and chain before benchmark consideration.,"{""amount"": 2000000, ""bridgeHack"": false, ""chain"": [""Ethereum""], ""classification"": ""Ecosystem"", ""date"": 1605139200, ""defillamaId"": null, ""language"": ""Solidity"", ""name"": ""Akropolis"", ""returnedFunds"": null, ""source"": """", ""targetType"": ""DeFi Protocol"", ""technique"": ""Flashloan Reentrancy Attack""}"
defillama:hacks,2020-11-17_origin_protocol,Origin Protocol,2020-11-17,8000000,Ethereum,Ecosystem,Flashloan Reentrancy Attack,DeFi Protocol,Solidity,False,,,,False,blocked_missing_transaction_hash,Find canonical exploit transaction hash and chain before benchmark consideration.,"{""amount"": 8000000, ""bridgeHack"": false, ""chain"": [""Ethereum""], ""classification"": ""Ecosystem"", ""date"": 1605571200, ""defillamaId"": null, ""language"": ""Solidity"", ""name"": ""Origin Protocol"", ""returnedFunds"": null, ""source"": """", ""targetType"": ""DeFi Protocol"", ""technique"": ""Flashloan Reentrancy Attack""}"
defillama:hacks,defillama_366,DFX V2,2022-11-10,4000000,Ethereum,Protocol Logic,Reentrancy,DeFi Protocol,Solidity,False,,,366,False,blocked_missing_transaction_hash,Find canonical exploit transaction hash and chain before benchmark consideration.,"{""amount"": 4000000, ""bridgeHack"": false, ""chain"": [""Ethereum""], ""classification"": ""Protocol Logic"", ""date"": 1668038400, ""defillamaId"": 366, ""language"": ""Solidity"", ""name"": ""DFX V2"", ""parentProtocolId"": ""parent#dfx-finance"", ""returnedFunds"": null, ""source"": """", ""targetType"": ""DeFi Protocol"", ""technique"": ""Reentrancy""}"
defillama:hacks,defillama_2849,MERLIN DEX,2023-04-25,1820000,zkSync Era,Rugpull,Drained Contracts,DeFi Protocol,,False,,,2849,False,blocked_missing_transaction_hash,Find canonical exploit transaction hash and chain before benchmark consideration.,"{""amount"": 1820000, ""bridgeHack"": false, ""chain"": [""zkSync Era""], ""classification"": ""Rugpull"", ""date"": 1682380800, ""defillamaId"": 2849, ""language"": null, ""name"": ""MERLIN DEX"", ""returnedFunds"": null, ""source"": """", ""targetType"": ""DeFi Protocol"", ""technique"": ""Drained Contracts""}"
defillama:hacks,2022-10-02_transit_swap,Transit Swap,2022-10-02,21000000,Ethereum|BSC,Protocol Logic,Transfer Logic Exploit,DeFi Protocol,Solidity,False,,,,False,blocked_missing_transaction_hash,Find canonical exploit transaction hash and chain before benchmark consideration.,"{""amount"": 21000000, ""bridgeHack"": false, ""chain"": [""Ethereum"", ""BSC""], ""classification"": ""Protocol Logic"", ""date"": 1664668800, ""defillamaId"": null, ""language"": ""Solidity"", ""name"": ""Transit Swap"", ""returnedFunds"": null, ""source"": """", ""targetType"": ""DeFi Protocol"", ""technique"": ""Transfer Logic Exploit""}"
defillama:hacks,2024-09-16_wxeta,WXETA,2024-09-16,110000,Ethereum|BSC,Protocol Logic,Access Control Exploit,DeFi Protocol,Solidity,False,,,,False,blocked_missing_transaction_hash,Find canonical exploit transaction hash and chain before benchmark consideration.,"{""amount"": 110000, ""bridgeHack"": false, ""chain"": [""Ethereum"", ""BSC""], ""classification"": ""Protocol Logic"", ""date"": 1726444800, ""defillamaId"": null, ""language"": ""Solidity"", ""name"": ""WXETA"", ""returnedFunds"": null, ""source"": """", ""targetType"": ""DeFi Protocol"", ""technique"": ""Access Control Exploit""}"
defillama:hacks,defillama_3279,Palmswap,2023-07-24,900000,BSC,Protocol Logic,Inflationary Accounting Manipulation,DeFi Protocol,Solidity,False,,,3279,False,blocked_missing_transaction_hash,Find canonical exploit transaction hash and chain before benchmark consideration.,"{""amount"": 900000, ""bridgeHack"": false, ""chain"": [""BSC""], ""classification"": ""Protocol Logic"", ""date"": 1690156800, ""defillamaId"": 3279, ""language"": ""Solidity"", ""name"": ""Palmswap"", ""returnedFunds"": null, ""source"": """", ""targetType"": ""DeFi Protocol"", ""technique"": ""Inflationary Accounting Manipulation""}"
defillama:hacks,defillama_4556,ZetaChain,2026-04-27,300000,Ethereum|Base|Polygon|Arbitrum|Avalanche|BSC,Protocol Logic,GatewayEVM Contracts Exploit,DeFi Protocol,Solidity,True,,,4556,False,blocked_missing_transaction_hash,Find canonical exploit transaction hash and chain before benchmark consideration.,"{""amount"": 300000, ""bridgeHack"": true, ""chain"": [""Ethereum"", ""Base"", ""Polygon"", ""Arbitrum"", ""Avalanche"", ""BSC""], ""classification"": ""Protocol Logic"", ""date"": 1777248000, ""defillamaId"": 4556, ""language"": ""Solidity"", ""name"": ""ZetaChain"", ""returnedFunds"": null, ""source"": """", ""targetType"": ""DeFi Protocol"", ""technique"": ""GatewayEVM Contracts Exploit""}"
defillama:hacks,2023-09-25_htx,HTX,2023-09-25,8000000,Ethereum,Infrastructure,Private Key Compromised (Unknown Method),CEX,,False,,,,False,blocked_missing_transaction_hash,Find canonical exploit transaction hash and chain before benchmark consideration.,"{""amount"": 8000000, ""bridgeHack"": false, ""chain"": [""Ethereum""], ""classification"": ""Infrastructure"", ""date"": 1695600000, ""defillamaId"": null, ""language"": null, ""name"": ""HTX"", ""returnedFunds"": null, ""source"": """", ""targetType"": ""CEX"", ""technique"": ""Private Key Compromised (Unknown Method)""}"
defillama:hacks,defillama_2706,Radiant V2,2024-01-02,4500000,Arbitrum,Protocol Logic,Flashloan New Market Exploit,DeFi Protocol,Solidity,False,,,2706,False,blocked_missing_transaction_hash,Find canonical exploit transaction hash and chain before benchmark consideration.,"{""amount"": 4500000, ""bridgeHack"": false, ""chain"": [""Arbitrum""], ""classification"": ""Protocol Logic"", ""date"": 1704153600, ""defillamaId"": 2706, ""language"": ""Solidity"", ""name"": ""Radiant V2"", ""parentProtocolId"": ""parent#radiant"", ""returnedFunds"": null, ""source"": """", ""targetType"": ""DeFi Protocol"", ""technique"": ""Flashloan New Market Exploit""}"
defillama:hacks,defillama_1115,Tectonic,2024-11-18,,Cronos,Protocol Logic,Price Oracle Attack,DeFi Protocol,,False,,,1115,False,blocked_missing_transaction_hash,Find canonical exploit transaction hash and chain before benchmark consideration.,"{""amount"": null, ""bridgeHack"": false, ""chain"": [""Cronos""], ""classification"": ""Protocol Logic"", ""date"": 1731888000, ""defillamaId"": 1115, ""language"": null, ""name"": ""Tectonic"", ""returnedFunds"": null, ""source"": """", ""targetType"": ""DeFi Protocol"", ""technique"": ""Price Oracle Attack""}"
defillama:hacks,2026-03-18_neutrl,Neutrl,2026-03-18,,Ethereum,Infrastructure,DNS Hijacking Attack,DeFi Protocol,Solidity,False,,,,False,blocked_missing_transaction_hash,Find canonical exploit transaction hash and chain before benchmark consideration.,"{""amount"": null, ""bridgeHack"": false, ""chain"": [""Ethereum""], ""classification"": ""Infrastructure"", ""date"": 1773792000, ""defillamaId"": null, ""language"": ""Solidity"", ""name"": ""Neutrl"", ""returnedFunds"": null, ""source"": """", ""targetType"": ""DeFi Protocol"", ""technique"": ""DNS Hijacking Attack""}"
defillama:hacks,defillama_3210,Arcadia V1,2023-07-10,460000,Ethereum|Optimism,Ecosystem,Flashloan Reentrancy Attack,DeFi Protocol,,False,,,3210,False,blocked_missing_transaction_hash,Find canonical exploit transaction hash and chain before benchmark consideration.,"{""amount"": 460000, ""bridgeHack"": false, ""chain"": [""Ethereum"", ""Optimism""], ""classification"": ""Ecosystem"", ""date"": 1688947200, ""defillamaId"": 3210, ""language"": null, ""name"": ""Arcadia V1"", ""parentProtocolId"": ""parent#arcadia-finance"", ""returnedFunds"": null, ""source"": """", ""targetType"": ""DeFi Protocol"", ""technique"": ""Flashloan Reentrancy Attack""}"
defillama:hacks,defillama_1466,ALEX,2025-06-06,8373000,Stacks,Protocol Logic,malicious transfer() method,DeFi Protocol,Clarity,False,,,1466,False,blocked_missing_transaction_hash,Find canonical exploit transaction hash and chain before benchmark consideration.,"{""amount"": 8373000, ""bridgeHack"": false, ""chain"": [""Stacks""], ""classification"": ""Protocol Logic"", ""date"": 1749168000, ""defillamaId"": 1466, ""language"": ""Clarity"", ""name"": ""ALEX"", ""returnedFunds"": null, ""source"": """", ""targetType"": ""DeFi Protocol"", ""technique"": ""malicious transfer() method""}"
defillama:hacks,defillama_337,GMX V1 Perps,2025-07-09,42000000,Arbitrum,Protocol Logic,Re-entrancy Exploit,DeFi Protocol,Solidity,False,40000000,,337,False,blocked_missing_transaction_hash,Find canonical exploit transaction hash and chain before benchmark consideration.,"{""amount"": 42000000, ""bridgeHack"": false, ""chain"": [""Arbitrum""], ""classification"": ""Protocol Logic"", ""date"": 1752019200, ""defillamaId"": 337, ""language"": ""Solidity"", ""name"": ""GMX V1 Perps"", ""parentProtocolId"": ""parent#gmx"", ""returnedFunds"": 40000000, ""source"": """", ""targetType"": ""DeFi Protocol"", ""technique"": ""Re-entrancy Exploit""}"
defillama:hacks,defillama_1841,Ratio Finance,2022-12-03,,Solana,Infrastructure,Private Key Compromised (Unknown Method),DeFi Protocol,Rust,False,,,1841,False,blocked_missing_transaction_hash,Find canonical exploit transaction hash and chain before benchmark consideration.,"{""amount"": null, ""bridgeHack"": false, ""chain"": [""Solana""], ""classification"": ""Infrastructure"", ""date"": 1670025600, ""defillamaId"": 1841, ""language"": ""Rust"", ""name"": ""Ratio Finance"", ""returnedFunds"": null, ""source"": """", ""targetType"": ""DeFi Protocol"", ""technique"": ""Private Key Compromised (Unknown Method)""}"
defillama:hacks,2024-12-17_gempad,GemPad,2024-12-17,2000000,Ethereum|Base|BSC,Protocol Logic,Reentrancy,DeFi Protocol,,False,,,,False,blocked_missing_transaction_hash,Find canonical exploit transaction hash and chain before benchmark consideration.,"{""amount"": 2000000, ""bridgeHack"": false, ""chain"": [""Ethereum"", ""Base"", ""BSC""], ""classification"": ""Protocol Logic"", ""date"": 1734393600, ""defillamaId"": null, ""language"": null, ""name"": ""GemPad"", ""returnedFunds"": null, ""source"": """", ""targetType"": ""DeFi Protocol"", ""technique"": ""Reentrancy""}"
defillama:hacks,2020-12-02_compounder_finance,Compounder Finance,2020-12-02,12000000,Ethereum,Rugpull,Drained Contracts,DeFi Protocol,Solidity,False,,,,False,blocked_missing_transaction_hash,Find canonical exploit transaction hash and chain before benchmark consideration.,"{""amount"": 12000000, ""bridgeHack"": false, ""chain"": [""Ethereum""], ""classification"": ""Rugpull"", ""date"": 1606867200, ""defillamaId"": null, ""language"": ""Solidity"", ""name"": ""Compounder Finance"", ""returnedFunds"": null, ""source"": """", ""targetType"": ""DeFi Protocol"", ""technique"": ""Drained Contracts""}"
defillama:hacks,defillama_113,Yearn Finance,2023-04-13,11539000,Ethereum,Ecosystem,Flashloan Misconfiguration Exploit,DeFi Protocol,Solidity,False,,,113,False,blocked_missing_transaction_hash,Find canonical exploit transaction hash and chain before benchmark consideration.,"{""amount"": 11539000, ""bridgeHack"": false, ""chain"": [""Ethereum""], ""classification"": ""Ecosystem"", ""date"": 1681344000, ""defillamaId"": 113, ""language"": ""Solidity"", ""name"": ""Yearn Finance"", ""parentProtocolId"": ""parent#yearn"", ""returnedFunds"": null, ""source"": """", ""targetType"": ""DeFi Protocol"", ""technique"": ""Flashloan Misconfiguration Exploit""}"
defillama:hacks,2022-01-08_lcx,LCX,2022-01-08,7940000,Ethereum,Infrastructure,Private Key Compromised (Unknown Method),DeFi Protocol,,False,,,,False,blocked_missing_transaction_hash,Find canonical exploit transaction hash and chain before benchmark consideration.,"{""amount"": 7940000, ""bridgeHack"": false, ""chain"": [""Ethereum""], ""classification"": ""Infrastructure"", ""date"": 1641600000, ""defillamaId"": null, ""language"": null, ""name"": ""LCX"", ""returnedFunds"": null, ""source"": """", ""targetType"": ""DeFi Protocol"", ""technique"": ""Private Key Compromised (Unknown Method)""}"
defillama:hacks,2025-06-25_silo_finance,Silo Finance,2025-06-25,546000,Ethereum,Protocol Logic,fillQuote silo.borrow() Exploit,DeFi Protocol,Solidity,False,,,,False,blocked_missing_transaction_hash,Find canonical exploit transaction hash and chain before benchmark consideration.,"{""amount"": 546000, ""bridgeHack"": false, ""chain"": [""Ethereum""], ""classification"": ""Protocol Logic"", ""date"": 1750809600, ""defillamaId"": null, ""language"": ""Solidity"", ""name"": ""Silo Finance"", ""returnedFunds"": null, ""source"": """", ""targetType"": ""DeFi Protocol"", ""technique"": ""fillQuote silo.borrow() Exploit""}"
defillama:hacks,defillama_3,Curve DEX,2022-08-09,575000,Ethereum,Infrastructure,DNS Spoofing,DeFi Protocol,,False,575000,,3,False,blocked_missing_transaction_hash,Find canonical exploit transaction hash and chain before benchmark consideration.,"{""amount"": 575000, ""bridgeHack"": false, ""chain"": [""Ethereum""], ""classification"": ""Infrastructure"", ""date"": 1660003200, ""defillamaId"": 3, ""language"": null, ""name"": ""Curve DEX"", ""parentProtocolId"": ""parent#curve-finance"", ""returnedFunds"": 575000, ""source"": """", ""targetType"": ""DeFi Protocol"", ""technique"": ""DNS Spoofing""}"
defillama:hacks,defillama_6117,Veil Cash,2026-02-21,5000,Base,Protocol Logic,misconfigured Groth16 verifier,DeFi Protocol,Solidity,False,,,6117,False,blocked_missing_transaction_hash,Find canonical exploit transaction hash and chain before benchmark consideration.,"{""amount"": 5000, ""bridgeHack"": false, ""chain"": [""Base""], ""classification"": ""Protocol Logic"", ""date"": 1771632000, ""defillamaId"": 6117, ""language"": ""Solidity"", ""name"": ""Veil Cash"", ""returnedFunds"": null, ""source"": """", ""targetType"": ""DeFi Protocol"", ""technique"": ""misconfigured Groth16 verifier""}"
defillama:hacks,defillama_2616,Conic Finance,2023-07-22,300000,Ethereum,Ecosystem,Flashloan Price Oracle Attack,DeFi Protocol,Solidity,False,,,2616,False,blocked_missing_transaction_hash,Find canonical exploit transaction hash and chain before benchmark consideration.,"{""amount"": 300000, ""bridgeHack"": false, ""chain"": [""Ethereum""], ""classification"": ""Ecosystem"", ""date"": 1689984000, ""defillamaId"": 2616, ""language"": ""Solidity"", ""name"": ""Conic Finance"", ""returnedFunds"": null, ""source"": """", ""targetType"": ""DeFi Protocol"", ""technique"": ""Flashloan Price Oracle Attack""}"
defillama:hacks,2026-04-12_hyperbridge,Hyperbridge,2026-04-12,2500000,Ethereum|Base|BSC|Arbitrum,Protocol Logic,Fake State Proof,DeFi Protocol,Solidity,True,,,,False,blocked_missing_transaction_hash,Find canonical exploit transaction hash and chain before benchmark consideration.,"{""amount"": 2500000, ""bridgeHack"": true, ""chain"": [""Ethereum"", ""Base"", ""BSC"", ""Arbitrum""], ""classification"": ""Protocol Logic"", ""date"": 1775952000, ""defillamaId"": null, ""language"": ""Solidity"", ""name"": ""Hyperbridge"", ""returnedFunds"": null, ""source"": """", ""targetType"": ""DeFi Protocol"", ""technique"": ""Fake State Proof""}"
defillama:hacks,defillama_121,CREAM Lending,2021-10-27,130000000,Ethereum,Ecosystem,Flashloan Price Oracle Attack,DeFi Protocol,Solidity,False,,,121,False,blocked_missing_transaction_hash,Find canonical exploit transaction hash and chain before benchmark consideration.,"{""amount"": 130000000, ""bridgeHack"": false, ""chain"": [""Ethereum""], ""classification"": ""Ecosystem"", ""date"": 1635292800, ""defillamaId"": 121, ""language"": ""Solidity"", ""name"": ""CREAM Lending"", ""parentProtocolId"": ""parent#cream-finance"", ""returnedFunds"": null, ""source"": """", ""targetType"": ""DeFi Protocol"", ""technique"": ""Flashloan Price Oracle Attack""}"
defillama:hacks,2021-10-29_anubisdao,AnubisDAO,2021-10-29,60000000,Ethereum,Rugpull,Drained Contracts,DeFi Protocol,Solidity,False,,,,False,blocked_missing_transaction_hash,Find canonical exploit transaction hash and chain before benchmark consideration.,"{""amount"": 60000000, ""bridgeHack"": false, ""chain"": [""Ethereum""], ""classification"": ""Rugpull"", ""date"": 1635465600, ""defillamaId"": null, ""language"": ""Solidity"", ""name"": ""AnubisDAO"", ""returnedFunds"": null, ""source"": """", ""targetType"": ""DeFi Protocol"", ""technique"": ""Drained Contracts""}"
defillama:hacks,defillama_4455,Arcadia V2,2025-07-15,2500000,Base,Protocol Logic,Rebalancer contract reentrancy hack,DeFi Protocol,Solidity,False,,,4455,False,blocked_missing_transaction_hash,Find canonical exploit transaction hash and chain before benchmark consideration.,"{""amount"": 2500000, ""bridgeHack"": false, ""chain"": [""Base""], ""classification"": ""Protocol Logic"", ""date"": 1752537600, ""defillamaId"": 4455, ""language"": ""Solidity"", ""name"": ""Arcadia V2"", ""parentProtocolId"": ""parent#arcadia-finance"", ""returnedFunds"": null, ""source"": """", ""targetType"": ""DeFi Protocol"", ""technique"": ""Rebalancer contract reentrancy hack""}"
defillama:hacks,2022-10-04_sovryn,Sovryn,2022-10-04,1100000,RSK,Protocol Logic,Flashloan Reentrancy Attack,DeFi Protocol,Solidity,False,,,,False,blocked_missing_transaction_hash,Find canonical exploit transaction hash and chain before benchmark consideration.,"{""amount"": 1100000, ""bridgeHack"": false, ""chain"": [""RSK""], ""classification"": ""Protocol Logic"", ""date"": 1664841600, ""defillamaId"": null, ""language"": ""Solidity"", ""name"": ""Sovryn"", ""returnedFunds"": null, ""source"": """", ""targetType"": ""DeFi Protocol"", ""technique"": ""Flashloan Reentrancy Attack""}"
defillama:hacks,2022-09-20_wintermute,Wintermute,2022-09-20,160000000,Ethereum,Infrastructure,Private Key Compromised (Brute Force),Other,,False,,,,False,blocked_missing_transaction_hash,Find canonical exploit transaction hash and chain before benchmark consideration.,"{""amount"": 160000000, ""bridgeHack"": false, ""chain"": [""Ethereum""], ""classification"": ""Infrastructure"", ""date"": 1663632000, ""defillamaId"": null, ""language"": null, ""name"": ""Wintermute"", ""returnedFunds"": null, ""source"": """", ""targetType"": ""Other"", ""technique"": ""Private Key Compromised (Brute Force)""}"
defillama:hacks,defillama_2143,Zircon Gamma,2023-03-18,350000,BSC|Moonriver,Ecosystem,Flashloan Pool Shares Exploit,DeFi Protocol,,False,,,2143,False,blocked_missing_transaction_hash,Find canonical exploit transaction hash and chain before benchmark consideration.,"{""amount"": 350000, ""bridgeHack"": false, ""chain"": [""BSC"", ""Moonriver""], ""classification"": ""Ecosystem"", ""date"": 1679097600, ""defillamaId"": 2143, ""language"": null, ""name"": ""Zircon Gamma"", ""returnedFunds"": null, ""source"": """", ""targetType"": ""DeFi Protocol"", ""technique"": ""Flashloan Pool Shares Exploit""}"
defillama:hacks,defillama_2835,Juicebox V3,2026-04-20,52000,Ethereum,Protocol Logic,borrowFrom Spoof Attack,DeFi Protocol,Solidity,False,,,2835,False,blocked_missing_transaction_hash,Find canonical exploit transaction hash and chain before benchmark consideration.,"{""amount"": 52000, ""bridgeHack"": false, ""chain"": [""Ethereum""], ""classification"": ""Protocol Logic"", ""date"": 1776643200, ""defillamaId"": 2835, ""language"": ""Solidity"", ""name"": ""Juicebox V3"", ""parentProtocolId"": ""parent#juicebox"", ""returnedFunds"": null, ""source"": """", ""targetType"": ""DeFi Protocol"", ""technique"": ""borrowFrom Spoof Attack""}"
defillama:hacks,defillama_636,Keep3r Network,2023-06-12,200000,Ethereum,Infrastructure,Private Key Compromised (Vanity Address),DeFi Protocol,Solidity,False,,,636,False,blocked_missing_transaction_hash,Find canonical exploit transaction hash and chain before benchmark consideration.,"{""amount"": 200000, ""bridgeHack"": false, ""chain"": [""Ethereum""], ""classification"": ""Infrastructure"", ""date"": 1686528000, ""defillamaId"": 636, ""language"": ""Solidity"", ""name"": ""Keep3r Network"", ""returnedFunds"": null, ""source"": """", ""targetType"": ""DeFi Protocol"", ""technique"": ""Private Key Compromised (Vanity Address)""}"
defillama:hacks,defillama_5963,Resupply,2025-06-25,9600000,Ethereum,Protocol Logic,Price Oracle Manipulation,DeFi Protocol,Solidity,False,,,5963,False,blocked_missing_transaction_hash,Find canonical exploit transaction hash and chain before benchmark consideration.,"{""amount"": 9600000, ""bridgeHack"": false, ""chain"": [""Ethereum""], ""classification"": ""Protocol Logic"", ""date"": 1750809600, ""defillamaId"": 5963, ""language"": ""Solidity"", ""name"": ""Resupply"", ""returnedFunds"": null, ""source"": """", ""targetType"": ""DeFi Protocol"", ""technique"": ""Price Oracle Manipulation""}"
defillama:hacks,defillama_197,Ooki,2020-02-18,650000,Ethereum,Protocol Logic,Flashloan Price Oracle Attack,DeFi Protocol,,False,,,197,False,blocked_missing_transaction_hash,Find canonical exploit transaction hash and chain before benchmark consideration.,"{""amount"": 650000, ""bridgeHack"": false, ""chain"": [""Ethereum""], ""classification"": ""Protocol Logic"", ""date"": 1581984000, ""defillamaId"": 197, ""language"": null, ""name"": ""Ooki"", ""returnedFunds"": null, ""source"": """", ""targetType"": ""DeFi Protocol"", ""technique"": ""Flashloan Price Oracle Attack""}"
defillama:hacks,2024-01-22_concentric,Concentric,2024-01-22,1720000,Arbitrum,Infrastructure,Private Key Compromised (Social Engineering),DeFi Protocol,Solidity,False,,,,False,blocked_missing_transaction_hash,Find canonical exploit transaction hash and chain before benchmark consideration.,"{""amount"": 1720000, ""bridgeHack"": false, ""chain"": [""Arbitrum""], ""classification"": ""Infrastructure"", ""date"": 1705881600, ""defillamaId"": null, ""language"": ""Solidity"", ""name"": ""Concentric"", ""returnedFunds"": null, ""source"": """", ""targetType"": ""DeFi Protocol"", ""technique"": ""Private Key Compromised (Social Engineering)""}"
defillama:hacks,defillama_2587,ArbiSwap,2023-03-02,100000,Arbitrum,Rugpull,Infinite Mint and Dump,DeFi Protocol,,False,,,2587,False,blocked_missing_transaction_hash,Find canonical exploit transaction hash and chain before benchmark consideration.,"{""amount"": 100000, ""bridgeHack"": false, ""chain"": [""Arbitrum""], ""classification"": ""Rugpull"", ""date"": 1677715200, ""defillamaId"": 2587, ""language"": null, ""name"": ""ArbiSwap"", ""returnedFunds"": null, ""source"": """", ""targetType"": ""DeFi Protocol"", ""technique"": ""Infinite Mint and Dump""}"
defillama:hacks,2026-05-17_verus_ethereum_bridge,Verus-Ethereum Bridge,2026-05-17,11500000,Ethereum,Protocol Logic,Bridge Verification Bypass,DeFi Protocol,Solidity,True,,,,False,blocked_missing_transaction_hash,Find canonical exploit transaction hash and chain before benchmark consideration.,"{""amount"": 11500000, ""bridgeHack"": true, ""chain"": [""Ethereum""], ""classification"": ""Protocol Logic"", ""date"": 1778976000, ""defillamaId"": null, ""language"": ""Solidity"", ""name"": ""Verus-Ethereum Bridge"", ""returnedFunds"": null, ""source"": """", ""targetType"": ""DeFi Protocol"", ""technique"": ""Bridge Verification Bypass""}"
defillama:hacks,defillama_876,Yield Protocol,2024-04-30,181000,Arbitrum,Protocol Logic,Balance Disparity Exploit,DeFi Protocol,Solidity,False,,,876,False,blocked_missing_transaction_hash,Find canonical exploit transaction hash and chain before benchmark consideration.,"{""amount"": 181000, ""bridgeHack"": false, ""chain"": [""Arbitrum""], ""classification"": ""Protocol Logic"", ""date"": 1714435200, ""defillamaId"": 876, ""language"": ""Solidity"", ""name"": ""Yield Protocol"", ""returnedFunds"": null, ""source"": """", ""targetType"": ""DeFi Protocol"", ""technique"": ""Balance Disparity Exploit""}"
defillama:hacks,2022-07-25_audius,Audius,2022-07-25,6000000,Ethereum,Protocol Logic,Malicious Governance Proposal,DeFi Protocol,Solidity,False,,,,False,blocked_missing_transaction_hash,Find canonical exploit transaction hash and chain before benchmark consideration.,"{""amount"": 6000000, ""bridgeHack"": false, ""chain"": [""Ethereum""], ""classification"": ""Protocol Logic"", ""date"": 1658707200, ""defillamaId"": null, ""language"": ""Solidity"", ""name"": ""Audius"", ""returnedFunds"": null, ""source"": """", ""targetType"": ""DeFi Protocol"", ""technique"": ""Malicious Governance Proposal""}"
defillama:hacks,2023-02-27_launchzone,LaunchZone,2023-02-27,700000,BSC,Protocol Logic,Access Control Exploit,DeFi Protocol,Solidity,False,,,,False,blocked_missing_transaction_hash,Find canonical exploit transaction hash and chain before benchmark consideration.,"{""amount"": 700000, ""bridgeHack"": false, ""chain"": [""BSC""], ""classification"": ""Protocol Logic"", ""date"": 1677456000, ""defillamaId"": null, ""language"": ""Solidity"", ""name"": ""LaunchZone"", ""returnedFunds"": null, ""source"": """", ""targetType"": ""DeFi Protocol"", ""technique"": ""Access Control Exploit""}"
defillama:hacks,defillama_1099,Ara Finance,2023-06-19,131000,BSC,Protocol Logic,Access Control Exploit,DeFi Protocol,,False,,,1099,False,blocked_missing_transaction_hash,Find canonical exploit transaction hash and chain before benchmark consideration.,"{""amount"": 131000, ""bridgeHack"": false, ""chain"": [""BSC""], ""classification"": ""Protocol Logic"", ""date"": 1687132800, ""defillamaId"": 1099, ""language"": null, ""name"": ""Ara Finance"", ""returnedFunds"": null, ""source"": """", ""targetType"": ""DeFi Protocol"", ""technique"": ""Access Control Exploit""}"
defillama:hacks,defillama_5577,Trust Wallet Wallet,2025-12-25,7000000,Ethereum|Bitcoin|Solana,Infrastructure,Private Key Compromised (Supply Chain Attack),Wallet,,False,,,5577,False,blocked_missing_transaction_hash,Find canonical exploit transaction hash and chain before benchmark consideration.,"{""amount"": 7000000, ""bridgeHack"": false, ""chain"": [""Ethereum"", ""Bitcoin"", ""Solana""], ""classification"": ""Infrastructure"", ""date"": 1766620800, ""defillamaId"": 5577, ""language"": null, ""name"": ""Trust Wallet Wallet"", ""parentProtocolId"": ""parent#trust-wallet"", ""returnedFunds"": null, ""source"": """", ""targetType"": ""Wallet"", ""technique"": ""Private Key Compromised (Supply Chain Attack)""}"
defillama:hacks,defillama_875,TempleDAO,2022-10-11,2300000,Ethereum,Protocol Logic,Exploit Lack of Input Authentication,DeFi Protocol,Solidity,False,,,875,False,blocked_missing_transaction_hash,Find canonical exploit transaction hash and chain before benchmark consideration.,"{""amount"": 2300000, ""bridgeHack"": false, ""chain"": [""Ethereum""], ""classification"": ""Protocol Logic"", ""date"": 1665446400, ""defillamaId"": 875, ""language"": ""Solidity"", ""name"": ""TempleDAO"", ""parentProtocolId"": ""parent#temple-dao"", ""returnedFunds"": null, ""source"": """", ""targetType"": ""DeFi Protocol"", ""technique"": ""Exploit Lack of Input Authentication""}"
