candidate_tx_hash,candidate_chain,source_chain,supported_chain,incident_id,title,vulnerability_type,source,validation_status,merge_status,merge_blocker
0x025cf2858723369d606ee3abbc4ec01eab064a97cc9ec578bf91c6908679be75,arbitrum,arbitrum,True,gamma-exp,Gamma Exp,Flash Loan Attack,https://github.com/SunWeb3Sec/DeFiHackLabs/blob/main/src/test/2024-01/Gamma_exp.sol,source_poc_tx_candidate_pending_rpc,staged_not_merged,
0x03182d3f0956a91c4e4c8f225bbc7975f9434fab042228c7acdc5ec9a32626ef,arbitrum,arbitrum,True,gmx-exp,Gmx Exp,Reentrancy,https://github.com/SunWeb3Sec/DeFiHackLabs/blob/main/src/test/2025-07/gmx_exp.sol,source_poc_tx_candidate_pending_rpc,staged_not_merged,
0x0b8cd648fb585bc3d421fc02150013eab79e211ef8d1c68100f2820ce90a4712,arbitrum,arbitrum,True,gmx-exp,Gmx Exp,Reentrancy,https://github.com/SunWeb3Sec/DeFiHackLabs/blob/main/src/test/2025-07/gmx_exp.sol,source_poc_tx_candidate_pending_rpc,staged_not_merged,
0x0e29dcf4e9b211a811caf00fc8294024867bffe4ab2819cc1625d2e9d62390af,arbitrum,arbitrum,True,paribus-exp,Paribus Exp,Reentrancy,https://github.com/SunWeb3Sec/DeFiHackLabs/blob/main/src/test/2023-04/Paribus_exp.sol,source_poc_tx_candidate_pending_rpc,staged_not_merged,
0x1f00da742318ad1807b6ea8283bfe22b4a8ab0bc98fe428fbfe443746a4a7353,arbitrum,arbitrum,True,gmx-exp,Gmx Exp,Reentrancy,https://github.com/SunWeb3Sec/DeFiHackLabs/blob/main/src/test/2025-07/gmx_exp.sol,source_poc_tx_candidate_pending_rpc,staged_not_merged,
0x20abfeff0206030986b05422080dc9e81dbb53a662fbc82461a47418decc49af,arbitrum,arbitrum,True,gmx-exp,Gmx Exp,Reentrancy,https://github.com/SunWeb3Sec/DeFiHackLabs/blob/main/src/test/2025-07/gmx_exp.sol,source_poc_tx_candidate_pending_rpc,staged_not_merged,
0x222cdae82a8d28e53a2bddfb34ae5d1d823c94c53f8a7abc179d47a2c994464e,arbitrum,arbitrum,True,gmx-exp,Gmx Exp,Reentrancy,https://github.com/SunWeb3Sec/DeFiHackLabs/blob/main/src/test/2025-07/gmx_exp.sol,source_poc_tx_candidate_pending_rpc,staged_not_merged,
0x28a000501ef8e3364b0e7f573256b04b87d9a8e8173410c869004b987bf0beef,arbitrum,arbitrum,True,gmx-exp,Gmx Exp,Reentrancy,https://github.com/SunWeb3Sec/DeFiHackLabs/blob/main/src/test/2025-07/gmx_exp.sol,source_poc_tx_candidate_pending_rpc,staged_not_merged,
0x32dbfce2253002498cd41a2d79e249250f92673bc3de652f3919591ee26e8001,arbitrum,arbitrum,True,stead-exp,Stead Exp,Access Control,https://github.com/SunWeb3Sec/DeFiHackLabs/blob/main/src/test/2025-06/Stead_exp.sol,source_poc_tx_candidate_pending_rpc,staged_not_merged,
0x3c6e053faecd331883641c1d23c9d9d37d065e4f9c4086e94a3c34bf8702618a,arbitrum,arbitrum,True,jimbo-exp,Jimbo Exp,Flash Loan Attack,https://github.com/SunWeb3Sec/DeFiHackLabs/blob/main/src/test/2023-05/Jimbo_exp.sol,source_poc_tx_candidate_pending_rpc,staged_not_merged,
0x3e0eda1b16003a6bbf05702d0b0474c698229478dc3cf66aa0f56dcb3d4df98f,arbitrum,arbitrum,True,evervaluecoin-exp,Evervaluecoin Exp,Flash Loan Attack,https://github.com/SunWeb3Sec/DeFiHackLabs/blob/main/src/test/2025-08/EverValueCoin_exp.sol,source_poc_tx_candidate_pending_rpc,staged_not_merged,
0x43aa42d2f11afe42832a9619bc8066dfb83a921798b91eaf9d0345dd27dcfb06,arbitrum,arbitrum,True,paribus-exp,Paribus Exp,Flash Loan Attack,https://github.com/SunWeb3Sec/DeFiHackLabs/blob/main/src/test/2025-01/Paribus_exp.sol,source_poc_tx_candidate_pending_rpc,staged_not_merged,
0x44a0f5650a038ab522087c02f734b80e6c748afb207995e757ed67ca037a5eda,arbitrum,arbitrum,True,jimbo-exp,Jimbo Exp,Flash Loan Attack,https://github.com/SunWeb3Sec/DeFiHackLabs/blob/main/src/test/2023-05/Jimbo_exp.sol,source_poc_tx_candidate_pending_rpc,staged_not_merged,
0x4554480000000000000000000000000000000000000000000000000000000000,arbitrum,arbitrum,True,deltaprime-exp,Deltaprime Exp,Flash Loan Attack,https://github.com/SunWeb3Sec/DeFiHackLabs/blob/main/src/test/2024-11/DeltaPrime_exp.sol,source_poc_tx_candidate_pending_rpc,staged_not_merged,
0x5553444300000000000000000000000000000000000000000000000000000000,arbitrum,arbitrum,True,deltaprime-exp,Deltaprime Exp,Flash Loan Attack,https://github.com/SunWeb3Sec/DeFiHackLabs/blob/main/src/test/2024-11/DeltaPrime_exp.sol,source_poc_tx_candidate_pending_rpc,staged_not_merged,
0x57c96e320a3b885fabd95dd476d43c0d0fb10500d940d9594d4a458471a87abe,arbitrum,arbitrum,True,belugadex-exp,Belugadex Exp,Flash Loan Attack,https://github.com/SunWeb3Sec/DeFiHackLabs/blob/main/src/test/2023-10/BelugaDex_exp.sol,source_poc_tx_candidate_pending_rpc,staged_not_merged,
0x57e555328b7def90e1fc2a0f7aa6df8d601a8f15803800a5aaf0a20382f21fbd,arbitrum,arbitrum,True,woofi-exp,Woofi Exp,Flash Loan Attack,https://github.com/SunWeb3Sec/DeFiHackLabs/blob/main/src/test/2024-03/Woofi_exp.sol,source_poc_tx_candidate_pending_rpc,staged_not_merged,
0x5d2a94785d95a740ec5f778e79ff014c880bcefec70d1a7c2440e611f84713d6,arbitrum,arbitrum,True,rico-exp,Rico Exp,Price Manipulation,https://github.com/SunWeb3Sec/DeFiHackLabs/blob/main/src/test/2024-04/Rico_exp.sol,source_poc_tx_candidate_pending_rpc,staged_not_merged,
0x5db5c2400ab56db697b3cc9aa02a05deab658e1438ce2f8692ca009cc45171dd,arbitrum,arbitrum,True,dforce-exp,Dforce Exp,Reentrancy,https://github.com/SunWeb3Sec/DeFiHackLabs/blob/main/src/test/2023-02/dForce_exp.sol,source_poc_tx_candidate_pending_rpc,staged_not_merged,
0x5f16637460021994d40430dadc020fffdb96937cfaf2b8cb6cbc03c91980ac7c,arbitrum,arbitrum,True,rodeofinance-exp,Rodeofinance Exp,Flash Loan Attack,https://github.com/SunWeb3Sec/DeFiHackLabs/blob/main/src/test/2023-07/RodeoFinance_exp.sol,source_poc_tx_candidate_pending_rpc,staged_not_merged,
0x6a2f989b5493b52ffc078d0a59a3bf9727d134b403aa6e0bf309fd513a728f7f,arbitrum,arbitrum,True,deltaprime-exp,Deltaprime Exp,Flash Loan Attack,https://github.com/SunWeb3Sec/DeFiHackLabs/blob/main/src/test/2024-11/DeltaPrime_exp.sol,source_poc_tx_candidate_pending_rpc,staged_not_merged,
0x6caa65b3fc5c8d4c7104574c3a15cd6208f742f9ada7d81ba027b20473137705,arbitrum,arbitrum,True,yield-exp,Yield Exp,Flash Loan Attack,https://github.com/SunWeb3Sec/DeFiHackLabs/blob/main/src/test/2024-04/Yield_exp.sol,source_poc_tx_candidate_pending_rpc,staged_not_merged,
0x9a462209e573962f2654cac9bfe1277abe443cf5d1322ffd645925281fe65a2e,arbitrum,arbitrum,True,rodeofinance-exp,Rodeofinance Exp,Flash Loan Attack,https://github.com/SunWeb3Sec/DeFiHackLabs/blob/main/src/test/2023-07/RodeoFinance_exp.sol,source_poc_tx_candidate_pending_rpc,staged_not_merged,
0xa9ff2b587e2741575daf893864710a5cbb44bb64ccdc487a100fa20741e0f74d,arbitrum,arbitrum,True,sentiment-exp,Sentiment Exp,Reentrancy,https://github.com/SunWeb3Sec/DeFiHackLabs/blob/main/src/test/2023-04/Sentiment_exp.sol,source_poc_tx_candidate_pending_rpc,staged_not_merged,
0xb1141785b7b94eb37c39c37f0272744c6e79ca1517529fec3f4af59d4c3c37ef,arbitrum,arbitrum,True,dei-exp,Dei Exp,Unknown,https://github.com/SunWeb3Sec/DeFiHackLabs/blob/main/src/test/2023-05/DEI_exp.sol,source_poc_tx_candidate_pending_rpc,staged_not_merged,
0xb13b2ab202cb902b8986cbd430d7227bf3ddca831b79786af145ccb5f00fcf3f,arbitrum,arbitrum,True,evervaluecoin-exp,Evervaluecoin Exp,Flash Loan Attack,https://github.com/SunWeb3Sec/DeFiHackLabs/blob/main/src/test/2025-08/EverValueCoin_exp.sol,source_poc_tx_candidate_pending_rpc,staged_not_merged,
0xb1be5dee3852c818af742f5dd44def285b497ffc5c2eda0d893af542a09fb25a,arbitrum,arbitrum,True,rodeofinance-exp,Rodeofinance Exp,Flash Loan Attack,https://github.com/SunWeb3Sec/DeFiHackLabs/blob/main/src/test/2023-07/RodeoFinance_exp.sol,source_poc_tx_candidate_pending_rpc,staged_not_merged,
0xb5cfa4ae4d6e459ba285fec7f31caf8885e2285a0b4ff62f66b43e280c947216,arbitrum,arbitrum,True,lavalending-exp,Lavalending Exp,Flash Loan Attack,https://github.com/SunWeb3Sec/DeFiHackLabs/blob/main/src/test/2024-10/LavaLending_exp.sol,source_poc_tx_candidate_pending_rpc,staged_not_merged,
0xbe163f651d23f0c9e4d4a443c0cc163134a31a1c2761b60188adcfd33178f50f,arbitrum,arbitrum,True,predyfinance-exp,Predyfinance Exp,Price Manipulation,https://github.com/SunWeb3Sec/DeFiHackLabs/blob/main/src/test/2024-05/PredyFinance_exp.sol,source_poc_tx_candidate_pending_rpc,staged_not_merged,
0xc523c6307b025ebd9aef155ba792d1ba18d5d83f97c7a846f267d3d9a3004e8c,arbitrum,arbitrum,True,lodestar-exp,Lodestar Exp,Flash Loan Attack,https://github.com/SunWeb3Sec/DeFiHackLabs/blob/main/src/test/2022-12/Lodestar_exp.sol,source_poc_tx_candidate_pending_rpc,staged_not_merged,
0xe5f8fe69b38613a855dbcb499a2c4ecffe318c620a4c4117bd0e298213b7619d,arbitrum,arbitrum,True,bebop-dex-exp,Bebop Dex Exp,Inflation Attack,https://github.com/SunWeb3Sec/DeFiHackLabs/blob/main/src/test/2025-08/Bebop_dex_exp.sol,source_poc_tx_candidate_pending_rpc,staged_not_merged,
0xf5e753d3da60db214f2261343c1e1bc46e674d2fa4b7a953eaf3c52123aeebd2,arbitrum,arbitrum,True,paribus-exp,Paribus Exp,Flash Loan Attack,https://github.com/SunWeb3Sec/DeFiHackLabs/blob/main/src/test/2025-01/Paribus_exp.sol,source_poc_tx_candidate_pending_rpc,staged_not_merged,
0xf9baf8cee8973cf9700ae1b1f41c625d7a2abdbcbc222582d24a8f2f790d0b5a,arbitrum,arbitrum,True,jimbo-exp,Jimbo Exp,Flash Loan Attack,https://github.com/SunWeb3Sec/DeFiHackLabs/blob/main/src/test/2023-05/Jimbo_exp.sol,source_poc_tx_candidate_pending_rpc,staged_not_merged,
0xfaf84cabc3e1b0cf1ff1738dace1b2810f42d98baeea17b146ae032f0bdf82d5,arbitrum,arbitrum,True,usds-exp,Usds Exp,Inflation Attack,https://github.com/SunWeb3Sec/DeFiHackLabs/blob/main/src/test/2023-02/USDs_exp.sol,source_poc_tx_candidate_pending_rpc,staged_not_merged,
0xfda5464e97043a2d0093cbed6d0a64f6a86049f5e9608c014396a7390188670e,arbitrum,arbitrum,True,jimbo-exp,Jimbo Exp,Flash Loan Attack,https://github.com/SunWeb3Sec/DeFiHackLabs/blob/main/src/test/2023-05/Jimbo_exp.sol,source_poc_tx_candidate_pending_rpc,staged_not_merged,
0xff368294ccb3cd6e7e263526b5c820b22dea2b2fd8617119ba5c3ab8417403d8,arbitrum,arbitrum,True,themis-exp,Themis Exp,Flash Loan Attack,https://github.com/SunWeb3Sec/DeFiHackLabs/blob/main/src/test/2023-06/Themis_exp.sol,source_poc_tx_candidate_pending_rpc,staged_not_merged,
0x1266a937c2ccd970e5d7929021eed3ec593a95c68a99b4920c2efa226679b430,avalanche,avalanche,True,platypus-exp,Platypus Exp,Flash Loan Attack,https://github.com/SunWeb3Sec/DeFiHackLabs/blob/main/src/test/2023-02/Platypus_exp.sol,source_poc_tx_candidate_pending_rpc,staged_not_merged,
0x4425f757715e23d392cda666bc0492d9e5d5848ff89851a1821eab5ed12bb867,avalanche,avalanche,True,platypus03-exp,Platypus03 Exp,Flash Loan Attack,https://github.com/SunWeb3Sec/DeFiHackLabs/blob/main/src/test/2023-10/Platypus03_exp.sol,source_poc_tx_candidate_pending_rpc,staged_not_merged,
0x4b544e5ffb0420977dacb589a6fb83e25347e0685275a3327ee202449b3bfac6,avalanche,avalanche,True,platypus02-exp,Platypus02 Exp,Flash Loan Attack,https://github.com/SunWeb3Sec/DeFiHackLabs/blob/main/src/test/2023-07/Platypus02_exp.sol,source_poc_tx_candidate_pending_rpc,staged_not_merged,
0x4f37ffecdad598f53b8d5a2d9df98e3c00fbda4328585eb9947a412b5fe17ac5,avalanche,avalanche,True,starsarena-exp,Starsarena Exp,Unknown,https://github.com/SunWeb3Sec/DeFiHackLabs/blob/main/src/test/2023-10/StarsArena_exp.sol,source_poc_tx_candidate_pending_rpc,staged_not_merged,
0xab39a17cdc200c812ecbb05aead6e6f574712170eafbd73736b053b168555680,avalanche,avalanche,True,mumug-exp,Mumug Exp,Flash Loan Attack,https://github.com/SunWeb3Sec/DeFiHackLabs/blob/main/src/test/2022-12/MUMUG_exp.sol,source_poc_tx_candidate_pending_rpc,staged_not_merged,
0xc6fb8217e45870a93c25e2098f54f6e3b24674a3083c30664867de474bf0212d,avalanche,avalanche,True,defrost-exp,Defrost Exp,Flash Loan Attack,https://github.com/SunWeb3Sec/DeFiHackLabs/blob/main/src/test/2022-12/Defrost_exp.sol,source_poc_tx_candidate_pending_rpc,staged_not_merged,
0x16a99aef4fab36c84ba4616668a03a5b37caa12e2fc48923dba4e711d2094699,base,base,True,nalakuvara-lotteryticket50-exp,Nalakuvara Lotteryticket50 Exp,Flash Loan Attack,https://github.com/SunWeb3Sec/DeFiHackLabs/blob/main/src/test/2025-05/Nalakuvara_LotteryTicket50_exp.sol,source_poc_tx_candidate_pending_rpc,staged_not_merged,
0x1a6002d8aee205dff67cb2cdaf60569721655857d49ffe2ce81e10fde8c45946,base,base,True,unverified-6077-exp,Unverified 6077 Exp,Unknown,https://github.com/SunWeb3Sec/DeFiHackLabs/blob/main/src/test/2025-04/Unverified_6077_exp.sol,source_poc_tx_candidate_pending_rpc,staged_not_merged,
0x587f14b7ffb30b5013ab0db02e9bc94183817ef34c24a9595f33277e752f81eb,base,base,True,normie-exp,Normie Exp,Flash Loan Attack,https://github.com/SunWeb3Sec/DeFiHackLabs/blob/main/src/test/2024-05/NORMIE_exp.sol,source_poc_tx_candidate_pending_rpc,staged_not_merged,
0x619c44af9fedb8f5feea2dcae1da94b6d7e5e0e7f4f4a99352b6c4f5e43a4661,base,base,True,sumermoney-exp,Sumermoney Exp,Reentrancy,https://github.com/SunWeb3Sec/DeFiHackLabs/blob/main/src/test/2024-04/SumerMoney_exp.sol,source_poc_tx_candidate_pending_rpc,staged_not_merged,
0x6ab5b7b51f780e8c6c5ddaf65e9badb868811a95c1fd64e86435283074d3149e,base,base,True,compoundfork-exploit,Compoundfork Exploit,Flash Loan Attack,https://github.com/SunWeb3Sec/DeFiHackLabs/blob/main/src/test/2024-10/CompoundFork_exploit.sol,source_poc_tx_candidate_pending_rpc,staged_not_merged,
0x6be0c4b5414883a933639c136971026977df4737b061f864a4a04e4bd7f07106,base,base,True,0x8d2e-exp,0X8D2E Exp,Access Control,https://github.com/SunWeb3Sec/DeFiHackLabs/blob/main/src/test/2025-08/0x8d2e_exp.sol,source_poc_tx_candidate_pending_rpc,staged_not_merged,
0x8421c96c1cafa451e025c00706599ef82780bdc0db7d17b6263511a420e0cf20,base,base,True,rice-exp,Rice Exp,Price Manipulation,https://github.com/SunWeb3Sec/DeFiHackLabs/blob/main/src/test/2025-05/RICE_exp.sol,source_poc_tx_candidate_pending_rpc,staged_not_merged,
0x8fcdfcded45100437ff94801090355f2f689941dca75de9a702e01670f361c04,base,base,True,cloberdex-exp,Cloberdex Exp,Reentrancy,https://github.com/SunWeb3Sec/DeFiHackLabs/blob/main/src/test/2024-12/CloberDEX_exp.sol,source_poc_tx_candidate_pending_rpc,staged_not_merged,
0x984cb29cdb4e92e5899e9c94768f8a34047d0e1074f9c4109364e3682e488873,base,base,True,bizness-exp,Bizness Exp,Reentrancy,https://github.com/SunWeb3Sec/DeFiHackLabs/blob/main/src/test/2024-12/Bizness_exp.sol,source_poc_tx_candidate_pending_rpc,staged_not_merged,
0x9bb1401233bb9172ede2c3bfb924d5d406961e6c63dee1b11d5f3f79f558cae4,base,base,True,duckvader-exp,Duckvader Exp,Unknown,https://github.com/SunWeb3Sec/DeFiHackLabs/blob/main/src/test/2025-03/DUCKVADER_exp.sol,source_poc_tx_candidate_pending_rpc,staged_not_merged,
0xa618933a0e0ffd0b9f4f0835cc94e523d0941032821692c01aa96cd6f80fc3fd,base,base,True,normie-exp,Normie Exp,Flash Loan Attack,https://github.com/SunWeb3Sec/DeFiHackLabs/blob/main/src/test/2024-05/NORMIE_exp.sol,source_poc_tx_candidate_pending_rpc,staged_not_merged,
0xbb837d417b76dd237b4418e1695a50941a69259a1c4dee561ea57d982b9f10ec,base,base,True,leetswap-exp,Leetswap Exp,Unknown,https://github.com/SunWeb3Sec/DeFiHackLabs/blob/main/src/test/2023-08/Leetswap_exp.sol,source_poc_tx_candidate_pending_rpc,staged_not_merged,
0xd10faa5b33ddb501b1dc6430896c966048271f2510ff9ed681dd6d510c5df9f6,base,base,True,odos-exp,Odos Exp,Unknown,https://github.com/SunWeb3Sec/DeFiHackLabs/blob/main/src/test/2025-01/ODOS_exp.sol,source_poc_tx_candidate_pending_rpc,staged_not_merged,
0xde903046b5cdf27a5391b771f41e645e9cc670b649f7b87b1524fc4076f45983,base,base,True,impermaxv3-exp,Impermaxv3 Exp,Flash Loan Attack,https://github.com/SunWeb3Sec/DeFiHackLabs/blob/main/src/test/2025-04/ImpermaxV3_exp.sol,source_poc_tx_candidate_pending_rpc,staged_not_merged,
0xe63a8df8759f41937432cd34c590d85af61b3343cf438796c6ed2c8f5b906f62,base,base,True,tsuru-exp,Tsuru Exp,Price Manipulation,https://github.com/SunWeb3Sec/DeFiHackLabs/blob/main/src/test/2024-05/TSURU_exp.sol,source_poc_tx_candidate_pending_rpc,staged_not_merged,
0x0000000000000000000000000000000000000000000000000de0b6b3a7640000,bsc,bsc,True,channels-exp,Channels Exp,Inflation Attack,https://github.com/SunWeb3Sec/DeFiHackLabs/blob/main/src/test/2023-12/Channels_exp.sol,source_poc_tx_candidate_pending_rpc,staged_not_merged,
0x00000000000000000000000010ed43c718714eb63d5aa57b78b54704e256024e,bsc,bsc,True,readme,Readme,Unknown,https://github.com/SunWeb3Sec/DeFiHackLabs/blob/main/academy/onchain_debug/05_Rugpull/en/readme.md,source_poc_tx_candidate_pending_rpc,staged_not_merged,
0x000000000000000000000000172fcd41e0913e95784454622d1c3724f546f849,bsc,bsc,True,ethfin-exp,Ethfin Exp,Unknown,https://github.com/SunWeb3Sec/DeFiHackLabs/blob/main/src/test/2024-03/ETHFIN_exp.sol,source_poc_tx_candidate_pending_rpc,staged_not_merged,
0x00000000000000000000000055d398326f99059ff775485246999027b3197955,bsc,bsc,True,allbridge-exp,Allbridge Exp,Flash Loan Attack,https://github.com/SunWeb3Sec/DeFiHackLabs/blob/main/src/test/2023-04/Allbridge_exp.sol,source_poc_tx_candidate_pending_rpc,staged_not_merged,
0x0000000000000000000000005695ef5f2e997b2e142b38837132a6c3ddc463b7,bsc,bsc,True,readme,Readme,Unknown,https://github.com/SunWeb3Sec/DeFiHackLabs/blob/main/academy/onchain_debug/05_Rugpull/en/readme.md,source_poc_tx_candidate_pending_rpc,staged_not_merged,
0x000000000000000000000000e70294c3d81ea914a883ad84fd80473c048c028c,bsc,bsc,True,labubu-exp,Labubu Exp,Price Manipulation,https://github.com/SunWeb3Sec/DeFiHackLabs/blob/main/src/test/2024-12/LABUBU_exp.sol,source_poc_tx_candidate_pending_rpc,staged_not_merged,
0x000000000000000000000000e9e7cea3dedca5984780bafc599bd69add087d56,bsc,bsc,True,allbridge-exp,Allbridge Exp,Flash Loan Attack,https://github.com/SunWeb3Sec/DeFiHackLabs/blob/main/src/test/2023-04/Allbridge_exp.sol,source_poc_tx_candidate_pending_rpc,staged_not_merged,
0x03d363462519029cf9a544d44046cad0c7e64c5fb1f2adf5dd5438a9a0d2ec8e,bsc,bsc,True,moocakectx-exp,Moocakectx Exp,Flash Loan Attack,https://github.com/SunWeb3Sec/DeFiHackLabs/blob/main/src/test/2022-11/MooCAKECTX_exp.sol,source_poc_tx_candidate_pending_rpc,staged_not_merged,
0x042b8dc879fa193acc79f55a02c08f276eaf1c4f7c66a33811fce2a4507cea63,bsc,bsc,True,localtrader2-exp,Localtrader2 Exp,Price Manipulation,https://github.com/SunWeb3Sec/DeFiHackLabs/blob/main/src/test/2023-05/LocalTrader2_exp.sol,source_poc_tx_candidate_pending_rpc,staged_not_merged,
0x051276afa96f2a2bd2ac224339793d82f6076f76ffa8d1b9e6febd49a4ec11b2,bsc,bsc,True,chaingefinance-exp,Chaingefinance Exp,Inflation Attack,https://github.com/SunWeb3Sec/DeFiHackLabs/blob/main/src/test/2024-04/ChaingeFinance_exp.sol,source_poc_tx_candidate_pending_rpc,staged_not_merged,
0x05eabbb665a5b99490510d0b3f93565f394914294ab4d609895e525b43ff16f2,bsc,bsc,True,axioma-exp,Axioma Exp,Flash Loan Attack,https://github.com/SunWeb3Sec/DeFiHackLabs/blob/main/src/test/2023-04/Axioma_exp.sol,source_poc_tx_candidate_pending_rpc,staged_not_merged,
0x06bbe093d9b84783b8ca92abab5eb8590cb2321285660f9b2a529d665d3f18e4,bsc,bsc,True,dyna-exp,Dyna Exp,Flash Loan Attack,https://github.com/SunWeb3Sec/DeFiHackLabs/blob/main/src/test/2023-02/DYNA_exp.sol,source_poc_tx_candidate_pending_rpc,staged_not_merged,
0x0706425beba4b3f28d5a8af8be26287aa412d076828ec73d8003445c087af5fd,bsc,bsc,True,bankrollstack-exp,Bankrollstack Exp,Unknown,https://github.com/SunWeb3Sec/DeFiHackLabs/blob/main/src/test/2025-06/BankrollStack_exp.sol,source_poc_tx_candidate_pending_rpc,staged_not_merged,
0x098e7394a1733320e0887f0de22b18f5c71ee18d48a0f6d30c76890fb5c85375,bsc,bsc,True,babydogecoin-exp,Babydogecoin Exp,Flash Loan Attack,https://github.com/SunWeb3Sec/DeFiHackLabs/blob/main/src/test/2023-05/BabyDogeCoin_exp.sol,source_poc_tx_candidate_pending_rpc,staged_not_merged,
0x09925028ce5d6a54801d04ff8f39e79af6c24289e84b301ddcdb6adfa51e901b,bsc,bsc,True,fdp-exp,Fdp Exp,Flash Loan Attack,https://github.com/SunWeb3Sec/DeFiHackLabs/blob/main/src/test/2023-02/FDP_exp.sol,source_poc_tx_candidate_pending_rpc,staged_not_merged,
0x09cd1ee1ea50480b64176d36cf5565b00a7fb81dcaa3d2c89c3a9fdb601fbd0b,bsc,bsc,True,tch-exp,Tch Exp,Price Manipulation,https://github.com/SunWeb3Sec/DeFiHackLabs/blob/main/src/test/2024-05/TCH_exp.sol,source_poc_tx_candidate_pending_rpc,staged_not_merged,
0x0be817b6a522a111e06293435c233dab6576d7437d0e148b45efcf7ab8a10de0,bsc,bsc,True,ais-exp,Ais Exp,Unknown,https://github.com/SunWeb3Sec/DeFiHackLabs/blob/main/src/test/2023-11/AIS_exp.sol,source_poc_tx_candidate_pending_rpc,staged_not_merged,
0x0c850f54c1b497c077109b3d2ef13c042bb70f7f697201bcf2a4d0cb95e74271,bsc,bsc,True,dkp-exp,Dkp Exp,Flash Loan Attack,https://github.com/SunWeb3Sec/DeFiHackLabs/blob/main/src/test/2023-03/DKP_exp.sol,source_poc_tx_candidate_pending_rpc,staged_not_merged,
0x0dd486368444598610239b934dd9e8c6474a06d11380d1cfec4d91568b5ac581,bsc,bsc,True,bbxtoken-exp,Bbxtoken Exp,Unknown,https://github.com/SunWeb3Sec/DeFiHackLabs/blob/main/src/test/2025-03/BBXToken_exp.sol,source_poc_tx_candidate_pending_rpc,staged_not_merged,
0x0e01fd8798f970fd689014cb215e622aca8b7c8c243176c5b504e0043402e31f,bsc,bsc,True,vds-exp,Vds Exp,Flash Loan Attack,https://github.com/SunWeb3Sec/DeFiHackLabs/blob/main/src/test/2025-07/VDS_exp.sol,source_poc_tx_candidate_pending_rpc,staged_not_merged,
0x0fe3716431f8c2e43217c3ca6d25eed87e14d0fbfa9c9ee8ce4cef2e5ec4583c,bsc,bsc,True,readme,Readme,Reentrancy,https://github.com/SunWeb3Sec/DeFiHackLabs/blob/main/past/2024/README.md,source_poc_tx_candidate_pending_rpc,staged_not_merged,
0x1147b3c0f3ebdd524c4e58430bb736eba9f7fa522158f5ad81eb3e2394b466d0,bsc,bsc,True,strac-exp,Strac Exp,Unknown,https://github.com/SunWeb3Sec/DeFiHackLabs/blob/main/src/test/2023-06/STRAC_exp.sol,source_poc_tx_candidate_pending_rpc,staged_not_merged,
0x1397bc7f0d284f8e2e30d0a9edd0db1f3eb0dd284c75e30d226b02bf09ad068f,bsc,bsc,True,wxc-token-exp,Wxc Token Exp,Flash Loan Attack,https://github.com/SunWeb3Sec/DeFiHackLabs/blob/main/src/test/2025-08/WXC_Token_exp.sol,source_poc_tx_candidate_pending_rpc,staged_not_merged,
0x146586f05a4513136deab3557ad15df8f77ffbcdbd0dd0724bc66dbeab98a962,bsc,bsc,True,starlink-exp,Starlink Exp,Flash Loan Attack,https://github.com/SunWeb3Sec/DeFiHackLabs/blob/main/src/test/2023-02/Starlink_exp.sol,source_poc_tx_candidate_pending_rpc,staged_not_merged,
0x15ab671c9bf918fa4b6a9eed9ccb527f32aca40e926ede2aec2c84dfa9c30512,bsc,bsc,True,readme,Readme,Reentrancy,https://github.com/SunWeb3Sec/DeFiHackLabs/blob/main/past/2024/README.md,source_poc_tx_candidate_pending_rpc,staged_not_merged,
0x1751268e620767ff117c5c280e9214389b7c1961c42e77fc704fd88e22f4f77a,bsc,bsc,True,julswap-exp,Julswap Exp,Unknown,https://github.com/SunWeb3Sec/DeFiHackLabs/blob/main/src/test/2021-05/JulSwap_exp.sol,source_poc_tx_candidate_pending_rpc,staged_not_merged,
0x181a7882aac0eab1036eedba25bc95a16e10f61b5df2e99d240a16c334b9b189,bsc,bsc,True,transitswap-exp,Transitswap Exp,Bridge Exploit,https://github.com/SunWeb3Sec/DeFiHackLabs/blob/main/src/test/2022-10/TransitSwap_exp.sol,source_poc_tx_candidate_pending_rpc,staged_not_merged,
0x189a8dc1e0fea34fd7f5fa78c6e9bdf099a8d575ff5c557fa30d90c6acd0b29f,bsc,bsc,True,mamo-exp,Mamo Exp,Flash Loan Attack,https://github.com/SunWeb3Sec/DeFiHackLabs/blob/main/src/test/2023-12/MAMO_exp.sol,source_poc_tx_candidate_pending_rpc,staged_not_merged,
0x1999bb5c11a8d8bfa7620fc5cc37f5bc59c1a99d7a9250a8d6076c93bbdbeb5f,bsc,bsc,True,readme,Readme,Reentrancy,https://github.com/SunWeb3Sec/DeFiHackLabs/blob/main/past/2024/README.md,source_poc_tx_candidate_pending_rpc,staged_not_merged,
0x199c4b88cab6b4b495b9d91af98e746811dd8f82f43117c48205e6332db9f0e0,bsc,bsc,True,ffist-exp,Ffist Exp,Unknown,https://github.com/SunWeb3Sec/DeFiHackLabs/blob/main/src/test/2023-07/FFIST_exp.sol,source_poc_tx_candidate_pending_rpc,staged_not_merged,
0x1ae499ccf292a2ee5e550702b81a4a7f65cd03af2c604e2d401d52786f459ba6,bsc,bsc,True,bitpaidio-exp,Bitpaidio Exp,Unknown,https://github.com/SunWeb3Sec/DeFiHackLabs/blob/main/src/test/2023-05/Bitpaidio_exp.sol,source_poc_tx_candidate_pending_rpc,staged_not_merged,
0x1b2d836049713075b8e46076331332d0bfe8ecfa5dfa94f1c5b0b70700e68d53,bsc,bsc,True,tch-exp,Tch Exp,Price Manipulation,https://github.com/SunWeb3Sec/DeFiHackLabs/blob/main/src/test/2024-05/TCH_exp.sol,source_poc_tx_candidate_pending_rpc,staged_not_merged,
0x1b66170220287bd90f72a97368f8dea2420a24c9585e9f39bf236af6d2a7dde6,bsc,bsc,True,fpr-exp,Fpr Exp,Unknown,https://github.com/SunWeb3Sec/DeFiHackLabs/blob/main/src/test/2022-12/FPR_exp.sol,source_poc_tx_candidate_pending_rpc,staged_not_merged,
0x1c5272ce35338c57c6b9ea710a09766a17bbf14b61438940c3072ed49bfec402,bsc,bsc,True,tifi-exp,Tifi Exp,Unknown,https://github.com/SunWeb3Sec/DeFiHackLabs/blob/main/src/test/2022-12/TIFI_exp.sol,source_poc_tx_candidate_pending_rpc,staged_not_merged,
0x1e90cbff665c43f91d66a56b4aa9ba647486a5311bb0b4381de4d653a9d8237d,bsc,bsc,True,btnft-exp,Btnft Exp,Unknown,https://github.com/SunWeb3Sec/DeFiHackLabs/blob/main/src/test/2025-04/BTNFT_exp.sol,source_poc_tx_candidate_pending_rpc,staged_not_merged,
0x1f8e814029a073c52a8668e6ff5bb3264445a8b29886cc9e3ca8ed5f89ccacd3,bsc,bsc,True,fpr-exp,Fpr Exp,Unknown,https://github.com/SunWeb3Sec/DeFiHackLabs/blob/main/src/test/2022-12/FPR_exp.sol,source_poc_tx_candidate_pending_rpc,staged_not_merged,
0x20ecd8310a2cc7f7774aa5a045c8a99ad84a8451d6650f24e0911e9f4355b13a,bsc,bsc,True,phil-exp,Phil Exp,Price Manipulation,https://github.com/SunWeb3Sec/DeFiHackLabs/blob/main/src/test/2023-12/PHIL_exp.sol,source_poc_tx_candidate_pending_rpc,staged_not_merged,
0x21d8b164f0cb8beb1ed27d164ed986c3fc26b33655ce18226b05b9cfcf6cd93c,bsc,bsc,True,chaingefinance-exp,Chaingefinance Exp,Inflation Attack,https://github.com/SunWeb3Sec/DeFiHackLabs/blob/main/src/test/2024-04/ChaingeFinance_exp.sol,source_poc_tx_candidate_pending_rpc,staged_not_merged,
0x247e61bd0f41f9ec56a99558e9bbb8210d6375c2ed6efa4663ee6a960349b46d,bsc,bsc,True,sellc-exp,Sellc Exp,Inflation Attack,https://github.com/SunWeb3Sec/DeFiHackLabs/blob/main/src/test/2023-05/SELLC_exp.sol,source_poc_tx_candidate_pending_rpc,staged_not_merged,
0x24a2fbb27d433d91372525954f0d7d1af7509547b9ada29cc6c078e732c6d075,bsc,bsc,True,micdao-exp,Micdao Exp,Flash Loan Attack,https://github.com/SunWeb3Sec/DeFiHackLabs/blob/main/src/test/2023-10/MicDao_exp.sol,source_poc_tx_candidate_pending_rpc,staged_not_merged,
0x24a68d2a4bbb02f398d3601acfd87b09f543d935fc24862c314aaf64c295acdb,bsc,bsc,True,bunn-exp,Bunn Exp,Unknown,https://github.com/SunWeb3Sec/DeFiHackLabs/blob/main/src/test/2023-06/BUNN_exp.sol,source_poc_tx_candidate_pending_rpc,staged_not_merged,
0x24f114c0ef65d39e0988d164e052ce8052fe4a4fd303399a8c1bb855e8da01e9,bsc,bsc,True,readme,Readme,Reentrancy,https://github.com/SunWeb3Sec/DeFiHackLabs/blob/main/past/2024/README.md,source_poc_tx_candidate_pending_rpc,staged_not_merged,
0x258e53526e5a48feb1e4beadbf7ee53e07e816681ea297332533371032446bfd,bsc,bsc,True,wgpt-exp,Wgpt Exp,Flash Loan Attack,https://github.com/SunWeb3Sec/DeFiHackLabs/blob/main/src/test/2023-07/WGPT_exp.sol,source_poc_tx_candidate_pending_rpc,staged_not_merged,
0x26bcefc152d8cd49f4bb13a9f8a6846be887d7075bc81fa07aa8c0019bd6591f,bsc,bsc,True,d3xai-exp,D3Xai Exp,Flash Loan Attack,https://github.com/SunWeb3Sec/DeFiHackLabs/blob/main/src/test/2025-08/d3xai_exp.sol,source_poc_tx_candidate_pending_rpc,staged_not_merged,
0x2902f93a0e0e32893b6d5c907ee7bb5dabc459093efa6dbc6e6ba49f85c27f61,bsc,bsc,True,fourmeme-exp,Fourmeme Exp,Price Manipulation,https://github.com/SunWeb3Sec/DeFiHackLabs/blob/main/src/test/2025-02/FourMeme_exp.sol,source_poc_tx_candidate_pending_rpc,staged_not_merged,
0x2a65254b41b42f39331a0bcc9f893518d6b106e80d9a476b8ca3816325f4a150,bsc,bsc,True,mbutoken-exp,Mbutoken Exp,MEV/Sandwich,https://github.com/SunWeb3Sec/DeFiHackLabs/blob/main/src/test/2025-05/MBUToken_exp.sol,source_poc_tx_candidate_pending_rpc,staged_not_merged,
0x2abf871eb91d03bc8145bf2a415e79132a103ae9f2b5bbf18b8342ea9207ccd7,bsc,bsc,True,kr-exp,Kr Exp,Unknown,https://github.com/SunWeb3Sec/DeFiHackLabs/blob/main/src/test/2023-11/KR_exp.sol,source_poc_tx_candidate_pending_rpc,staged_not_merged,
0x2b0877b5495065e90d956e44ffde6aaee5e0fcf99dd3c86f5ff53e33774ea52d,bsc,bsc,True,kub-split-exp,Kub Split Exp,Flash Loan Attack,https://github.com/SunWeb3Sec/DeFiHackLabs/blob/main/src/test/2023-09/Kub_Split_exp.sol,source_poc_tx_candidate_pending_rpc,staged_not_merged,
0x2b6b411adf6c452825e48b97857375ff82b9487064b2f3d5bc2ca7a5ed08d615,bsc,bsc,True,wetc-token-exp,Wetc Token Exp,Flash Loan Attack,https://github.com/SunWeb3Sec/DeFiHackLabs/blob/main/src/test/2025-07/WETC_Token_exp.sol,source_poc_tx_candidate_pending_rpc,staged_not_merged,
0x2bb704e0d158594f7373ec6e53dc9da6c6639f269207da8dab883fc3b5bf6694,bsc,bsc,True,gds-exp,Gds Exp,Flash Loan Attack,https://github.com/SunWeb3Sec/DeFiHackLabs/blob/main/src/test/2023-01/GDS_exp.sol,source_poc_tx_candidate_pending_rpc,staged_not_merged,
0x2d31e45dce58572a99c51357164dc5283ff0c02d609250df1e6f4248bd62ee01,bsc,bsc,True,dkp-exp,Dkp Exp,Flash Loan Attack,https://github.com/SunWeb3Sec/DeFiHackLabs/blob/main/src/test/2023-03/DKP_exp.sol,source_poc_tx_candidate_pending_rpc,staged_not_merged,
0x2d9c1a00cf3d2fda268d0d11794ad2956774b156355e16441d6edb9a448e5a99,bsc,bsc,True,ranttoken-exp,Ranttoken Exp,Unknown,https://github.com/SunWeb3Sec/DeFiHackLabs/blob/main/src/test/2025-07/RANTToken_exp.sol,source_poc_tx_candidate_pending_rpc,staged_not_merged,
0x2f1c33eaaaace728f6101ff527793387341021ef465a4a33f53a0037f5bd1626,bsc,bsc,True,est-exp,Est Exp,Flash Loan Attack,https://github.com/SunWeb3Sec/DeFiHackLabs/blob/main/src/test/2026-03/EST_exp.sol,source_poc_tx_candidate_pending_rpc,staged_not_merged,
0x309523343cc1bb9d28b960ebf83175fac941b4a590830caccff44263d9a80ff0,bsc,bsc,True,readme,Readme,Reentrancy,https://github.com/SunWeb3Sec/DeFiHackLabs/blob/main/past/2024/README.md,source_poc_tx_candidate_pending_rpc,staged_not_merged,
0x31262f15a5b82999bf8d9d0f7e58dcb1656108e6031a2797b612216a95e1670e,bsc,bsc,True,waultfinance-exp,Waultfinance Exp,Price Manipulation,https://github.com/SunWeb3Sec/DeFiHackLabs/blob/main/src/test/2021-08/WaultFinance_exp.sol,source_poc_tx_candidate_pending_rpc,staged_not_merged,
0x33fed54de490797b99b2fc7a159e43af57e9e6bdefc2c2d052dc814cfe0096b9,bsc,bsc,True,bno-exp,Bno Exp,Unknown,https://github.com/SunWeb3Sec/DeFiHackLabs/blob/main/src/test/2023-07/BNO_exp.sol,source_poc_tx_candidate_pending_rpc,staged_not_merged,
0x346f65ac333eb6d69886f5614aaf569a561a53a8d93db4384bd7c0bec15ae9f6,bsc,bsc,True,myai-exp,Myai Exp,Unknown,https://github.com/SunWeb3Sec/DeFiHackLabs/blob/main/src/test/2023-06/MyAi_exp.sol,source_poc_tx_candidate_pending_rpc,staged_not_merged,
0x3475278b4264d4263309020060a1af28d7be02963feaf1a1e97e9830c68834b3,bsc,bsc,True,readme,Readme,Unknown,https://github.com/SunWeb3Sec/DeFiHackLabs/blob/main/academy/onchain_debug/05_Rugpull/en/readme.md,source_poc_tx_candidate_pending_rpc,staged_not_merged,
0x36438165d701c883fd9a03631ee0cdeec35a138153720006ab59264db7e075c1,bsc,bsc,True,grizzifi-exp,Grizzifi Exp,Unknown,https://github.com/SunWeb3Sec/DeFiHackLabs/blob/main/src/test/2025-08/Grizzifi_exp.sol,source_poc_tx_candidate_pending_rpc,staged_not_merged,
0x368f842e79a10bb163d98353711be58431a7cd06098d6f4b6cbbcd4c77b53108,bsc,bsc,True,gax-exp,Gax Exp,Unknown,https://github.com/SunWeb3Sec/DeFiHackLabs/blob/main/src/test/2024-07/GAX_exp.sol,source_poc_tx_candidate_pending_rpc,staged_not_merged,
0x3757d177482171dcfad7066c5e88d6f0f0fe74b28f32e41dd77137cad859c777,bsc,bsc,True,annex-exp,Annex Exp,Flash Loan Attack,https://github.com/SunWeb3Sec/DeFiHackLabs/blob/main/src/test/2022-11/Annex_exp.sol,source_poc_tx_candidate_pending_rpc,staged_not_merged,
0x37d921a6bb0ecdd8f1ec918d795f9c354727a3ff6b0dba98a512fceb9662a3ac,bsc,bsc,True,carson-exp,Carson Exp,Flash Loan Attack,https://github.com/SunWeb3Sec/DeFiHackLabs/blob/main/src/test/2023-07/Carson_exp.sol,source_poc_tx_candidate_pending_rpc,staged_not_merged,
0x39884d4ef7e88e9b70b0135fca3dd2a97e806ead11e38aa6e75f550724962910,bsc,bsc,True,chainswap-exp2,Chainswap Exp2,Unknown,https://github.com/SunWeb3Sec/DeFiHackLabs/blob/main/src/test/2021-07/Chainswap_exp2.sol,source_poc_tx_candidate_pending_rpc,staged_not_merged,
0x3a60e1b3a4b0736be4f31839bfd7abc8bfc53b93ddbd3702e77fbc64561a7ea4,bsc,bsc,True,mona-lisavault-exp,Mona Lisavault Exp,Flash Loan Attack,https://github.com/SunWeb3Sec/DeFiHackLabs/blob/main/src/test/2026-04/MONA_LisaVault_exp.sol,source_poc_tx_candidate_pending_rpc,staged_not_merged,
0x3a9dd216fb6314c013fa8c4f85bfbbe0ed0a73209f54c57c1aab02ba989f5937,bsc,bsc,True,fpc-exp,Fpc Exp,Price Manipulation,https://github.com/SunWeb3Sec/DeFiHackLabs/blob/main/src/test/2025-07/FPC_exp.sol,source_poc_tx_candidate_pending_rpc,staged_not_merged,
0x3b0891a4eb65d916bb0069c69a51d9ff165bf69f83358e37523d0c275f2739bd,bsc,bsc,True,h2o-exp,H2O Exp,Unknown,https://github.com/SunWeb3Sec/DeFiHackLabs/blob/main/src/test/2025-03/H2O_exp.sol,source_poc_tx_candidate_pending_rpc,staged_not_merged,
0x3b472f87431a52082bae7d8524b4e0af3cf930a105646259e1249f2218525607,bsc,bsc,True,dbw-exp,Dbw Exp,Flash Loan Attack,https://github.com/SunWeb3Sec/DeFiHackLabs/blob/main/src/test/2023-03/DBW_exp.sol,source_poc_tx_candidate_pending_rpc,staged_not_merged,
0x3ee23c1585474eaa4f976313cafbc09461abb781d263547c8397788c68a00160,bsc,bsc,True,swapx-exp,Swapx Exp,Unknown,https://github.com/SunWeb3Sec/DeFiHackLabs/blob/main/src/test/2023-02/SwapX_exp.sol,source_poc_tx_candidate_pending_rpc,staged_not_merged,
0x3f1973fe56de5ecd59a815d3b14741cf48385903b0ccfe248f7f10c2765061f7,bsc,bsc,True,melo-exp,Melo Exp,Access Control,https://github.com/SunWeb3Sec/DeFiHackLabs/blob/main/src/test/2023-05/Melo_exp.sol,source_poc_tx_candidate_pending_rpc,staged_not_merged,
0x3fe3a1883f0ae263a260f7d3e9b462468f4f83c2c88bb89d1dee5d7d24262b51,bsc,bsc,True,thoreumfinance-exp,Thoreumfinance Exp,Inflation Attack,https://github.com/SunWeb3Sec/DeFiHackLabs/blob/main/src/test/2023-01/ThoreumFinance_exp.sol,source_poc_tx_candidate_pending_rpc,staged_not_merged,
0x407e09faabf7072cd10dc86b7fa3180ccc1701f52f7fdca29464568498c30997,bsc,bsc,True,chaingefinance-exp,Chaingefinance Exp,Inflation Attack,https://github.com/SunWeb3Sec/DeFiHackLabs/blob/main/src/test/2024-04/ChaingeFinance_exp.sol,source_poc_tx_candidate_pending_rpc,staged_not_merged,
0x40f3bdd0a3a8d0476ae6aa2875dc2ec60b80812e2a394b67a88260df57c65522,bsc,bsc,True,steamswap-exp,Steamswap Exp,Unknown,https://github.com/SunWeb3Sec/DeFiHackLabs/blob/main/src/test/2024-06/SteamSwap_exp.sol,source_poc_tx_candidate_pending_rpc,staged_not_merged,
0x41853747231dcf01017cf419e6e4aa86757e59479964bafdce0921d3e616cc67,bsc,bsc,True,metapoint-exp,Metapoint Exp,Unknown,https://github.com/SunWeb3Sec/DeFiHackLabs/blob/main/src/test/2023-04/MetaPoint_exp.sol,source_poc_tx_candidate_pending_rpc,staged_not_merged,
0x4235b006b94a79219181623a173a8a6aadacabd01d6619146ffd6fbcbb206dff,bsc,bsc,True,fourmeme-exp,Fourmeme Exp,Price Manipulation,https://github.com/SunWeb3Sec/DeFiHackLabs/blob/main/src/test/2025-02/FourMeme_exp.sol,source_poc_tx_candidate_pending_rpc,staged_not_merged,
0x42f56d3e86fb47e1edffa59222b33b73e7407d4b5bb05e23b83cb1771790f6c1,bsc,bsc,True,nmbplatform-exp,Nmbplatform Exp,Flash Loan Attack,https://github.com/SunWeb3Sec/DeFiHackLabs/blob/main/src/test/2022-12/Nmbplatform_exp.sol,source_poc_tx_candidate_pending_rpc,staged_not_merged,
0x4302de51c8126e7934da9be1affbde73e5153fe1f9d0200a738a269fe07d22c7,bsc,bsc,True,grizzifi-exp,Grizzifi Exp,Unknown,https://github.com/SunWeb3Sec/DeFiHackLabs/blob/main/src/test/2025-08/Grizzifi_exp.sol,source_poc_tx_candidate_pending_rpc,staged_not_merged,
0x43da4322052b045f442cdfc03bcccc797d3bba467beda501222c35d8fd0ebd81,bsc,bsc,True,fpr-exp,Fpr Exp,Unknown,https://github.com/SunWeb3Sec/DeFiHackLabs/blob/main/src/test/2022-12/FPR_exp.sol,source_poc_tx_candidate_pending_rpc,staged_not_merged,
0x477f9ee698ac8ae800ffa012ab52fd8de39b58996245c5e39a4233c1ae5f1baa,bsc,bsc,True,eac-exp,Eac Exp,Flash Loan Attack,https://github.com/SunWeb3Sec/DeFiHackLabs/blob/main/src/test/2023-08/EAC_exp.sol,source_poc_tx_candidate_pending_rpc,staged_not_merged,
0x4821392c0b27a4acc952ff51f07ed5dc74d4b67025c57232dae44e4fef1f30e8,bsc,bsc,True,yziaitoken-exp,Yziaitoken Exp,Inflation Attack,https://github.com/SunWeb3Sec/DeFiHackLabs/blob/main/src/test/2025-03/YziAIToken_exp.sol,source_poc_tx_candidate_pending_rpc,staged_not_merged,
0x487fb71e3d2574e747c67a45971ec3966d275d0069d4f9da6d43901401f8f3c0,bsc,bsc,True,lifeprotocol-exp,Lifeprotocol Exp,Flash Loan Attack,https://github.com/SunWeb3Sec/DeFiHackLabs/blob/main/src/test/2025-04/Lifeprotocol_exp.sol,source_poc_tx_candidate_pending_rpc,staged_not_merged,
0x49a3038622bf6dc3672b1b7366382a2c513d713e06cb7c91ebb8e256ee300dfb,bsc,bsc,True,localtrader2-exp,Localtrader2 Exp,Price Manipulation,https://github.com/SunWeb3Sec/DeFiHackLabs/blob/main/src/test/2023-05/LocalTrader2_exp.sol,source_poc_tx_candidate_pending_rpc,staged_not_merged,
0x49bed801b9a9432728b1939951acaa8f2e874453d39c7d881a62c2c157aa7613,bsc,bsc,True,omniestate-exp,Omniestate Exp,Unknown,https://github.com/SunWeb3Sec/DeFiHackLabs/blob/main/src/test/2023-01/OmniEstate_exp.sol,source_poc_tx_candidate_pending_rpc,staged_not_merged,
0x4a66d01a017158ff38d6a88db98ba78435c606be57ca6df36033db4d9514f9f8,bsc,bsc,True,readme,Readme,Flash Loan Attack,https://github.com/SunWeb3Sec/DeFiHackLabs/blob/main/academy/onchain_debug/03_write_your_own_poc/en/readme.md,source_poc_tx_candidate_pending_rpc,staged_not_merged,
0x4e5bb7e3f552f5ee6ee97db9a9fcf07287aae9a1974e24999690855741121aff,bsc,bsc,True,mosca-exp,Mosca Exp,Unknown,https://github.com/SunWeb3Sec/DeFiHackLabs/blob/main/src/test/2025-01/Mosca_exp.sol,source_poc_tx_candidate_pending_rpc,staged_not_merged,
0x4f477e941c12bbf32a58dc12db7bb0cb4d31d41ff25b2457e6af3c15d7f5663f,bsc,bsc,True,readme,Readme,Reentrancy,https://github.com/SunWeb3Sec/DeFiHackLabs/blob/main/README.md,source_poc_tx_candidate_pending_rpc,staged_not_merged,
0x4f8cb9efb3cc9930bd38af5f5d34d15ce683111599a80df7ae50b003e746e336,bsc,bsc,True,gss-exp,Gss Exp,Flash Loan Attack,https://github.com/SunWeb3Sec/DeFiHackLabs/blob/main/src/test/2023-08/GSS_exp.sol,source_poc_tx_candidate_pending_rpc,staged_not_merged,
0x50da0b1b6e34bce59769157df769eb45fa11efc7d0e292900d6b0a86ae66a2b3,bsc,bsc,True,readme,Readme,Flash Loan Attack,https://github.com/SunWeb3Sec/DeFiHackLabs/blob/main/academy/onchain_debug/03_write_your_own_poc/en/readme.md,source_poc_tx_candidate_pending_rpc,staged_not_merged,
0x557628123d137ea49564e4dccff5f5d1e508607e96dd20fe99a670519b679cb5,bsc,bsc,True,newfi-exp,Newfi Exp,Unknown,https://github.com/SunWeb3Sec/DeFiHackLabs/blob/main/src/test/2023-07/NewFi_exp.sol,source_poc_tx_candidate_pending_rpc,staged_not_merged,
0x55983d8701e40353fee90803688170a16424ee702f6b21bb198bb8e7282112cd,bsc,bsc,True,atk-exp,Atk Exp,Price Manipulation,https://github.com/SunWeb3Sec/DeFiHackLabs/blob/main/src/test/2022-10/ATK_exp.sol,source_poc_tx_candidate_pending_rpc,staged_not_merged,
0x56d3ed5f635b009e19d693e432479323b23b3eb368cf04e161adbc672a15898e,bsc,bsc,True,unverified-667d-exp,Unverified 667D Exp,Unknown,https://github.com/SunWeb3Sec/DeFiHackLabs/blob/main/src/test/2024-08/unverified_667d_exp.sol,source_poc_tx_candidate_pending_rpc,staged_not_merged,
0x5735026e5de6d1968ab5baef0cc436cc0a3f4de4ab735335c5b1bd31fa60c582,bsc,bsc,True,sheepfarm-exp,Sheepfarm Exp,Unknown,https://github.com/SunWeb3Sec/DeFiHackLabs/blob/main/src/test/2022-11/SheepFarm_exp.sol,source_poc_tx_candidate_pending_rpc,staged_not_merged,
0x57b589f631f8ff20e2a89a649c4ec2e35be72eaecf155fdfde981c0fec2be5ba,bsc,bsc,True,localtrader2-exp,Localtrader2 Exp,Price Manipulation,https://github.com/SunWeb3Sec/DeFiHackLabs/blob/main/src/test/2023-05/LocalTrader2_exp.sol,source_poc_tx_candidate_pending_rpc,staged_not_merged,
0x59ed06fd0d44aec351bed54f57eccec65874da5a25a0aa71e348611710ec05f3,bsc,bsc,True,sellc-exp,Sellc Exp,Inflation Attack,https://github.com/SunWeb3Sec/DeFiHackLabs/blob/main/src/test/2023-05/SELLC_exp.sol,source_poc_tx_candidate_pending_rpc,staged_not_merged,
0x5a475a73343519f899527fdb9850f68f8fc73168073c72a3cff8c0c7b8a1e520,bsc,bsc,True,wsm-exp,Wsm Exp,Flash Loan Attack,https://github.com/SunWeb3Sec/DeFiHackLabs/blob/main/src/test/2024-04/WSM_exp.sol,source_poc_tx_candidate_pending_rpc,staged_not_merged,
0x5a504fe72ef7fc76dfeb4d979e533af4e23fe37e90b5516186d5787893c37991,bsc,bsc,True,uranium-exp,Uranium Exp,Unknown,https://github.com/SunWeb3Sec/DeFiHackLabs/blob/main/src/test/2021-04/Uranium_exp.sol,source_poc_tx_candidate_pending_rpc,staged_not_merged,
0x5cf050cba486ec48100d5e5ad716380660e8c984d80f73ba888415bb540851a4,bsc,bsc,True,airwa-exp,Airwa Exp,Unknown,https://github.com/SunWeb3Sec/DeFiHackLabs/blob/main/src/test/2025-04/AIRWA_exp.sol,source_poc_tx_candidate_pending_rpc,staged_not_merged,
0x5e694707337cca979d18f9e45f40e81d6ca341ed342f1377f563e779a746460d,bsc,bsc,True,aizpttoken-exp,Aizpttoken Exp,Unknown,https://github.com/SunWeb3Sec/DeFiHackLabs/blob/main/src/test/2024-10/AIZPTToken_exp.sol,source_poc_tx_candidate_pending_rpc,staged_not_merged,
0x601b8ab0c1d51e71796a0df5453ca671ae23de3d5ec9ffd87b9c378504f99c32,bsc,bsc,True,atk-exp,Atk Exp,Price Manipulation,https://github.com/SunWeb3Sec/DeFiHackLabs/blob/main/src/test/2022-10/ATK_exp.sol,source_poc_tx_candidate_pending_rpc,staged_not_merged,
0x603b2bbe2a7d0877b22531735ff686a7caad866f6c0435c37b7b49e4bfd9a36c,bsc,bsc,True,bearn-exp,Bearn Exp,Flash Loan Attack,https://github.com/SunWeb3Sec/DeFiHackLabs/blob/main/src/test/2021-05/bEarn_exp.sol,source_poc_tx_candidate_pending_rpc,staged_not_merged,
0x61293c6dd5211a98f1a26c9f6821146e12fb5e20c850ad3ed2528195c8d4c98e,bsc,bsc,True,sheep-exp,Sheep Exp,Flash Loan Attack,https://github.com/SunWeb3Sec/DeFiHackLabs/blob/main/src/test/2023-02/Sheep_exp.sol,source_poc_tx_candidate_pending_rpc,staged_not_merged,
0x614da880bd46e98131accd9a83917abf3d56dac94caf13ae98eeff504eea3704,bsc,bsc,True,wxeta-exp,Wxeta Exp,Inflation Attack,https://github.com/SunWeb3Sec/DeFiHackLabs/blob/main/src/test/2024-09/WXETA_exp.sol,source_poc_tx_candidate_pending_rpc,staged_not_merged,
0x62dba55054fa628845fecded658ff5b1ec1c5823f1a5e0118601aa455a30eac9,bsc,bsc,True,palmswap-exp,Palmswap Exp,Flash Loan Attack,https://github.com/SunWeb3Sec/DeFiHackLabs/blob/main/src/test/2023-07/Palmswap_exp.sol,source_poc_tx_candidate_pending_rpc,staged_not_merged,
0x63ac9bc4e53dbcfaac3a65cb90917531cfdb1c79c0a334dda3f06e42373ff3a0,bsc,bsc,True,pledge-exp,Pledge Exp,Unknown,https://github.com/SunWeb3Sec/DeFiHackLabs/blob/main/src/test/2024-12/Pledge_exp.sol,source_poc_tx_candidate_pending_rpc,staged_not_merged,
0x66dee84591aeeba6e5f31e12fe728f2ddc79a06426036793487a980c3b952947,bsc,bsc,True,apig-exp,Apig Exp,Unknown,https://github.com/SunWeb3Sec/DeFiHackLabs/blob/main/src/test/2023-09/APIG_exp.sol,source_poc_tx_candidate_pending_rpc,staged_not_merged,
0x6ab5b7b51f780e8c6c5ddaf65e9badb868811a95c1fd64e86435283074d3149e,bsc,bsc,True,readme,Readme,Reentrancy,https://github.com/SunWeb3Sec/DeFiHackLabs/blob/main/past/2024/README.md,source_poc_tx_candidate_pending_rpc,staged_not_merged,
0x6aef8bb501a53e290837d4398b34d5d4d881267512cfe78eb9ba7e59f41dad04,bsc,bsc,True,level-exp,Level Exp,Flash Loan Attack,https://github.com/SunWeb3Sec/DeFiHackLabs/blob/main/src/test/2023-05/Level_exp.sol,source_poc_tx_candidate_pending_rpc,staged_not_merged,
0x6ba4152db9da45f5751f2c083bf77d4b3385373d5660c51fe2e4382718afd9b4,bsc,bsc,True,ccv-exp,Ccv Exp,Flash Loan Attack,https://github.com/SunWeb3Sec/DeFiHackLabs/blob/main/src/test/2023-12/CCV_exp.sol,source_poc_tx_candidate_pending_rpc,staged_not_merged,
0x6c729ee778332244de099ba0cb68808fcd7be4a667303fcdf2f54dd4b3d29051,bsc,bsc,True,slurpycoin-exp,Slurpycoin Exp,Flash Loan Attack,https://github.com/SunWeb3Sec/DeFiHackLabs/blob/main/src/test/2024-12/SlurpyCoin_exp.sol,source_poc_tx_candidate_pending_rpc,staged_not_merged,
0x6da7be6edf3176c7c4b15064937ee7148031f92a4b72043ae80a2b3403ab6302,bsc,bsc,True,multicallwitheth-exp,Multicallwitheth Exp,Unknown,https://github.com/SunWeb3Sec/DeFiHackLabs/blob/main/src/test/2025-07/MulticallWithETH_exp.sol,source_poc_tx_candidate_pending_rpc,staged_not_merged,
0x6f1af27d08b10caa7e96ec3d580bf39e29fd5ece00abda7d8955715403bf34a8,bsc,bsc,True,seaman-exp,Seaman Exp,Flash Loan Attack,https://github.com/SunWeb3Sec/DeFiHackLabs/blob/main/src/test/2022-11/SEAMAN_exp.sol,source_poc_tx_candidate_pending_rpc,staged_not_merged,
0x7226b3947c7e8651982e5bd777bca52d03ea31d19b515dec123595a4435ae22c,bsc,bsc,True,bankrollnetwork-exp,Bankrollnetwork Exp,Unknown,https://github.com/SunWeb3Sec/DeFiHackLabs/blob/main/src/test/2025-06/BankrollNetwork_exp.sol,source_poc_tx_candidate_pending_rpc,staged_not_merged,
0x729c502a7dfd5332a9bdbcacec97137899ecc82c17d0797b9686a7f9f6005cb7,bsc,bsc,True,h2o-exp,H2O Exp,Unknown,https://github.com/SunWeb3Sec/DeFiHackLabs/blob/main/src/test/2025-03/H2O_exp.sol,source_poc_tx_candidate_pending_rpc,staged_not_merged,
0x72f8dd2bcfe2c9fbf0d933678170417802ac8a0d8995ff9a56bfbabe3aa712d6,bsc,bsc,True,shido-exp,Shido Exp,Flash Loan Attack,https://github.com/SunWeb3Sec/DeFiHackLabs/blob/main/src/test/2023-06/SHIDO_exp.sol,source_poc_tx_candidate_pending_rpc,staged_not_merged,
0x7312d9f9c13fc69f00f58e92a112a3e7f036ced7e65f7e0fa67382488d5557dc,bsc,bsc,True,eee-exp,Eee Exp,Unknown,https://github.com/SunWeb3Sec/DeFiHackLabs/blob/main/src/test/2023-11/EEE_exp.sol,source_poc_tx_candidate_pending_rpc,staged_not_merged,
0x765de8357994a206bb90af57dcf427f48a2021f2f28ca81f2c00bc3b9842be8e,bsc,bsc,True,pancakehunny-exp,Pancakehunny Exp,Inflation Attack,https://github.com/SunWeb3Sec/DeFiHackLabs/blob/main/src/test/2021-06/PancakeHunny_exp.sol,source_poc_tx_candidate_pending_rpc,staged_not_merged,
0x76c39537374e7fa7f206ed3c99aa6b14ccf1d2dadaabe6139164cc37966e40bd,bsc,bsc,True,rpp-exp,Rpp Exp,Unknown,https://github.com/SunWeb3Sec/DeFiHackLabs/blob/main/src/test/2024-11/RPP_exp.sol,source_poc_tx_candidate_pending_rpc,staged_not_merged,
0x78f242dee5b8e15a43d23d76bce827f39eb3ac54b44edcd327c5d63de3848daf,bsc,bsc,True,krctoken-pair-exp,Krctoken Pair Exp,Flash Loan Attack,https://github.com/SunWeb3Sec/DeFiHackLabs/blob/main/src/test/2025-05/KRCToken_pair_exp.sol,source_poc_tx_candidate_pending_rpc,staged_not_merged,
0x7978c002d12be9b748770cc31cbaa1b9f3748e4083c9f419d7a99e2e07f4d75f,bsc,bsc,True,btnft-exp,Btnft Exp,Unknown,https://github.com/SunWeb3Sec/DeFiHackLabs/blob/main/src/test/2025-04/BTNFT_exp.sol,source_poc_tx_candidate_pending_rpc,staged_not_merged,
0x7d2d8d2cda2d81529e0e0af90c4bfb39b6e74fa363c60b031d719dd9d153b012,bsc,bsc,True,nmbplatform-exp,Nmbplatform Exp,Flash Loan Attack,https://github.com/SunWeb3Sec/DeFiHackLabs/blob/main/src/test/2022-12/Nmbplatform_exp.sol,source_poc_tx_candidate_pending_rpc,staged_not_merged,
0x7e02ee7242a672fb84458d12198fae4122d7029ba64f3673e7800d811a8de93f,bsc,bsc,True,satx-exp,Satx Exp,Unknown,https://github.com/SunWeb3Sec/DeFiHackLabs/blob/main/src/test/2024-04/SATX_exp.sol,source_poc_tx_candidate_pending_rpc,staged_not_merged,
0x7f183df11f1a0225b5eb5bb2296b5dc51c0f3570e8cc15f0754de8e6f8b4cca4,bsc,bsc,True,spacegodzilla-exp,Spacegodzilla Exp,Flash Loan Attack,https://github.com/SunWeb3Sec/DeFiHackLabs/blob/main/src/test/2022-07/SpaceGodzilla_exp.sol,source_poc_tx_candidate_pending_rpc,staged_not_merged,
0x7fe46c2746855dd57e18f4d33522849ff192e4e26c74835799ba8dab89099457,bsc,bsc,True,ploutoz-exp,Ploutoz Exp,Flash Loan Attack,https://github.com/SunWeb3Sec/DeFiHackLabs/blob/main/src/test/2021-11/Ploutoz_exp.sol,source_poc_tx_candidate_pending_rpc,staged_not_merged,
0x7fe96c00880b329aa0fcb00f0ef3a0766c54e13965becf9cc5e0df6fbd0deca6,bsc,bsc,True,gymnet-exp,Gymnet Exp,Flash Loan Attack,https://github.com/SunWeb3Sec/DeFiHackLabs/blob/main/src/test/2023-07/GYMNET_exp.sol,source_poc_tx_candidate_pending_rpc,staged_not_merged,
0x7ff1364c3b3b296b411965339ed956da5d17058f3164425ce800d64f1aef8210,bsc,bsc,True,allbridge-exp,Allbridge Exp,Flash Loan Attack,https://github.com/SunWeb3Sec/DeFiHackLabs/blob/main/src/test/2023-04/Allbridge_exp.sol,source_poc_tx_candidate_pending_rpc,staged_not_merged,
0x80dd9362d211722b578af72d551f0a68e0dc1b1e077805353970b2f65e793927,bsc,bsc,True,ast-exp,Ast Exp,Unknown,https://github.com/SunWeb3Sec/DeFiHackLabs/blob/main/src/test/2025-01/Ast_exp.sol,source_poc_tx_candidate_pending_rpc,staged_not_merged,
0x8163738d6610ca32f048ee9d30f4aa1ffdb3ca1eddf95c0eba086c3e936199ed,bsc,bsc,True,3913-exp,3913 Exp,Flash Loan Attack,https://github.com/SunWeb3Sec/DeFiHackLabs/blob/main/src/test/2023-11/3913_exp.sol,source_poc_tx_candidate_pending_rpc,staged_not_merged,
0x81fd00eab3434eac93bfdf919400ae5ca280acd891f95f47691bbe3cbf6f05a5,bsc,bsc,True,pdz-exp,Pdz Exp,Flash Loan Attack,https://github.com/SunWeb3Sec/DeFiHackLabs/blob/main/src/test/2025-08/PDZ_exp.sol,source_poc_tx_candidate_pending_rpc,staged_not_merged,
0x824de0989f2ce3230866cb61d588153e5312151aebb1e905ad775864885cd418,bsc,bsc,True,uearnpool-exp,Uearnpool Exp,Unknown,https://github.com/SunWeb3Sec/DeFiHackLabs/blob/main/src/test/2022-11/UEarnPool_exp.sol,source_poc_tx_candidate_pending_rpc,staged_not_merged,
0x8385625e9d8011f4ad5d023d64dc7985f0315b6a4be37424c7212fe4c10dafe0,bsc,bsc,True,pltd-exp,Pltd Exp,Flash Loan Attack,https://github.com/SunWeb3Sec/DeFiHackLabs/blob/main/src/test/2022-10/PLTD_exp.sol,source_poc_tx_candidate_pending_rpc,staged_not_merged,
0x83b4adaf73ad34c5c53aa9b805579ed74bc1391c5297201e6457cde709dff723,bsc,bsc,True,chainswap-exp2,Chainswap Exp2,Unknown,https://github.com/SunWeb3Sec/DeFiHackLabs/blob/main/src/test/2021-07/Chainswap_exp2.sol,source_poc_tx_candidate_pending_rpc,staged_not_merged,
0x840b0dc64dbb91e8aba524f67189f639a0bc94ee9256c57d79083bb3fd46ec91,bsc,bsc,True,matez-exp,Matez Exp,Unknown,https://github.com/SunWeb3Sec/DeFiHackLabs/blob/main/src/test/2024-11/Matez_exp.sol,source_poc_tx_candidate_pending_rpc,staged_not_merged,
0x84bd77f25cc0db493c339a187c920f104a69f89053ab2deabb93c35220e6dfc0,bsc,bsc,True,hct-exp,Hct Exp,Flash Loan Attack,https://github.com/SunWeb3Sec/DeFiHackLabs/blob/main/src/test/2023-09/HCT_exp.sol,source_poc_tx_candidate_pending_rpc,staged_not_merged,
0x864d33d006e5c39c9ee8b35be5ae05a2013e556be3e078e2881b0cc6281bb265,bsc,bsc,True,proxy-b7e1-exp,Proxy B7E1 Exp,Unknown,https://github.com/SunWeb3Sec/DeFiHackLabs/blob/main/src/test/2024-11/proxy_b7e1_exp.sol,source_poc_tx_candidate_pending_rpc,staged_not_merged,
0x88fcffc3256faac76cde4bbd0df6ea3603b1438a5a0409b2e2b91e7c2ba3371a,bsc,bsc,True,pancakebunny-exp,Pancakebunny Exp,Flash Loan Attack,https://github.com/SunWeb3Sec/DeFiHackLabs/blob/main/src/test/2021-05/PancakeBunny_exp.sol,source_poc_tx_candidate_pending_rpc,staged_not_merged,
0x897c2de73dd55d7701e1b69ffb3a17b0f4801ced88b0c75fe1551c5fcce6a979,bsc,bsc,True,pancakebunny-exp,Pancakebunny Exp,Flash Loan Attack,https://github.com/SunWeb3Sec/DeFiHackLabs/blob/main/src/test/2021-05/PancakeBunny_exp.sol,source_poc_tx_candidate_pending_rpc,staged_not_merged,
0x8a453c61f0024e8e11860729083088507a02a38100da8b0c3b2d558788662fa0,bsc,bsc,True,sellc02-exp,Sellc02 Exp,Inflation Attack,https://github.com/SunWeb3Sec/DeFiHackLabs/blob/main/src/test/2023-05/SELLC02_exp.sol,source_poc_tx_candidate_pending_rpc,staged_not_merged,
0x8b3e0e3ea04829f941ca24c85032c3b4aeb1f8b1b278262901c2c5847dc72f1c,bsc,bsc,True,sheepfarm2-exp,Sheepfarm2 Exp,Unknown,https://github.com/SunWeb3Sec/DeFiHackLabs/blob/main/src/test/2022-11/SheepFarm2_exp.sol,source_poc_tx_candidate_pending_rpc,staged_not_merged,
0x8c637fc98ad84b922e6301c0b697167963eee53bbdc19665f5d122ae55234ca6,bsc,bsc,True,irysai-exp,Irysai Exp,Unknown,https://github.com/SunWeb3Sec/DeFiHackLabs/blob/main/src/test/2025-05/IRYSAI_exp.sol,source_poc_tx_candidate_pending_rpc,staged_not_merged,
0x8d35dfd9968ce61fb969ffe8dcc29eeeae864e466d2cb0b7d26ce63644691994,bsc,bsc,True,apedao-exp,Apedao Exp,Flash Loan Attack,https://github.com/SunWeb3Sec/DeFiHackLabs/blob/main/src/test/2023-07/ApeDAO_exp.sol,source_poc_tx_candidate_pending_rpc,staged_not_merged,
0x8d5fb97b35b830f8addcf31c8e0c6135f15bbc2163d891a3701ada0ad654d427,bsc,bsc,True,redkeyscoin-exp,Redkeyscoin Exp,Unknown,https://github.com/SunWeb3Sec/DeFiHackLabs/blob/main/src/test/2024-05/RedKeysCoin_exp.sol,source_poc_tx_candidate_pending_rpc,staged_not_merged,
0x8ee76291c1b46d267431d2a528fa7f3ea7035629500bba4f87a69b88fcaf6e23,bsc,bsc,True,bfctoken-exp,Bfctoken Exp,Unknown,https://github.com/SunWeb3Sec/DeFiHackLabs/blob/main/src/test/2023-09/BFCToken_exp.sol,source_poc_tx_candidate_pending_rpc,staged_not_merged,
0x8ff764dde572928c353716358e271638fa05af54be69f043df72ad9ad054de25,bsc,bsc,True,ngfs-exp,Ngfs Exp,Delegatecall Abuse,https://github.com/SunWeb3Sec/DeFiHackLabs/blob/main/src/test/2024-04/NGFS_exp.sol,source_poc_tx_candidate_pending_rpc,staged_not_merged,
0x904e48ccc1a1eada85f2e3a6444debc428c55f8652ebbebe26e77d02be2902bf,bsc,bsc,True,sellc-exp,Sellc Exp,Inflation Attack,https://github.com/SunWeb3Sec/DeFiHackLabs/blob/main/src/test/2023-05/SELLC_exp.sol,source_poc_tx_candidate_pending_rpc,staged_not_merged,
0x90f374ca33fbd5aaa0d01f5fcf5dee4c7af49a98dc56b47459d8b7ad52ef1e93,bsc,bsc,True,dualpools-exp,Dualpools Exp,Flash Loan Attack,https://github.com/SunWeb3Sec/DeFiHackLabs/blob/main/src/test/2024-02/DualPools_exp.sol,source_poc_tx_candidate_pending_rpc,staged_not_merged,
0x9191153c8523d97f3441a08fef1da5e4169d9c2983db9398364071daa33f59d1,bsc,bsc,True,unverified-8490-exp,Unverified 8490 Exp,Price Manipulation,https://github.com/SunWeb3Sec/DeFiHackLabs/blob/main/src/test/2025-06/unverified_8490_exp.sol,source_poc_tx_candidate_pending_rpc,staged_not_merged,
0x933d19d7d822e84e34ca47ac733226367fbee0d9c0c89d88d431c4f99629d77a,bsc,bsc,True,ufdao-exp,Ufdao Exp,Unknown,https://github.com/SunWeb3Sec/DeFiHackLabs/blob/main/src/test/2023-01/UFDao_exp.sol,source_poc_tx_candidate_pending_rpc,staged_not_merged,
0x943c2a5f89bc0c17f3fe1520ec6215ed8c6b897ce7f22f1b207fea3f79ae09a6,bsc,bsc,True,cellframe-exp,Cellframe Exp,Flash Loan Attack,https://github.com/SunWeb3Sec/DeFiHackLabs/blob/main/src/test/2023-06/Cellframe_exp.sol,source_poc_tx_candidate_pending_rpc,staged_not_merged,
0x948132f219c0a1adbffbee5d9dc63bec676dd69341a6eca23790632cb9475312,bsc,bsc,True,saturn-exp,Saturn Exp,Unknown,https://github.com/SunWeb3Sec/DeFiHackLabs/blob/main/src/test/2024-05/SATURN_exp.sol,source_poc_tx_candidate_pending_rpc,staged_not_merged,
0x95c1604789c93f41940a7fd9eca11276975a9a65d250b89a247736287dbd2b7e,bsc,bsc,True,readme,Readme,Reentrancy,https://github.com/SunWeb3Sec/DeFiHackLabs/blob/main/past/2024/README.md,source_poc_tx_candidate_pending_rpc,staged_not_merged,
0x961afd291dbcec7dc1b0fa28f989f805fe1acdb18fcf2369d434710cde4c03ac,bsc,bsc,True,chainswap-exp2,Chainswap Exp2,Unknown,https://github.com/SunWeb3Sec/DeFiHackLabs/blob/main/src/test/2021-07/Chainswap_exp2.sol,source_poc_tx_candidate_pending_rpc,staged_not_merged,
0x96b34dc3a98cd4055a984132d7f3f4cc5a16b2525113b8ef83c55ac0ba2b3713,bsc,bsc,True,lw-exp,Lw Exp,Price Manipulation,https://github.com/SunWeb3Sec/DeFiHackLabs/blob/main/src/test/2023-05/LW_exp.sol,source_poc_tx_candidate_pending_rpc,staged_not_merged,
0x994abe7906a4a955c103071221e5eaa734a30dccdcdaac63496ece2b698a0fc3,bsc,bsc,True,h2o-exp,H2O Exp,Unknown,https://github.com/SunWeb3Sec/DeFiHackLabs/blob/main/src/test/2025-03/H2O_exp.sol,source_poc_tx_candidate_pending_rpc,staged_not_merged,
0x9afcac8e82180fa5b2f346ca66cf6eb343cd1da5a2cd1b5117eb7eaaebe953b3,bsc,bsc,True,p719token-exp,P719Token Exp,Price Manipulation,https://github.com/SunWeb3Sec/DeFiHackLabs/blob/main/src/test/2024-10/P719Token_exp.sol,source_poc_tx_candidate_pending_rpc,staged_not_merged,
0x9c48fd13d65f5f951882282444a45a7b84c4f673891bbdcc48af68ed305950bb,bsc,bsc,True,pancakebunny-exp,Pancakebunny Exp,Flash Loan Attack,https://github.com/SunWeb3Sec/DeFiHackLabs/blob/main/src/test/2021-05/PancakeBunny_exp.sol,source_poc_tx_candidate_pending_rpc,staged_not_merged,
0x9e328f77809ea3c01833ec7ed8928edb4f5798c96f302b54fc640a22b3dd1a52,bsc,bsc,True,atk-exp,Atk Exp,Price Manipulation,https://github.com/SunWeb3Sec/DeFiHackLabs/blob/main/src/test/2022-10/ATK_exp.sol,source_poc_tx_candidate_pending_rpc,staged_not_merged,
0x9f2eb13417190e5139d57821422fc99bced025f24452a8b31f7d68133c9b0a6c,bsc,bsc,True,fil314-exp,Fil314 Exp,Unknown,https://github.com/SunWeb3Sec/DeFiHackLabs/blob/main/src/test/2024-04/FIL314_exp.sol,source_poc_tx_candidate_pending_rpc,staged_not_merged,
0x9f4ef3cc55b016ea6b867807a09f80d1b2e36f6cd6fccfaf0182f46060332c57,bsc,bsc,True,bego-exp,Bego Exp,Price Manipulation,https://github.com/SunWeb3Sec/DeFiHackLabs/blob/main/src/test/2022-10/BEGO_exp.sol,source_poc_tx_candidate_pending_rpc,staged_not_merged,
0x9fe19093a62a7037d04617b3ac4fbf5cb2d75d8cb6057e7e1b3c75cbbd5a5adc,bsc,bsc,True,bigfi-exp,Bigfi Exp,Flash Loan Attack,https://github.com/SunWeb3Sec/DeFiHackLabs/blob/main/src/test/2023-03/BIGFI_exp.sol,source_poc_tx_candidate_pending_rpc,staged_not_merged,
0xa00def91954ba9f1a1320ef582420d41ca886d417d996362bf3ac3fe2bfb9006,bsc,bsc,True,valuedefi-exp,Valuedefi Exp,Unknown,https://github.com/SunWeb3Sec/DeFiHackLabs/blob/main/src/test/2021-05/ValueDefi_exp.sol,source_poc_tx_candidate_pending_rpc,staged_not_merged,
0xa21692ffb561767a74a4cbd1b78ad48151d710efab723b1efa5f1e0147caab0a,bsc,bsc,True,olife-exp,Olife Exp,Flash Loan Attack,https://github.com/SunWeb3Sec/DeFiHackLabs/blob/main/src/test/2023-04/OLIFE_exp.sol,source_poc_tx_candidate_pending_rpc,staged_not_merged,
0xa4d7ee2ddb9db06961a17e2a5ae71743a266bcb720be138670f4a10e8dfc13e9,bsc,bsc,True,readme,Readme,Reentrancy,https://github.com/SunWeb3Sec/DeFiHackLabs/blob/main/past/2024/README.md,source_poc_tx_candidate_pending_rpc,staged_not_merged,
0xa624660c29ee97f3f4ebd36232d8199e7c97533c9db711fa4027994aa11e01b9,bsc,bsc,True,carrot-exp,Carrot Exp,Access Control,https://github.com/SunWeb3Sec/DeFiHackLabs/blob/main/src/test/2022-10/Carrot_exp.sol,source_poc_tx_candidate_pending_rpc,staged_not_merged,
0xa916674fb8203fac6d78f5f9afc604be468a514aa61ea36c6d6ef26ecfbd0e97,bsc,bsc,True,omniestate-exp,Omniestate Exp,Unknown,https://github.com/SunWeb3Sec/DeFiHackLabs/blob/main/src/test/2023-01/OmniEstate_exp.sol,source_poc_tx_candidate_pending_rpc,staged_not_merged,
0xa94338d8aa312ed4b97b2a4dcb27f632b1ade6f3abec667e3bf9f002a75dabe0,bsc,bsc,True,tch-exp,Tch Exp,Price Manipulation,https://github.com/SunWeb3Sec/DeFiHackLabs/blob/main/src/test/2024-05/TCH_exp.sol,source_poc_tx_candidate_pending_rpc,staged_not_merged,
0xac57c78881a7c00dfbac0563e21b5ae3a8e3f9d1b07198a27313722a166cc0a3,bsc,bsc,True,bbox-exp,Bbox Exp,Flash Loan Attack,https://github.com/SunWeb3Sec/DeFiHackLabs/blob/main/src/test/2022-12/BBOX_exp.sol,source_poc_tx_candidate_pending_rpc,staged_not_merged,
0xac8a739c1f668b13d065d56a03c37a686e0aa1c9339e79fcbc5a2d0a6311e333,bsc,bsc,True,burgerswap-exp,Burgerswap Exp,Flash Loan Attack,https://github.com/SunWeb3Sec/DeFiHackLabs/blob/main/src/test/2021-05/BurgerSwap_exp.sol,source_poc_tx_candidate_pending_rpc,staged_not_merged,
0xae8ca9dc8258ae32899fe641985739c3fa53ab1f603973ac74b424e165c66ccf,bsc,bsc,True,health-exp,Health Exp,Flash Loan Attack,https://github.com/SunWeb3Sec/DeFiHackLabs/blob/main/src/test/2022-10/HEALTH_exp.sol,source_poc_tx_candidate_pending_rpc,staged_not_merged,
0xaee8ef10ac816834cd7026ec34f35bdde568191fe2fa67724fcf2739e48c3cae,bsc,bsc,True,launchzone-exp,Launchzone Exp,Unknown,https://github.com/SunWeb3Sec/DeFiHackLabs/blob/main/src/test/2023-02/LaunchZone_exp.sol,source_poc_tx_candidate_pending_rpc,staged_not_merged,
0xb06df371029456f2bf2d2edb732d1f3c8292d4271d362390961fdcc63a2382de,bsc,bsc,True,labubu-exp,Labubu Exp,Price Manipulation,https://github.com/SunWeb3Sec/DeFiHackLabs/blob/main/src/test/2024-12/LABUBU_exp.sol,source_poc_tx_candidate_pending_rpc,staged_not_merged,
0xb181e88e6b37ee9986f2a57aefb94779402fdb928654aa7c1dda5138b90d0e14,bsc,bsc,True,atk-exp,Atk Exp,Price Manipulation,https://github.com/SunWeb3Sec/DeFiHackLabs/blob/main/src/test/2022-10/ATK_exp.sol,source_poc_tx_candidate_pending_rpc,staged_not_merged,
0xb1ad1188d620746e2e64785307a7aacf2e8dbda4a33061a4f2fbc9721048e012,bsc,bsc,True,novaxm2e-exp,Novaxm2E Exp,Unknown,https://github.com/SunWeb3Sec/DeFiHackLabs/blob/main/src/test/2024-08/NovaXM2E_exp.sol,source_poc_tx_candidate_pending_rpc,staged_not_merged,
0xb375932951c271606360b6bf4287d080c5601f4f59452b0484ea6c856defd6fd,bsc,bsc,True,dcftoken-exp,Dcftoken Exp,Flash Loan Attack,https://github.com/SunWeb3Sec/DeFiHackLabs/blob/main/src/test/2025-03/DCFToken_exp.sol,source_poc_tx_candidate_pending_rpc,staged_not_merged,
0xb3ac111d294ea9dedfd99349304a9606df0b572d05da8cedf47ba169d10791ed,bsc,bsc,True,sdao-exp,Sdao Exp,Flash Loan Attack,https://github.com/SunWeb3Sec/DeFiHackLabs/blob/main/src/test/2022-11/SDAO_exp.sol,source_poc_tx_candidate_pending_rpc,staged_not_merged,
0xb6a9055e3ce7f006391760fbbcc4e4bc8df8228dc47a8bb4ff657370ccc49256,bsc,bsc,True,jhy-exp,Jhy Exp,Unknown,https://github.com/SunWeb3Sec/DeFiHackLabs/blob/main/src/test/2024-12/JHY_exp.sol,source_poc_tx_candidate_pending_rpc,staged_not_merged,
0xb83f9165952697f27b1c7f932bcece5dfa6f0d2f9f3c3be2bb325815bfd834ec,bsc,bsc,True,uearnpool-exp,Uearnpool Exp,Unknown,https://github.com/SunWeb3Sec/DeFiHackLabs/blob/main/src/test/2022-11/UEarnPool_exp.sol,source_poc_tx_candidate_pending_rpc,staged_not_merged,
0xb846f3aeb9b3027fe138b23bbf41901c155bd6d4b24f08d6b83bd37a975e4e4a,bsc,bsc,True,lw-exp,Lw Exp,Price Manipulation,https://github.com/SunWeb3Sec/DeFiHackLabs/blob/main/src/test/2023-05/LW_exp.sol,source_poc_tx_candidate_pending_rpc,staged_not_merged,
0xb97502d3976322714c828a890857e776f25c79f187a32e2d548dda1c315d2a7d,bsc,bsc,True,bevo-exp,Bevo Exp,Flash Loan Attack,https://github.com/SunWeb3Sec/DeFiHackLabs/blob/main/src/test/2023-01/BEVO_exp.sol,source_poc_tx_candidate_pending_rpc,staged_not_merged,
0xba0fa8c150b2408eec9bbbbfe63f9ca63e99f3ff53ac46ee08d691883ac05c1d,bsc,bsc,True,xwin-exp,Xwin Exp,Flash Loan Attack,https://github.com/SunWeb3Sec/DeFiHackLabs/blob/main/src/test/2021-06/xWin_exp.sol,source_poc_tx_candidate_pending_rpc,staged_not_merged,
0xbaf3e4841614eca5480c63662b41cd058ee5c85dc69198b29e7ab63b84bc866c,bsc,bsc,True,babydogecoin02-exp,Babydogecoin02 Exp,Flash Loan Attack,https://github.com/SunWeb3Sec/DeFiHackLabs/blob/main/src/test/2023-06/BabyDogeCoin02_exp.sol,source_poc_tx_candidate_pending_rpc,staged_not_merged,
0xbcaecea2044101c80f186ce5327bec796cd9e054f0c240ddce93e2aead337370,bsc,bsc,True,apc-exp,Apc Exp,Flash Loan Attack,https://github.com/SunWeb3Sec/DeFiHackLabs/blob/main/src/test/2022-12/APC_exp.sol,source_poc_tx_candidate_pending_rpc,staged_not_merged,
0xbd330fd17d0f825042474843a223547132a49abb0746a7e762a0b15cf4bd28f6,bsc,bsc,True,nftg-exp,Nftg Exp,Flash Loan Attack,https://github.com/SunWeb3Sec/DeFiHackLabs/blob/main/src/test/2024-11/NFTG_exp.sol,source_poc_tx_candidate_pending_rpc,staged_not_merged,
0xbdf76f22c41fe212f07e24ca7266d436ef4517dc1395077fabf8125ebe304442,bsc,bsc,True,xsdwethpool-exp,Xsdwethpool Exp,Flash Loan Attack,https://github.com/SunWeb3Sec/DeFiHackLabs/blob/main/src/test/2023-09/XSDWETHpool_exp.sol,source_poc_tx_candidate_pending_rpc,staged_not_merged,
0xbea14fd383c20cd085f30b2baa83ce96be83f1b56464bd74fcc00eb85086e280,bsc,bsc,True,readme,Readme,Reentrancy,https://github.com/SunWeb3Sec/DeFiHackLabs/blob/main/README.md,source_poc_tx_candidate_pending_rpc,staged_not_merged,
0xbea605b238c85aabe5edc636219155d8c4879d6b05c48091cf1f7286bd4702ba,bsc,bsc,True,localtrader2-exp,Localtrader2 Exp,Price Manipulation,https://github.com/SunWeb3Sec/DeFiHackLabs/blob/main/src/test/2023-05/LocalTrader2_exp.sol,source_poc_tx_candidate_pending_rpc,staged_not_merged,
0xbfb9b3b8a0d3c589a02f06c516b5c7b7569739edd00f9836645080f2148aefc7,bsc,bsc,True,ncd-exp,Ncd Exp,Flash Loan Attack,https://github.com/SunWeb3Sec/DeFiHackLabs/blob/main/src/test/2024-06/NCD_exp.sol,source_poc_tx_candidate_pending_rpc,staged_not_merged,
0xc09678fec49c643a30fc8e4dec36d0507dae7e9123c270e1f073d335deab6cf0,bsc,bsc,True,dyna-exp,Dyna Exp,Flash Loan Attack,https://github.com/SunWeb3Sec/DeFiHackLabs/blob/main/src/test/2023-02/DYNA_exp.sol,source_poc_tx_candidate_pending_rpc,staged_not_merged,
0xc0c4e99a76da80a4cf43d3110364840151226c0a197c1728bb60dc3f1b3a6a27,bsc,bsc,True,z123-exp,Z123 Exp,Unknown,https://github.com/SunWeb3Sec/DeFiHackLabs/blob/main/src/test/2024-04/Z123_exp.sol,source_poc_tx_candidate_pending_rpc,staged_not_merged,
0xc11e4020c0830bcf84bfa197696d7bfad9ff503166337cb92ea3fade04007662,bsc,bsc,True,bh-exp,Bh Exp,Flash Loan Attack,https://github.com/SunWeb3Sec/DeFiHackLabs/blob/main/src/test/2023-10/BH_exp.sol,source_poc_tx_candidate_pending_rpc,staged_not_merged,
0xc2066e0dff1a8a042057387d7356ad7ced76ab90904baa1e0b5ecbc2434df8e1,bsc,bsc,True,ngp-exp,Ngp Exp,Flash Loan Attack,https://github.com/SunWeb3Sec/DeFiHackLabs/blob/main/src/test/2025-09/NGP_exp.sol,source_poc_tx_candidate_pending_rpc,staged_not_merged,
0xc291d70f281dbb6976820fbc4dbb3cfcf56be7bf360f2e823f339af4161f64c6,bsc,bsc,True,tokenholder-exp,Tokenholder Exp,Flash Loan Attack,https://github.com/SunWeb3Sec/DeFiHackLabs/blob/main/src/test/2025-10/TokenHolder_exp.sol,source_poc_tx_candidate_pending_rpc,staged_not_merged,
0xc29c98da0c14f4ca436d38f8238f8da1c84c4b1ee6480c4b4facc4b81a013438,bsc,bsc,True,ak1111-exp,Ak1111 Exp,Access Control,https://github.com/SunWeb3Sec/DeFiHackLabs/blob/main/src/test/2024-11/Ak1111_exp.sol,source_poc_tx_candidate_pending_rpc,staged_not_merged,
0xc2d2d7164a9d3cfce1e1dac7dc328b350c693feb0a492a6989ceca7104eef9b7,bsc,bsc,True,vtf-exp,Vtf Exp,Flash Loan Attack,https://github.com/SunWeb3Sec/DeFiHackLabs/blob/main/src/test/2022-10/VTF_exp.sol,source_poc_tx_candidate_pending_rpc,staged_not_merged,
0xc8572846ed313b12bf835e2748ff37dacf6b8ee1bab36972dc4ace5e9f25fed7,bsc,bsc,True,hors-exp,Hors Exp,Unknown,https://github.com/SunWeb3Sec/DeFiHackLabs/blob/main/src/test/2025-01/HORS_exp.sol,source_poc_tx_candidate_pending_rpc,staged_not_merged,
0xca4d0d24aa448329b7d4eb81be653224a59e7b081fc7a1c9aad59c5a38d0ae19,bsc,bsc,True,aes-exp,Aes Exp,Flash Loan Attack,https://github.com/SunWeb3Sec/DeFiHackLabs/blob/main/src/test/2022-12/AES_exp.sol,source_poc_tx_candidate_pending_rpc,staged_not_merged,
0xcc8fdb3c6af8bb9dfd87e913b743a13bbf138a143c27e0f387037887d28e3c7a,bsc,bsc,True,rfb-exp,Rfb Exp,Flash Loan Attack,https://github.com/SunWeb3Sec/DeFiHackLabs/blob/main/src/test/2022-12/RFB_exp.sol,source_poc_tx_candidate_pending_rpc,staged_not_merged,
0xcca7ea9d48e00e7e32e5d005b57ec3cac28bc3ad0181e4ca208832e62aa52efe,bsc,bsc,True,babyswap-exp,Babyswap Exp,Unknown,https://github.com/SunWeb3Sec/DeFiHackLabs/blob/main/src/test/2022-10/BabySwap_exp.sol,source_poc_tx_candidate_pending_rpc,staged_not_merged,
0xccf513fa8a8ed762487a0dcfa54aa65c74285de1bc517bd68dbafa2813e4b7cb,bsc,bsc,True,neverfall-exp,Neverfall Exp,Flash Loan Attack,https://github.com/SunWeb3Sec/DeFiHackLabs/blob/main/src/test/2023-05/NeverFall_exp.sol,source_poc_tx_candidate_pending_rpc,staged_not_merged,
0xcddcb447d64c2ce4b3ac5ebaa6d42e26d3ed0ff3831c08923c53ea998f598a7c,bsc,bsc,True,dfs-exp,Dfs Exp,Flash Loan Attack,https://github.com/SunWeb3Sec/DeFiHackLabs/blob/main/src/test/2022-12/DFS_exp.sol,source_poc_tx_candidate_pending_rpc,staged_not_merged,
0xcf729a9392b0960cd315d7d49f53640f000ca6b8a0bd91866af5821fdf36afc5,bsc,bsc,True,channels-exp,Channels Exp,Inflation Attack,https://github.com/SunWeb3Sec/DeFiHackLabs/blob/main/src/test/2023-12/Channels_exp.sol,source_poc_tx_candidate_pending_rpc,staged_not_merged,
0xd081d6bb96326be5305a6c00dd51d1799971794941576554341738abc1ceb202,bsc,bsc,True,readme,Readme,Reentrancy,https://github.com/SunWeb3Sec/DeFiHackLabs/blob/main/past/2024/README.md,source_poc_tx_candidate_pending_rpc,staged_not_merged,
0xd348b5fc00b26fc1457b70d02f9cb5e5a66a564cc4eba2136a473866a47dac08,bsc,bsc,True,chaingefinance-exp,Chaingefinance Exp,Inflation Attack,https://github.com/SunWeb3Sec/DeFiHackLabs/blob/main/src/test/2024-04/ChaingeFinance_exp.sol,source_poc_tx_candidate_pending_rpc,staged_not_merged,
0xd48758ef48d113b78a09f7b8c7cd663ad79e9965852e872fdfc92234c3e598d2,bsc,bsc,True,readme,Readme,Flash Loan Attack,https://github.com/SunWeb3Sec/DeFiHackLabs/blob/main/academy/onchain_debug/04_write_your_own_poc/en/readme.md,source_poc_tx_candidate_pending_rpc,staged_not_merged,
0xd4c19d575ea5b3a415cc288ce09942299ca3a3b49ef9718cda17e4033dd4c250,bsc,bsc,True,bct-exp,Bct Exp,Unknown,https://github.com/SunWeb3Sec/DeFiHackLabs/blob/main/src/test/2023-12/BCT_exp.sol,source_poc_tx_candidate_pending_rpc,staged_not_merged,
0xd6ba15ecf3df9aaae37450df8f79233267af41535793ee1f69c565b50e28f7da,bsc,bsc,True,jpulsepot-exp,Jpulsepot Exp,Unknown,https://github.com/SunWeb3Sec/DeFiHackLabs/blob/main/src/test/2025-01/JPulsepot_exp.sol,source_poc_tx_candidate_pending_rpc,staged_not_merged,
0xd87cdecd5320301bf9a985cc17f6944e7e7c1fbb471c80076ef2d031cc3023b2,bsc,bsc,True,ara-exp,Ara Exp,Flash Loan Attack,https://github.com/SunWeb3Sec/DeFiHackLabs/blob/main/src/test/2023-06/ARA_exp.sol,source_poc_tx_candidate_pending_rpc,staged_not_merged,
0xd88f26f2f9145fa413db0cfd5d3eb121e3a50a3fdcee16c9bd4731e68332ce4b,bsc,bsc,True,openleverage-exp,Openleverage Exp,Delegatecall Abuse,https://github.com/SunWeb3Sec/DeFiHackLabs/blob/main/src/test/2023-10/OpenLeverage_exp.sol,source_poc_tx_candidate_pending_rpc,staged_not_merged,
0xd92bf51b9bf464420e1261cfcd8b291ee05d5fbffbfbb316ec95131779f80809,bsc,bsc,True,ddcoin-exp,Ddcoin Exp,Flash Loan Attack,https://github.com/SunWeb3Sec/DeFiHackLabs/blob/main/src/test/2023-06/DDCoin_exp.sol,source_poc_tx_candidate_pending_rpc,staged_not_merged,
0xd97694e02eb94f48887308a945a7e58b62bd6f20b28aaaf2978090e5535f3a8e,bsc,bsc,True,h2o-exp,H2O Exp,Unknown,https://github.com/SunWeb3Sec/DeFiHackLabs/blob/main/src/test/2025-03/H2O_exp.sol,source_poc_tx_candidate_pending_rpc,staged_not_merged,
0xd9e0014a32d96cfc8b72864988a6e1664a9b6a2e90aeaa895fcd42da11cc3490,bsc,bsc,True,roulettepotv2-exp,Roulettepotv2 Exp,Unknown,https://github.com/SunWeb3Sec/DeFiHackLabs/blob/main/src/test/2025-01/RoulettePotV2_exp.sol,source_poc_tx_candidate_pending_rpc,staged_not_merged,
0xdae0b85e01670e6b6b317657a72fb560fc388664cf8bfdd9e1b0ae88e0679103,bsc,bsc,True,bct-exp,Bct Exp,Unknown,https://github.com/SunWeb3Sec/DeFiHackLabs/blob/main/src/test/2023-12/BCT_exp.sol,source_poc_tx_candidate_pending_rpc,staged_not_merged,
0xdb01fa33bf5b79a3976ed149913ba0a18ddd444a072a2f34a0042bf32e4e7995,bsc,bsc,True,metapoint-exp,Metapoint Exp,Unknown,https://github.com/SunWeb3Sec/DeFiHackLabs/blob/main/src/test/2023-04/MetaPoint_exp.sol,source_poc_tx_candidate_pending_rpc,staged_not_merged,
0xdb5296b19693c3c5032abe5c385a4f0cd14e863f3d44f018c1ed318fa20058f7,bsc,bsc,True,grizzifi-exp,Grizzifi Exp,Unknown,https://github.com/SunWeb3Sec/DeFiHackLabs/blob/main/src/test/2025-08/Grizzifi_exp.sol,source_poc_tx_candidate_pending_rpc,staged_not_merged,
0xdb5d43317ab8e5d67cdd5006b30a6f2ced513237ac189eb1e57f0f06f630d582,bsc,bsc,True,fourmeme-exp,Fourmeme Exp,Price Manipulation,https://github.com/SunWeb3Sec/DeFiHackLabs/blob/main/src/test/2025-02/FourMeme_exp.sol,source_poc_tx_candidate_pending_rpc,staged_not_merged,
0xde59f5bd65e8f48e5b6137a3b4251afbb9b6240d1036fa6f030e21ab6d950aac,bsc,bsc,True,crb2-exp,Crb2 Exp,Flash Loan Attack,https://github.com/SunWeb3Sec/DeFiHackLabs/blob/main/src/test/2024-06/Crb2_exp.sol,source_poc_tx_candidate_pending_rpc,staged_not_merged,
0xdebaa13fb06134e63879ca6bcb08c5e0290bdbac3acf67914c0b1dcaf0bdc3dd,bsc,bsc,True,pump-exp,Pump Exp,Inflation Attack,https://github.com/SunWeb3Sec/DeFiHackLabs/blob/main/src/test/2025-03/Pump_exp.sol,source_poc_tx_candidate_pending_rpc,staged_not_merged,
0xdf6252854362c3e96fd086d9c3a5397c303d265649aee0b023176bb49cf00d4b,bsc,bsc,True,thena-exp,Thena Exp,Inflation Attack,https://github.com/SunWeb3Sec/DeFiHackLabs/blob/main/src/test/2023-03/Thena_exp.sol,source_poc_tx_candidate_pending_rpc,staged_not_merged,
0xe0daa3bf68c1a714f255294bd829ae800a381624417ed4b474b415b9d2efeeb5,bsc,bsc,True,fourmeme-exp,Fourmeme Exp,Price Manipulation,https://github.com/SunWeb3Sec/DeFiHackLabs/blob/main/src/test/2025-02/FourMeme_exp.sol,source_poc_tx_candidate_pending_rpc,staged_not_merged,
0xe1e7fa81c3761e2698aa83e084f7dd4a1ff907bcfc4a612d54d92175d4e8a28b,bsc,bsc,True,ybtoken-exp,Ybtoken Exp,Unknown,https://github.com/SunWeb3Sec/DeFiHackLabs/blob/main/src/test/2025-04/YBToken_exp.sol,source_poc_tx_candidate_pending_rpc,staged_not_merged,
0xe1f257041872c075cbe6a1212827bc346df3def6d01a07914e4006ec43027165,bsc,bsc,True,level-exp,Level Exp,Flash Loan Attack,https://github.com/SunWeb3Sec/DeFiHackLabs/blob/main/src/test/2023-05/Level_exp.sol,source_poc_tx_candidate_pending_rpc,staged_not_merged,
0xe24ee2af7ceee6d6fad1cacda26004adfe0f44d397a17d2aca56c9a01d759142,bsc,bsc,True,mft-exp,Mft Exp,Flash Loan Attack,https://github.com/SunWeb3Sec/DeFiHackLabs/blob/main/src/test/2024-11/MFT_exp.sol,source_poc_tx_candidate_pending_rpc,staged_not_merged,
0xe2d496ccc3c5fd65a55048391662b8d40ddb5952dc26c715c702ba3929158cb9,bsc,bsc,True,cellframe-exp,Cellframe Exp,Flash Loan Attack,https://github.com/SunWeb3Sec/DeFiHackLabs/blob/main/src/test/2023-06/Cellframe_exp.sol,source_poc_tx_candidate_pending_rpc,staged_not_merged,
0xe4db1550e3aa78a05e93bfd8fbe21b6eba5cce50dc06688949ab479ebed18048,bsc,bsc,True,landnft-exp,Landnft Exp,Inflation Attack,https://github.com/SunWeb3Sec/DeFiHackLabs/blob/main/src/test/2023-05/landNFT_exp.sol,source_poc_tx_candidate_pending_rpc,staged_not_merged,
0xe59fa48212c4ee716c03e648e04f0ca390f4a4fc921a890fded0e01afa4ba96d,bsc,bsc,True,res-exp,Res Exp,Flash Loan Attack,https://github.com/SunWeb3Sec/DeFiHackLabs/blob/main/src/test/2022-10/RES_exp.sol,source_poc_tx_candidate_pending_rpc,staged_not_merged,
0xe6e504208ba90d121c3212a4f2547ae28e69790ab541d459c080ec8b1f3efab2,bsc,bsc,True,levyathan-exp,Levyathan Exp,Inflation Attack,https://github.com/SunWeb3Sec/DeFiHackLabs/blob/main/src/test/2021-07/Levyathan_exp.sol,source_poc_tx_candidate_pending_rpc,staged_not_merged,
0xe7b7c974e51d8bca3617f927f86bf907a25991fe654f457991cbf656b190fe94,bsc,bsc,True,bdex-exp,Bdex Exp,Unknown,https://github.com/SunWeb3Sec/DeFiHackLabs/blob/main/src/test/2022-11/BDEX_exp.sol,source_poc_tx_candidate_pending_rpc,staged_not_merged,
0xe94752783519da14315d47cde34da55496c39546813ef4624c94825e2d69c6a8,bsc,bsc,True,stepp2p-exp,Stepp2P Exp,Unknown,https://github.com/SunWeb3Sec/DeFiHackLabs/blob/main/src/test/2025-07/Stepp2p_exp.sol,source_poc_tx_candidate_pending_rpc,staged_not_merged,
0xe968e648b2353cea06fc3da39714fb964b9354a1ee05750a3c5cc118da23444b,bsc,bsc,True,sellc03-exp,Sellc03 Exp,Flash Loan Attack,https://github.com/SunWeb3Sec/DeFiHackLabs/blob/main/src/test/2023-06/SELLC03_exp.sol,source_poc_tx_candidate_pending_rpc,staged_not_merged,
0xe9a66bad8975f2a7b68c74992054c84d6d80ac4c543352e23bf23740b8858645,bsc,bsc,True,irysai-exp,Irysai Exp,Unknown,https://github.com/SunWeb3Sec/DeFiHackLabs/blob/main/src/test/2025-05/IRYSAI_exp.sol,source_poc_tx_candidate_pending_rpc,staged_not_merged,
0xea108fe94bfc9a71bb3e4dee4a1b0fd47572e6ad6aba8b2155ac44861be628ae,bsc,bsc,True,bgld-exp,Bgld Exp,Flash Loan Attack,https://github.com/SunWeb3Sec/DeFiHackLabs/blob/main/src/test/2022-12/BGLD_exp.sol,source_poc_tx_candidate_pending_rpc,staged_not_merged,
0xea88dc6dbd81d09c572b5849e0d4508598edcf8f11c9a995cd8fe7e6c194f39e,bsc,bsc,True,bnbx-exp,Bnbx Exp,Unknown,https://github.com/SunWeb3Sec/DeFiHackLabs/blob/main/src/test/2024-04/BNBX_exp.sol,source_poc_tx_candidate_pending_rpc,staged_not_merged,
0xea95925eb0438e04d0d81dc270a99ca9fa18b94ca8c6e34272fc9e09266fcf1d,bsc,bsc,True,nervebridge-exp,Nervebridge Exp,Flash Loan Attack,https://github.com/SunWeb3Sec/DeFiHackLabs/blob/main/src/test/2021-12/NerveBridge_exp.sol,source_poc_tx_candidate_pending_rpc,staged_not_merged,
0xeab946cfea49b240284d3baef24a4071313d76c39de2ee9ab00d957896a6c1c4,bsc,bsc,True,yuliai-exp,Yuliai Exp,Flash Loan Attack,https://github.com/SunWeb3Sec/DeFiHackLabs/blob/main/src/test/2025-08/YuliAI_exp.sol,source_poc_tx_candidate_pending_rpc,staged_not_merged,
0xeb4eb487f58d39c05778fed30cd001b986d3c52279e44f46b2de2773e7ee1d5e,bsc,bsc,True,utopia-exp,Utopia Exp,Unknown,https://github.com/SunWeb3Sec/DeFiHackLabs/blob/main/src/test/2023-07/Utopia_exp.sol,source_poc_tx_candidate_pending_rpc,staged_not_merged,
0xebe5248820241d8de80bcf66f4f1bfaaca62962824efaaa662db84bd27f5e47e,bsc,bsc,True,biswap-exp,Biswap Exp,Inflation Attack,https://github.com/SunWeb3Sec/DeFiHackLabs/blob/main/src/test/2023-06/Biswap_exp.sol,source_poc_tx_candidate_pending_rpc,staged_not_merged,
0xec1b969e1435a1449dd5179404c54b5c60e49f15a1bf6bf8922e8d2978102f4a,bsc,bsc,True,fpr-exp,Fpr Exp,Unknown,https://github.com/SunWeb3Sec/DeFiHackLabs/blob/main/src/test/2022-12/FPR_exp.sol,source_poc_tx_candidate_pending_rpc,staged_not_merged,
0xed6fd61c1eb2858a1594616ddebaa414ad3b732dcdb26ac7833b46803c5c18db,bsc,bsc,True,multicallwithxera-exp,Multicallwithxera Exp,Unknown,https://github.com/SunWeb3Sec/DeFiHackLabs/blob/main/src/test/2025-08/MulticallWithXera_exp.sol,source_poc_tx_candidate_pending_rpc,staged_not_merged,
0xee4eae6f70a6894c09fda645fb24ab841e9847a788b1b2e8cb9cc50c1866fb12,bsc,bsc,True,abccapp-exp,Abccapp Exp,Flash Loan Attack,https://github.com/SunWeb3Sec/DeFiHackLabs/blob/main/src/test/2025-08/ABCCApp_exp.sol,source_poc_tx_candidate_pending_rpc,staged_not_merged,
0xeeaf7e9662a7488ea724223c5156e209b630cdc21c961b85868fe45b64d9b086,bsc,bsc,True,vtf-exp,Vtf Exp,Flash Loan Attack,https://github.com/SunWeb3Sec/DeFiHackLabs/blob/main/src/test/2022-10/VTF_exp.sol,source_poc_tx_candidate_pending_rpc,staged_not_merged,
0xef19a4dfd69874d5efda3e38b5a19cae4e0b0bdc95769760bd85ede4d15609ac,bsc,bsc,True,res-exp,Res Exp,Flash Loan Attack,https://github.com/SunWeb3Sec/DeFiHackLabs/blob/main/src/test/2022-10/RES_exp.sol,source_poc_tx_candidate_pending_rpc,staged_not_merged,
0xef386a69ca6a147c374258a1bf40221b0b6bd9bc449a7016dbe5240644581877,bsc,bsc,True,stepheronfts-exp,Stepheronfts Exp,Unknown,https://github.com/SunWeb3Sec/DeFiHackLabs/blob/main/src/test/2025-02/StepHeroNFTs_exp.sol,source_poc_tx_candidate_pending_rpc,staged_not_merged,
0xf13d281d4aa95f1aca457bd17f2531581b0ce918c90905d65934c9e67f6ae0ec,bsc,bsc,True,mosca2-exp,Mosca2 Exp,Flash Loan Attack,https://github.com/SunWeb3Sec/DeFiHackLabs/blob/main/src/test/2025-01/Mosca2_exp.sol,source_poc_tx_candidate_pending_rpc,staged_not_merged,
0xf2a0c957fef493af44f55b201fbc6d82db2e4a045c5c856bfe3d8cb80fa30c12,bsc,bsc,True,svt-exp,Svt Exp,Flash Loan Attack,https://github.com/SunWeb3Sec/DeFiHackLabs/blob/main/src/test/2023-08/SVT_exp.sol,source_poc_tx_candidate_pending_rpc,staged_not_merged,
0xf2d4559aeb945fb8e4304da5320ce6a2a96415aa70286715c9fcaf5dbd9d7ed2,bsc,bsc,True,apc-exp,Apc Exp,Flash Loan Attack,https://github.com/SunWeb3Sec/DeFiHackLabs/blob/main/src/test/2022-12/APC_exp.sol,source_poc_tx_candidate_pending_rpc,staged_not_merged,
0xf34e59e4fe2c9b454d2b73a1a3f3aaf07d484a0c71ff8278b1c068cdedc4b64d,bsc,bsc,True,gangsterfinance-exp,Gangsterfinance Exp,Unknown,https://github.com/SunWeb3Sec/DeFiHackLabs/blob/main/src/test/2025-06/Gangsterfinance_exp.sol,source_poc_tx_candidate_pending_rpc,staged_not_merged,
0xf6ee06c6a62a6a42d1ad9d321d45c4f92a7a215509c850ee36fb025ba767a764,bsc,bsc,True,levyathan-exp,Levyathan Exp,Inflation Attack,https://github.com/SunWeb3Sec/DeFiHackLabs/blob/main/src/test/2021-07/Levyathan_exp.sol,source_poc_tx_candidate_pending_rpc,staged_not_merged,
0xf7019e1232704c3ede4ecf00b79ccf647b2cb3718b9f6972e70dc7c5170e3f91,bsc,bsc,True,bbxtoken-exp,Bbxtoken Exp,Unknown,https://github.com/SunWeb3Sec/DeFiHackLabs/blob/main/src/test/2025-03/BBXToken_exp.sol,source_poc_tx_candidate_pending_rpc,staged_not_merged,
0xf743dba906255cf6f75f8243ef8192f2a211aacf03df99322584686b5c445c23,bsc,bsc,True,novaexchange-exp,Novaexchange Exp,Unknown,https://github.com/SunWeb3Sec/DeFiHackLabs/blob/main/src/test/2022-12/NovaExchange_exp.sol,source_poc_tx_candidate_pending_rpc,staged_not_merged,
0xf77c5904da98d3d4a6e651d0846d35545ef5ca0b969132ae81a9c63e1efc2113,bsc,bsc,True,dexrouter-exp,Dexrouter Exp,Unknown,https://github.com/SunWeb3Sec/DeFiHackLabs/blob/main/src/test/2023-09/DEXRouter_exp.sol,source_poc_tx_candidate_pending_rpc,staged_not_merged,
0xf9b6cc083f6e0e41ce5e5dd65b294abf577ef47c7056d86315e5e53aa662251e,bsc,bsc,True,gds-exp,Gds Exp,Flash Loan Attack,https://github.com/SunWeb3Sec/DeFiHackLabs/blob/main/src/test/2023-01/GDS_exp.sol,source_poc_tx_candidate_pending_rpc,staged_not_merged,
0xfa1ece5381b9e2b2b83cb10faefde7632ca411bb38dd6bafe1f1140b1360f6ae,bsc,bsc,True,sut-exp,Sut Exp,Flash Loan Attack,https://github.com/SunWeb3Sec/DeFiHackLabs/blob/main/src/test/2023-07/SUT_exp.sol,source_poc_tx_candidate_pending_rpc,staged_not_merged,
0xfb14292a531411f852993e5a3ba4e7eb63ed548220267b9b3f4aacc5572d3a58,bsc,bsc,True,bob-exp,Bob Exp,Flash Loan Attack,https://github.com/SunWeb3Sec/DeFiHackLabs/blob/main/src/test/2023-12/Bob_exp.sol,source_poc_tx_candidate_pending_rpc,staged_not_merged,
0xfd30def124c1345606598ae4817ae184fc1918fc638111c6e71bc9752361fd87,bsc,bsc,True,levyathan-exp,Levyathan Exp,Inflation Attack,https://github.com/SunWeb3Sec/DeFiHackLabs/blob/main/src/test/2021-07/Levyathan_exp.sol,source_poc_tx_candidate_pending_rpc,staged_not_merged,
0xfe031685d84f3bae1785f5b2bd0ed480b87815c3f23ce6ced73b8573b7e367c6,bsc,bsc,True,readme,Readme,Reentrancy,https://github.com/SunWeb3Sec/DeFiHackLabs/blob/main/past/2024/README.md,source_poc_tx_candidate_pending_rpc,staged_not_merged,
0xfe80df5d689137810df01e83b4bb51409f13c865e37b23059ecc6b3d32347136,bsc,bsc,True,sellc02-exp,Sellc02 Exp,Inflation Attack,https://github.com/SunWeb3Sec/DeFiHackLabs/blob/main/src/test/2023-05/SELLC02_exp.sol,source_poc_tx_candidate_pending_rpc,staged_not_merged,
0xff5515268d53df41d407036f547b206e288b226989da496fda367bfeb31c5b8b,bsc,bsc,True,un-exp,Un Exp,Flash Loan Attack,https://github.com/SunWeb3Sec/DeFiHackLabs/blob/main/src/test/2023-06/UN_exp.sol,source_poc_tx_candidate_pending_rpc,staged_not_merged,
0x0000000000000000000000000000000000000000000000000000000000000000,eth,eth,True,mevbadc0de-exp,Mevbadc0De Exp,MEV/Sandwich,https://github.com/SunWeb3Sec/DeFiHackLabs/blob/main/src/test/2022-09/MEVbadc0de_exp.sol,source_poc_tx_candidate_pending_rpc,staged_not_merged,
0x0000000000000000000000000000000000000000000000000000000000000001,eth,eth,True,mevbadc0de-exp,Mevbadc0De Exp,MEV/Sandwich,https://github.com/SunWeb3Sec/DeFiHackLabs/blob/main/src/test/2022-09/MEVbadc0de_exp.sol,source_poc_tx_candidate_pending_rpc,staged_not_merged,
0x0000000000000000000000000000000000000000000000000000000000000002,eth,eth,True,mevbadc0de-exp,Mevbadc0De Exp,MEV/Sandwich,https://github.com/SunWeb3Sec/DeFiHackLabs/blob/main/src/test/2022-09/MEVbadc0de_exp.sol,source_poc_tx_candidate_pending_rpc,staged_not_merged,
0x0000000000000000000000000000000000000000000000000000000000000003,eth,eth,True,mevbadc0de-exp,Mevbadc0De Exp,MEV/Sandwich,https://github.com/SunWeb3Sec/DeFiHackLabs/blob/main/src/test/2022-09/MEVbadc0de_exp.sol,source_poc_tx_candidate_pending_rpc,staged_not_merged,
0x0000000000000000000000000000000000000000000000000000000000000004,eth,eth,True,mevbadc0de-exp,Mevbadc0De Exp,MEV/Sandwich,https://github.com/SunWeb3Sec/DeFiHackLabs/blob/main/src/test/2022-09/MEVbadc0de_exp.sol,source_poc_tx_candidate_pending_rpc,staged_not_merged,
0x0000000000000000000000000000000000000000000000000000000000000008,eth,eth,True,meva47b-exp,Meva47B Exp,Flash Loan Attack,https://github.com/SunWeb3Sec/DeFiHackLabs/blob/main/src/test/2022-10/MEVa47b_exp.sol,source_poc_tx_candidate_pending_rpc,staged_not_merged,
0x000000000000000000000000000000000000000000000000000000000000001b,eth,eth,True,smartmesh-exp,Smartmesh Exp,Unknown,https://github.com/SunWeb3Sec/DeFiHackLabs/blob/main/src/test/2018-04/SmartMesh_exp.sol,source_poc_tx_candidate_pending_rpc,staged_not_merged,
0x0000000000000000000000000000000000000000000000000000000000000020,eth,eth,True,mevbadc0de-exp,Mevbadc0De Exp,MEV/Sandwich,https://github.com/SunWeb3Sec/DeFiHackLabs/blob/main/src/test/2022-09/MEVbadc0de_exp.sol,source_poc_tx_candidate_pending_rpc,staged_not_merged,
0x000000000000000000000000000000000000000000000000000000000000002b,eth,eth,True,hexotic-exp,Hexotic Exp,Unknown,https://github.com/SunWeb3Sec/DeFiHackLabs/blob/main/src/test/2025-08/Hexotic_exp.sol,source_poc_tx_candidate_pending_rpc,staged_not_merged,
0x0000000000000000000000000000000000000000000000000000000000000040,eth,eth,True,mevbadc0de-exp,Mevbadc0De Exp,MEV/Sandwich,https://github.com/SunWeb3Sec/DeFiHackLabs/blob/main/src/test/2022-09/MEVbadc0de_exp.sol,source_poc_tx_candidate_pending_rpc,staged_not_merged,
0x0000000000000000000000000000000000000000000000000000000000000043,eth,eth,True,hexotic-exp,Hexotic Exp,Unknown,https://github.com/SunWeb3Sec/DeFiHackLabs/blob/main/src/test/2025-08/Hexotic_exp.sol,source_poc_tx_candidate_pending_rpc,staged_not_merged,
0x0000000000000000000000000000000000000000000000000000000000000060,eth,eth,True,meva47b-exp,Meva47B Exp,Flash Loan Attack,https://github.com/SunWeb3Sec/DeFiHackLabs/blob/main/src/test/2022-10/MEVa47b_exp.sol,source_poc_tx_candidate_pending_rpc,staged_not_merged,
0x0000000000000000000000000000000000000000000000000000000000000064,eth,eth,True,meva47b-exp,Meva47B Exp,Flash Loan Attack,https://github.com/SunWeb3Sec/DeFiHackLabs/blob/main/src/test/2022-10/MEVa47b_exp.sol,source_poc_tx_candidate_pending_rpc,staged_not_merged,
0x0000000000000000000000000000000000000000000000000000000000000080,eth,eth,True,meva47b-exp,Meva47B Exp,Flash Loan Attack,https://github.com/SunWeb3Sec/DeFiHackLabs/blob/main/src/test/2022-10/MEVa47b_exp.sol,source_poc_tx_candidate_pending_rpc,staged_not_merged,
0x00000000000000000000000000000000000000000000000000000000000000a0,eth,eth,True,mevbadc0de-exp,Mevbadc0De Exp,MEV/Sandwich,https://github.com/SunWeb3Sec/DeFiHackLabs/blob/main/src/test/2022-09/MEVbadc0de_exp.sol,source_poc_tx_candidate_pending_rpc,staged_not_merged,
0x00000000000000000000000000000000000000000000000000000000000000c0,eth,eth,True,meva47b-exp,Meva47B Exp,Flash Loan Attack,https://github.com/SunWeb3Sec/DeFiHackLabs/blob/main/src/test/2022-10/MEVa47b_exp.sol,source_poc_tx_candidate_pending_rpc,staged_not_merged,
0x00000000000000000000000000000000000000000000000000000000000000e0,eth,eth,True,mevbadc0de-exp,Mevbadc0De Exp,MEV/Sandwich,https://github.com/SunWeb3Sec/DeFiHackLabs/blob/main/src/test/2022-09/MEVbadc0de_exp.sol,source_poc_tx_candidate_pending_rpc,staged_not_merged,
0x0000000000000000000000000000000000000000000000000000000000000100,eth,eth,True,meva47b-exp,Meva47B Exp,Flash Loan Attack,https://github.com/SunWeb3Sec/DeFiHackLabs/blob/main/src/test/2022-10/MEVa47b_exp.sol,source_poc_tx_candidate_pending_rpc,staged_not_merged,
0x0000000000000000000000000000000000000000000000000000000000000280,eth,eth,True,meva47b-exp,Meva47B Exp,Flash Loan Attack,https://github.com/SunWeb3Sec/DeFiHackLabs/blob/main/src/test/2022-10/MEVa47b_exp.sol,source_poc_tx_candidate_pending_rpc,staged_not_merged,
0x0000000000000000000000000000000000000000000000000000000000006e97,eth,eth,True,circle-exp1,Circle Exp1,Flash Loan Attack,https://github.com/SunWeb3Sec/DeFiHackLabs/blob/main/src/test/2022-08/Circle_exp1.sol,source_poc_tx_candidate_pending_rpc,staged_not_merged,
0x000000000000000000000000000000000000000000000000004654532d555344,eth,eth,True,fortressloans-exp,Fortressloans Exp,Oracle Manipulation,https://github.com/SunWeb3Sec/DeFiHackLabs/blob/main/src/test/2022-05/FortressLoans_exp.sol,source_poc_tx_candidate_pending_rpc,staged_not_merged,
0x0000000000000000000000000000000000000000000000004d4148412d555344,eth,eth,True,fortressloans-exp,Fortressloans Exp,Oracle Manipulation,https://github.com/SunWeb3Sec/DeFiHackLabs/blob/main/src/test/2022-05/FortressLoans_exp.sol,source_poc_tx_candidate_pending_rpc,staged_not_merged,
0x000000000000000000000000000000000000000000000001314fb37062980000,eth,eth,True,jay-exp,Jay Exp,Reentrancy,https://github.com/SunWeb3Sec/DeFiHackLabs/blob/main/src/test/2022-12/JAY_exp.sol,source_poc_tx_candidate_pending_rpc,staged_not_merged,
0x00000000000000000000000000000000000000000000000a2d7f7bb876b5a551,eth,eth,True,meva47b-exp,Meva47B Exp,Flash Loan Attack,https://github.com/SunWeb3Sec/DeFiHackLabs/blob/main/src/test/2022-10/MEVa47b_exp.sol,source_poc_tx_candidate_pending_rpc,staged_not_merged,
0x000000000000000000000000000000000000000000000beff1ceef246ef7bd1f,eth,eth,True,mevbadc0de-exp,Mevbadc0De Exp,MEV/Sandwich,https://github.com/SunWeb3Sec/DeFiHackLabs/blob/main/src/test/2022-09/MEVbadc0de_exp.sol,source_poc_tx_candidate_pending_rpc,staged_not_merged,
0x00000000000000000000000000000000000000000085cc94d6cd155fdbcdace3,eth,eth,True,truebit-exp,Truebit Exp,Price Manipulation,https://github.com/SunWeb3Sec/DeFiHackLabs/blob/main/src/test/2026-01/Truebit_exp.sol,source_poc_tx_candidate_pending_rpc,staged_not_merged,
0x0000000000000000000000000000000000000000d739dcf6ae98b123e5650020,eth,eth,True,leveragesir-exp,Leveragesir Exp,Price Manipulation,https://github.com/SunWeb3Sec/DeFiHackLabs/blob/main/src/test/2025-03/LeverageSIR_exp.sol,source_poc_tx_candidate_pending_rpc,staged_not_merged,
0x00000000000000000000000009a80172ed7335660327cd664876b5df6fe06108,eth,eth,True,ompxcontract-exp,Ompxcontract Exp,Flash Loan Attack,https://github.com/SunWeb3Sec/DeFiHackLabs/blob/main/src/test/2024-08/OMPxContract_exp.sol,source_poc_tx_candidate_pending_rpc,staged_not_merged,
0x000000000000003d539801af4b77c789fa35b54dacb5f6bb2daaa01554299d6c,eth,eth,True,meva47b-exp,Meva47B Exp,Flash Loan Attack,https://github.com/SunWeb3Sec/DeFiHackLabs/blob/main/src/test/2022-10/MEVa47b_exp.sol,source_poc_tx_candidate_pending_rpc,staged_not_merged,
0x000000000000003d539801af7fa9385be102ac3eac297483dd6233d62b3e1496,eth,eth,True,meva47b-exp,Meva47B Exp,Flash Loan Attack,https://github.com/SunWeb3Sec/DeFiHackLabs/blob/main/src/test/2022-10/MEVa47b_exp.sol,source_poc_tx_candidate_pending_rpc,staged_not_merged,
0x0000000a707868e3b4dea47088e6a0c2ddd26feeb64f039a2c41296fcb3f5640,eth,eth,True,meva47b-exp,Meva47B Exp,Flash Loan Attack,https://github.com/SunWeb3Sec/DeFiHackLabs/blob/main/src/test/2022-10/MEVa47b_exp.sol,source_poc_tx_candidate_pending_rpc,staged_not_merged,
0x00a3da68f0f6a69cb067f09c3f7e741a01636cbc27a84c603b468f65271d415b,eth,eth,True,readme,Readme,Reentrancy,https://github.com/SunWeb3Sec/DeFiHackLabs/blob/main/past/2022/README.md,source_poc_tx_candidate_pending_rpc,staged_not_merged,
0x00b375f8e90fc54c1345b33c686977ebec26877e2c8cac165429927a6c9bdbec,eth,eth,True,0x0dex-exp,0X0Dex Exp,Flash Loan Attack,https://github.com/SunWeb3Sec/DeFiHackLabs/blob/main/src/test/2023-09/0x0DEX_exp.sol,source_poc_tx_candidate_pending_rpc,staged_not_merged,
0x00c503b595946bccaea3d58025b5f9b3726177bbdc9674e634244135282116c7,eth,eth,True,prisma-exp,Prisma Exp,Flash Loan Attack,https://github.com/SunWeb3Sec/DeFiHackLabs/blob/main/src/test/2024-03/Prisma_exp.sol,source_poc_tx_candidate_pending_rpc,staged_not_merged,
0x013be97768b702fe8eccef1a40544d5ecb3c1961ad5f87fee4d16fdc08c78106,eth,eth,True,readme,Readme,Reentrancy,https://github.com/SunWeb3Sec/DeFiHackLabs/blob/main/past/2021/README.md,source_poc_tx_candidate_pending_rpc,staged_not_merged,
0x01514910771af9ca656af840dff83e8264ecf986ca010000017fa9385be102ac,eth,eth,True,sushi-router-exp,Sushi Router Exp,Price Manipulation,https://github.com/SunWeb3Sec/DeFiHackLabs/blob/main/src/test/2023-04/Sushi_Router_exp.sol,source_poc_tx_candidate_pending_rpc,staged_not_merged,
0x01514910771af9ca656af840dff83e8264ecf986ca01000001f9a001d5b2c7c5,eth,eth,True,sushi-router-exp,Sushi Router Exp,Price Manipulation,https://github.com/SunWeb3Sec/DeFiHackLabs/blob/main/src/test/2023-04/Sushi_Router_exp.sol,source_poc_tx_candidate_pending_rpc,staged_not_merged,
0x03543ef96c26d6c79ff6c24219c686ae6d0eb5453b322e54d3b6a5ce456385e5,eth,eth,True,affinedefi-exp,Affinedefi Exp,Flash Loan Attack,https://github.com/SunWeb3Sec/DeFiHackLabs/blob/main/src/test/2024-02/AffineDeFi_exp.sol,source_poc_tx_candidate_pending_rpc,staged_not_merged,
0x04a1f0d1694242515ecb14faa71053901f11a1286cd21c27fe5542f9eeb62356,eth,eth,True,readme,Readme,Reentrancy,https://github.com/SunWeb3Sec/DeFiHackLabs/blob/main/past/2022/README.md,source_poc_tx_candidate_pending_rpc,staged_not_merged,
0x04b166e7b4ab5105a8e9c85f08f6346de1c66368687215b0e0b58d6e5002bc32,eth,eth,True,sushi-router-exp,Sushi Router Exp,Price Manipulation,https://github.com/SunWeb3Sec/DeFiHackLabs/blob/main/src/test/2023-04/Sushi_Router_exp.sol,source_poc_tx_candidate_pending_rpc,staged_not_merged,
0x04e16a79ff928db2fa88619cdd045cdfc7979a61d836c9c9e585b3d6f6d8bc31,eth,eth,True,wiselending02-exp,Wiselending02 Exp,Oracle Manipulation,https://github.com/SunWeb3Sec/DeFiHackLabs/blob/main/src/test/2024-01/WiseLending02_exp.sol,source_poc_tx_candidate_pending_rpc,staged_not_merged,
0x0500c02aaa39b223fe8d0a0e5c4f27ead9083c756cc2000044a9059cbb000000,eth,eth,True,drlvaultv3-exp,Drlvaultv3 Exp,Flash Loan Attack,https://github.com/SunWeb3Sec/DeFiHackLabs/blob/main/src/test/2025-11/DRLVaultV3_exp.sol,source_poc_tx_candidate_pending_rpc,staged_not_merged,
0x0507476234193a9a5c7ae2c47e4c4b833a7c3923cefc6fd7667b72f3ca3fa83a,eth,eth,True,readme,Readme,Reentrancy,https://github.com/SunWeb3Sec/DeFiHackLabs/blob/main/past/2022/README.md,source_poc_tx_candidate_pending_rpc,staged_not_merged,
0x055cec4fa4614836e54ea2e5cd3d14247ff3d61b85aa2a41f8cc876d131e0328,eth,eth,True,yearnfinance-exp,Yearnfinance Exp,Flash Loan Attack,https://github.com/SunWeb3Sec/DeFiHackLabs/blob/main/src/test/2023-04/YearnFinance_exp.sol,source_poc_tx_candidate_pending_rpc,staged_not_merged,
0x0586763c00000000000000000000000000000000000000000000000000000000,eth,eth,True,polynetwork-exp,Polynetwork Exp,Unknown,https://github.com/SunWeb3Sec/DeFiHackLabs/blob/main/src/test/2021-08/PolyNetwork_exp.sol,source_poc_tx_candidate_pending_rpc,staged_not_merged,
0x05d65e0adddc5d9ccfe6cd65be4a7899ebcb6e5ec7a39787971bcc3d6ba73996,eth,eth,True,readme,Readme,Reentrancy,https://github.com/SunWeb3Sec/DeFiHackLabs/blob/main/past/2022/README.md,source_poc_tx_candidate_pending_rpc,staged_not_merged,
0x05f71e1b2cb4f03e547739db15d080fd30c989eda04d37ce6264c5686e0722c9,eth,eth,True,readme,Readme,Reentrancy,https://github.com/SunWeb3Sec/DeFiHackLabs/blob/main/past/2021/README.md,source_poc_tx_candidate_pending_rpc,staged_not_merged,
0x06d7e7436414c658a33452d28400799f3637e83930dcec39b3bd065dabc6ef04,eth,eth,True,zoomer-exp,Zoomer Exp,Flash Loan Attack,https://github.com/SunWeb3Sec/DeFiHackLabs/blob/main/src/test/2024-02/Zoomer_exp.sol,source_poc_tx_candidate_pending_rpc,staged_not_merged,
0x07887fffc4488354d813fdcca5da0586dd6f9a3da36d503af768302eacbeec41,eth,eth,True,rabbywallet-swaprouter-exp,Rabbywallet Swaprouter Exp,Unknown,https://github.com/SunWeb3Sec/DeFiHackLabs/blob/main/src/test/2022-10/RabbyWallet_SwapRouter_exp.sol,source_poc_tx_candidate_pending_rpc,staged_not_merged,
0x0788ba222970c7c68a738b0e08fb197e669e61f9b226ceec4cab9b85abe8cceb,eth,eth,True,zunami-exp,Zunami Exp,Flash Loan Attack,https://github.com/SunWeb3Sec/DeFiHackLabs/blob/main/src/test/2023-08/Zunami_exp.sol,source_poc_tx_candidate_pending_rpc,staged_not_merged,
0x08ffb5f7ab6421720ab609b6ab0ff5622fba225ba351119c21ef92c78cb8302c,eth,eth,True,laundromat-exp,Laundromat Exp,Unknown,https://github.com/SunWeb3Sec/DeFiHackLabs/blob/main/src/test/2025-04/Laundromat_exp.sol,source_poc_tx_candidate_pending_rpc,staged_not_merged,
0x0a4b99389149cc4f7f6051299145c113f5aa50dccf19f748516c4c977f475d6c,eth,eth,True,chainswap-exp1,Chainswap Exp1,Unknown,https://github.com/SunWeb3Sec/DeFiHackLabs/blob/main/src/test/2021-07/Chainswap_exp1.sol,source_poc_tx_candidate_pending_rpc,staged_not_merged,
0x0ab12913f9232b27b0664cd2d50e482ad6aa896aeb811b53081712f42d54c026,eth,eth,True,readme,Readme,Reentrancy,https://github.com/SunWeb3Sec/DeFiHackLabs/blob/main/past/2022/README.md,source_poc_tx_candidate_pending_rpc,staged_not_merged,
0x0af5a6d2d8b49f68dcfd4599a0e767450e76e08a5aeba9b3d534a604d308e60b,eth,eth,True,sushi-badger-digg-exp,Sushi Badger Digg Exp,Bridge Exploit,https://github.com/SunWeb3Sec/DeFiHackLabs/blob/main/src/test/2021-01/Sushi_Badger_Digg_exp.sol,source_poc_tx_candidate_pending_rpc,staged_not_merged,
0x0cc266abfa2ba924ffa7dab0cd8f7bb1a14891ec74dea53927c09296d1c6ac7c,eth,eth,True,orbitchain-exp,Orbitchain Exp,Bridge Exploit,https://github.com/SunWeb3Sec/DeFiHackLabs/blob/main/src/test/2024-01/OrbitChain_exp.sol,source_poc_tx_candidate_pending_rpc,staged_not_merged,
0x0eb8f8d148508e752d9643ccf49ac4cb0c21cbad346b5bbcf2d06974d31bd5c4,eth,eth,True,game-exp,Game Exp,Reentrancy,https://github.com/SunWeb3Sec/DeFiHackLabs/blob/main/src/test/2024-02/Game_exp.sol,source_poc_tx_candidate_pending_rpc,staged_not_merged,
0x0fc5c0d41e5506fdb9434fab4815a4ff671afc834e47a533b3bed7182ece73b0,eth,eth,True,bzx-exp,Bzx Exp,Flash Loan Attack,https://github.com/SunWeb3Sec/DeFiHackLabs/blob/main/src/test/2023-12/bZx_exp.sol,source_poc_tx_candidate_pending_rpc,staged_not_merged,
0x0fe2542079644e107cbf13690eb9c2c65963ccb79089ff96bfaf8dced2331c92,eth,eth,True,cream-2-exp,Cream 2 Exp,Flash Loan Attack,https://github.com/SunWeb3Sec/DeFiHackLabs/blob/main/src/test/2021-10/Cream_2_exp.sol,source_poc_tx_candidate_pending_rpc,staged_not_merged,
0x103b4550a1a2bdb73e3cb5ea484880cd8bed7e4842ecdd18ed81bf67ed19e03c,eth,eth,True,0xf340-exp,0Xf340 Exp,Access Control,https://github.com/SunWeb3Sec/DeFiHackLabs/blob/main/src/test/2025-08/0xf340_exp.sol,source_poc_tx_candidate_pending_rpc,staged_not_merged,
0x1106418384414ed56cd7cbb9fedc66a02d39b663d580abc618f2d387348354ab,eth,eth,True,readme,Readme,Reentrancy,https://github.com/SunWeb3Sec/DeFiHackLabs/blob/main/past/2023/README.md,source_poc_tx_candidate_pending_rpc,staged_not_merged,
0x1134236483ad360a775e6c22100f83ba5091115323417205cfbd4ae898cd0bc2,eth,eth,True,chainswap-exp1,Chainswap Exp1,Unknown,https://github.com/SunWeb3Sec/DeFiHackLabs/blob/main/src/test/2021-07/Chainswap_exp1.sol,source_poc_tx_candidate_pending_rpc,staged_not_merged,
0x1194e1d6085885ce054a7ff8cd3cd0c3fa308ec87e4ccde8dd0549842fef4f1b,eth,eth,True,unverifiedcontr-0x452e25-exp,Unverifiedcontr 0X452E25 Exp,Unknown,https://github.com/SunWeb3Sec/DeFiHackLabs/blob/main/src/test/2024-07/UnverifiedContr_0x452E25_exp.sol,source_poc_tx_candidate_pending_rpc,staged_not_merged,
0x11b7c750f1334e2f26ca9be32c2d070a4a023edf745b02468d6cba9a15a494c6,eth,eth,True,time-exp,Time Exp,Unknown,https://github.com/SunWeb3Sec/DeFiHackLabs/blob/main/src/test/2023-12/TIME_exp.sol,source_poc_tx_candidate_pending_rpc,staged_not_merged,
0x1274b32d4dfacd2703ad032e8bd669a83f012dde9d27ed92e4e7da0387adafe4,eth,eth,True,floordao-exp,Floordao Exp,Unknown,https://github.com/SunWeb3Sec/DeFiHackLabs/blob/main/src/test/2023-09/FloorDAO_exp.sol,source_poc_tx_candidate_pending_rpc,staged_not_merged,
0x12bea43496f35e7d92fb91bf2807b1c95fcc6fedb062d66678c0b5cfe07cc002,eth,eth,True,fortressloans-exp,Fortressloans Exp,Oracle Manipulation,https://github.com/SunWeb3Sec/DeFiHackLabs/blob/main/src/test/2022-05/FortressLoans_exp.sol,source_poc_tx_candidate_pending_rpc,staged_not_merged,
0x12fe79f1de8aed0ba947cec4dce5d33368d649903cb45a5d3e915cc459e751fc,eth,eth,True,gfox-exp,Gfox Exp,Unknown,https://github.com/SunWeb3Sec/DeFiHackLabs/blob/main/src/test/2024-05/GFOX_exp.sol,source_poc_tx_candidate_pending_rpc,staged_not_merged,
0x138daa4cbeaa3db42eefcec26e234fc2c89a4aa17d6b1870fc460b2856fd11a6,eth,eth,True,dexible-exp,Dexible Exp,MEV/Sandwich,https://github.com/SunWeb3Sec/DeFiHackLabs/blob/main/src/test/2023-02/Dexible_exp.sol,source_poc_tx_candidate_pending_rpc,staged_not_merged,
0x13d19809b19ac512da6d110764caee75e2157ea62cb70937c8d9471afcb061bf,eth,eth,True,fortressloans-exp,Fortressloans Exp,Oracle Manipulation,https://github.com/SunWeb3Sec/DeFiHackLabs/blob/main/src/test/2022-05/FortressLoans_exp.sol,source_poc_tx_candidate_pending_rpc,staged_not_merged,
0x1438ff9dd1cf9c70002c3b3cbec9c4c1b3f9eb02e29bcac90289ab3ba360e605,eth,eth,True,lifi-exp,Lifi Exp,Bridge Exploit,https://github.com/SunWeb3Sec/DeFiHackLabs/blob/main/src/test/2022-03/LiFi_exp.sol,source_poc_tx_candidate_pending_rpc,staged_not_merged,
0x160c5950a01b88953648ba90ec0a29b0c5383e055d35a7835d905c53a3dda01e,eth,eth,True,eflevervault-exp,Eflevervault Exp,Flash Loan Attack,https://github.com/SunWeb3Sec/DeFiHackLabs/blob/main/src/test/2022-10/EFLeverVault_exp.sol,source_poc_tx_candidate_pending_rpc,staged_not_merged,
0x166be3838e86d1af766aeb93493d81b89e564c96c2f8decb94b400912de6afed,eth,eth,True,makina-exp,Makina Exp,Flash Loan Attack,https://github.com/SunWeb3Sec/DeFiHackLabs/blob/main/src/test/2026-01/makina_exp.sol,source_poc_tx_candidate_pending_rpc,staged_not_merged,
0x171072422efb5cd461546bfe986017d9b5aa427ff1c07ebe8acc064b13a7b7be,eth,eth,True,readme,Readme,Reentrancy,https://github.com/SunWeb3Sec/DeFiHackLabs/blob/main/past/2021/README.md,source_poc_tx_candidate_pending_rpc,staged_not_merged,
0x171696d6231b4a201927b35fe2dae4b91cefb62bef849a143560ebbb49cee5df,eth,eth,True,badguysbyrpf-exp,Badguysbyrpf Exp,Inflation Attack,https://github.com/SunWeb3Sec/DeFiHackLabs/blob/main/src/test/2022-09/BadGuysbyRPF_exp.sol,source_poc_tx_candidate_pending_rpc,staged_not_merged,
0x18160ddd01ff0000000000086c3f90f043a72fa612cbac8115ee7e52bde6e490,eth,eth,True,makina-exp,Makina Exp,Flash Loan Attack,https://github.com/SunWeb3Sec/DeFiHackLabs/blob/main/src/test/2026-01/makina_exp.sol,source_poc_tx_candidate_pending_rpc,staged_not_merged,
0x181a7882aac0eab1036eedba25bc95a16e10f61b5df2e99d240a16c334b9b189,eth,eth,True,readme,Readme,Reentrancy,https://github.com/SunWeb3Sec/DeFiHackLabs/blob/main/past/2022/README.md,source_poc_tx_candidate_pending_rpc,staged_not_merged,
0x18303ee09818b0575ea4a5c2ed25b1e78523aa2b387a9c7c9c23b0d906ff9e07,eth,eth,True,orbitchain-exp,Orbitchain Exp,Bridge Exploit,https://github.com/SunWeb3Sec/DeFiHackLabs/blob/main/src/test/2024-01/OrbitChain_exp.sol,source_poc_tx_candidate_pending_rpc,staged_not_merged,
0x189a8dc1e0fea34fd7f5fa78c6e9bdf099a8d575ff5c557fa30d90c6acd0b29f,eth,eth,True,readme,Readme,Reentrancy,https://github.com/SunWeb3Sec/DeFiHackLabs/blob/main/past/2023/README.md,source_poc_tx_candidate_pending_rpc,staged_not_merged,
0x18d716ad7f5113fe53b24a30288c6989dd04e6ad881be58b482d8d58f71c42da,eth,eth,True,badguysbyrpf-exp,Badguysbyrpf Exp,Inflation Attack,https://github.com/SunWeb3Sec/DeFiHackLabs/blob/main/src/test/2022-09/BadGuysbyRPF_exp.sol,source_poc_tx_candidate_pending_rpc,staged_not_merged,
0x18dc1cafb1ca20989168f6b8a087f3cfe3356d9a1edd8f9d34b3809985203501,eth,eth,True,fortressloans-exp,Fortressloans Exp,Oracle Manipulation,https://github.com/SunWeb3Sec/DeFiHackLabs/blob/main/src/test/2022-05/FortressLoans_exp.sol,source_poc_tx_candidate_pending_rpc,staged_not_merged,
0x19315e5b150d0a83e797203bb9c957ec1fa8a6f404f4f761d970cb29a74a5dd6,eth,eth,True,readme,Readme,Reentrancy,https://github.com/SunWeb3Sec/DeFiHackLabs/blob/main/past/2021/README.md,source_poc_tx_candidate_pending_rpc,staged_not_merged,
0x1a3e9eb5e00f39e84f90ca23bd851aa194b1e7a90003e3f6b9b17bbb66dabbb9,eth,eth,True,unverified-03f9-exp,Unverified 03F9 Exp,Unknown,https://github.com/SunWeb3Sec/DeFiHackLabs/blob/main/src/test/2024-09/unverified_03f9_exp.sol,source_poc_tx_candidate_pending_rpc,staged_not_merged,
0x1a44e35d5451e0b78621a1b3e7a53dfaa306b1d000000000000000000000051b,eth,eth,True,bao-exp,Bao Exp,Flash Loan Attack,https://github.com/SunWeb3Sec/DeFiHackLabs/blob/main/src/test/2023-07/Bao_exp.sol,source_poc_tx_candidate_pending_rpc,staged_not_merged,
0x1a7ee0a7efc70ed7429edef069a1dd001fbff378748d91f17ab1876dc6d10392,eth,eth,True,hopelend-exp,Hopelend Exp,Flash Loan Attack,https://github.com/SunWeb3Sec/DeFiHackLabs/blob/main/src/test/2023-10/Hopelend_exp.sol,source_poc_tx_candidate_pending_rpc,staged_not_merged,
0x1abab4c8db9a30e703114528e31dee129a3a758f7f8abc3b6494aad3d304e43f,eth,eth,True,smartmesh-exp,Smartmesh Exp,Unknown,https://github.com/SunWeb3Sec/DeFiHackLabs/blob/main/src/test/2018-04/SmartMesh_exp.sol,source_poc_tx_candidate_pending_rpc,staged_not_merged,
0x1ae40f26819da4f10bc7c894a2cc507cdb31c29635d31fa90c8f3f240f0327c0,eth,eth,True,veth-exp,Veth Exp,Flash Loan Attack,https://github.com/SunWeb3Sec/DeFiHackLabs/blob/main/src/test/2024-11/vETH_exp.sol,source_poc_tx_candidate_pending_rpc,staged_not_merged,
0x1b4730e715286862042def956d5aaa6a53203ee02b97ea913de73fa462e48f90,eth,eth,True,bubai-exp,Bubai Exp,Unknown,https://github.com/SunWeb3Sec/DeFiHackLabs/blob/main/src/test/2024-10/BUBAI_exp.sol,source_poc_tx_candidate_pending_rpc,staged_not_merged,
0x1cd5ceda7e2b2d8c66f8c5657f27ef6f35f9e557c8d1532aa88665a37130da84,eth,eth,True,readme,Readme,Flash Loan Attack,https://github.com/SunWeb3Sec/DeFiHackLabs/blob/main/academy/onchain_debug/02_warmup/en/readme.md,source_poc_tx_candidate_pending_rpc,staged_not_merged,
0x1d4aaa253afc6c5d5f893d4a572de830538aeef3b65cb6ff3bb6fec738a899d0,eth,eth,True,chainswap-exp1,Chainswap Exp1,Unknown,https://github.com/SunWeb3Sec/DeFiHackLabs/blob/main/src/test/2021-07/Chainswap_exp1.sol,source_poc_tx_candidate_pending_rpc,staged_not_merged,
0x1dd4989052f69cd388f4dfbeb1690a3f3a323ebb73df816e5ef2466dc98fa4a4,eth,eth,True,readme,Readme,Reentrancy,https://github.com/SunWeb3Sec/DeFiHackLabs/blob/main/past/2022/README.md,source_poc_tx_candidate_pending_rpc,staged_not_merged,
0x1ea0a2e88efceccb2dd93e6e5cb89e5421666caeefb1e6fc41b68168373da342,eth,eth,True,dao-soulmate-exp,Dao Soulmate Exp,Access Control,https://github.com/SunWeb3Sec/DeFiHackLabs/blob/main/src/test/2024-01/DAO_SoulMate_exp.sol,source_poc_tx_candidate_pending_rpc,staged_not_merged,
0x1ee617cd739b1afcc673a180e60b9a32ad3ba856226a68e8748d58fcccc877a8,eth,eth,True,readme,Readme,Reentrancy,https://github.com/SunWeb3Sec/DeFiHackLabs/blob/main/past/2023/README.md,source_poc_tx_candidate_pending_rpc,staged_not_merged,
0x1f1aba5bef04b7026ae3cb1cb77987071a8aff9592e785dd99860566ccad83d1,eth,eth,True,eflevervault-exp,Eflevervault Exp,Flash Loan Attack,https://github.com/SunWeb3Sec/DeFiHackLabs/blob/main/src/test/2022-10/EFLeverVault_exp.sol,source_poc_tx_candidate_pending_rpc,staged_not_merged,
0x1fe5a53405d00ce2f3e15b214c7486c69cbc5bf165cf9596e86f797f62e81914,eth,eth,True,efvault-exp,Efvault Exp,Unknown,https://github.com/SunWeb3Sec/DeFiHackLabs/blob/main/src/test/2023-02/EFVault_exp.sol,source_poc_tx_candidate_pending_rpc,staged_not_merged,
0x1fea385acf7ff046d928d4041db017e1d7ead66727ce7aacb3296b9d485d4a26,eth,eth,True,readme,Readme,Reentrancy,https://github.com/SunWeb3Sec/DeFiHackLabs/blob/main/past/2022/README.md,source_poc_tx_candidate_pending_rpc,staged_not_merged,
0x2038560f9bee81aecd0fa852fae43c9e2a4db94c609c3b91dba5ac0f01b4d5c6,eth,eth,True,time-exp,Time Exp,Unknown,https://github.com/SunWeb3Sec/DeFiHackLabs/blob/main/src/test/2023-12/TIME_exp.sol,source_poc_tx_candidate_pending_rpc,staged_not_merged,
0x20ecd8310a2cc7f7774aa5a045c8a99ad84a8451d6650f24e0911e9f4355b13a,eth,eth,True,readme,Readme,Reentrancy,https://github.com/SunWeb3Sec/DeFiHackLabs/blob/main/past/2023/README.md,source_poc_tx_candidate_pending_rpc,staged_not_merged,
0x21e9d20b57f6ae60dac23466c8395d47f42dc24628e5a31f224567a2b4effa88,eth,eth,True,readme,Readme,Reentrancy,https://github.com/SunWeb3Sec/DeFiHackLabs/blob/main/past/2021/README.md,source_poc_tx_candidate_pending_rpc,staged_not_merged,
0x23b69bef57656f493548a5373300f7557777f352ade8131353ff87a1b27e2bb3,eth,eth,True,hexotic-exp,Hexotic Exp,Unknown,https://github.com/SunWeb3Sec/DeFiHackLabs/blob/main/src/test/2025-08/Hexotic_exp.sol,source_poc_tx_candidate_pending_rpc,staged_not_merged,
0x23fcf9d4517f7cc39815b09b0a80c023ab2c8196c826c93b4100f2e26b701286,eth,eth,True,seneca-exp,Seneca Exp,Unknown,https://github.com/SunWeb3Sec/DeFiHackLabs/blob/main/src/test/2024-02/Seneca_exp.sol,source_poc_tx_candidate_pending_rpc,staged_not_merged,
0x242a0fb4fde9de0dc2fd42e8db743cbc197ffa2bf6a036ba0bba303df296408b,eth,eth,True,uwulend-first-exp,Uwulend First Exp,Flash Loan Attack,https://github.com/SunWeb3Sec/DeFiHackLabs/blob/main/src/test/2024-06/UwuLend_First_exp.sol,source_poc_tx_candidate_pending_rpc,staged_not_merged,
0x256979ae169abb7fbbbbc14188742f4b9debf48b48ad5b5207cadcc99ccb493b,eth,eth,True,morphoblue-exp,Morphoblue Exp,Flash Loan Attack,https://github.com/SunWeb3Sec/DeFiHackLabs/blob/main/src/test/2024-10/MorphoBlue_exp.sol,source_poc_tx_candidate_pending_rpc,staged_not_merged,
0x25aaa441b6cac9c2f49d8d012ccc517de4215e056b0f63883f8240c8e228fed1,eth,eth,True,roar-exp,Roar Exp,Unknown,https://github.com/SunWeb3Sec/DeFiHackLabs/blob/main/src/test/2025-04/Roar_exp.sol,source_poc_tx_candidate_pending_rpc,staged_not_merged,
0x2606d459a50ca4920722a111745c2eeced1d8a01ff25ee762e22d5d4b1595739,eth,eth,True,hedgeyfinance-exp,Hedgeyfinance Exp,Flash Loan Attack,https://github.com/SunWeb3Sec/DeFiHackLabs/blob/main/src/test/2024-04/HedgeyFinance_exp.sol,source_poc_tx_candidate_pending_rpc,staged_not_merged,
0x260d5eb9151c565efda80466de2e7eee9c6bd4973d54ff68c8e045a26f62ea73,eth,eth,True,hegicoptions-exp,Hegicoptions Exp,Unknown,https://github.com/SunWeb3Sec/DeFiHackLabs/blob/main/src/test/2025-02/HegicOptions_exp.sol,source_poc_tx_candidate_pending_rpc,staged_not_merged,
0x2652c96f86b22f421949daee41ffef503df3a06072e372de15105d0783bc2ba3,eth,eth,True,laundromat-exp,Laundromat Exp,Unknown,https://github.com/SunWeb3Sec/DeFiHackLabs/blob/main/src/test/2025-04/Laundromat_exp.sol,source_poc_tx_candidate_pending_rpc,staged_not_merged,
0x26a83db7e28838dd9fee6fb7314ae58dcc6aee9a20bf224c386ff5e80f7e4cf2,eth,eth,True,mimspell2-exp,Mimspell2 Exp,Flash Loan Attack,https://github.com/SunWeb3Sec/DeFiHackLabs/blob/main/src/test/2024-01/MIMSpell2_exp.sol,source_poc_tx_candidate_pending_rpc,staged_not_merged,
0x26f2000000000000000000000000000000000000000000000000000000000000,eth,eth,True,meva47b-exp,Meva47B Exp,Flash Loan Attack,https://github.com/SunWeb3Sec/DeFiHackLabs/blob/main/src/test/2022-10/MEVa47b_exp.sol,source_poc_tx_candidate_pending_rpc,staged_not_merged,
0x27981c7289c372e601c9475e5b5466310be18ed10b59d1ac840145f6e7804c97,eth,eth,True,harmony-multisig-exp,Harmony Multisig Exp,Unknown,https://github.com/SunWeb3Sec/DeFiHackLabs/blob/main/src/test/2022-06/Harmony_multisig_exp.sol,source_poc_tx_candidate_pending_rpc,staged_not_merged,
0x27e64a8215ae1528245c912bcca09883fdd7cce69249bd5d5d1c0eecf5297b96,eth,eth,True,readme,Readme,Reentrancy,https://github.com/SunWeb3Sec/DeFiHackLabs/blob/main/past/2022/README.md,source_poc_tx_candidate_pending_rpc,staged_not_merged,
0x27ead9083c756cc2000000000000000000000000000000000000000000000000,eth,eth,True,meva47b-exp,Meva47B Exp,Flash Loan Attack,https://github.com/SunWeb3Sec/DeFiHackLabs/blob/main/src/test/2022-10/MEVa47b_exp.sol,source_poc_tx_candidate_pending_rpc,staged_not_merged,
0x2881e839d4d562fad5356183e4f6a9d427ba6f475614ce8ef64dbfe557a4a2cc,eth,eth,True,mahalend-exp,Mahalend Exp,Flash Loan Attack,https://github.com/SunWeb3Sec/DeFiHackLabs/blob/main/src/test/2023-11/MahaLend_exp.sol,source_poc_tx_candidate_pending_rpc,staged_not_merged,
0x2972f75d5926f8f948ab6a0cabc517a05f0da5b53e20f670591afbaa501aa436,eth,eth,True,teamfinance-exp,Teamfinance Exp,Price Manipulation,https://github.com/SunWeb3Sec/DeFiHackLabs/blob/main/src/test/2022-10/TeamFinance_exp.sol,source_poc_tx_candidate_pending_rpc,staged_not_merged,
0x29ddb589b1fb5fc7cf394961c1adf5f8c6454761adf795e67fe149f658abe895,eth,eth,True,lendfme-exp,Lendfme Exp,Reentrancy,https://github.com/SunWeb3Sec/DeFiHackLabs/blob/main/src/test/2020-04/LendfMe_exp.sol,source_poc_tx_candidate_pending_rpc,staged_not_merged,
0x2a027c8b915c3737942f512fc5d26fd15752d0332353b3059de771a35a606c2d,eth,eth,True,balancer-exp,Balancer Exp,Flash Loan Attack,https://github.com/SunWeb3Sec/DeFiHackLabs/blob/main/src/test/2023-08/Balancer_exp.sol,source_poc_tx_candidate_pending_rpc,staged_not_merged,
0x2abf871eb91d03bc8145bf2a415e79132a103ae9f2b5bbf18b8342ea9207ccd7,eth,eth,True,readme,Readme,Reentrancy,https://github.com/SunWeb3Sec/DeFiHackLabs/blob/main/past/2023/README.md,source_poc_tx_candidate_pending_rpc,staged_not_merged,
0x2b6d0af0dc513a15e325703405739057f9de6ef3f99934b957653b8a3fade4c6,eth,eth,True,burntbubba-exp,Burntbubba Exp,Flash Loan Attack,https://github.com/SunWeb3Sec/DeFiHackLabs/blob/main/src/test/2023-11/Burntbubba_exp.sol,source_poc_tx_candidate_pending_rpc,staged_not_merged,
0x2bbf681cc4eb09218bee85ea2a5d3d13fa40fc0c0000000000000000000000fd,eth,eth,True,balancer-exp,Balancer Exp,Flash Loan Attack,https://github.com/SunWeb3Sec/DeFiHackLabs/blob/main/src/test/2023-08/Balancer_exp.sol,source_poc_tx_candidate_pending_rpc,staged_not_merged,
0x2c1a19982aa88bee8a5d9a5dfeb406f2bfe1cfc1213f20e91d91ce3b55c86cc5,eth,eth,True,peapodsfinance-exp,Peapodsfinance Exp,Price Manipulation,https://github.com/SunWeb3Sec/DeFiHackLabs/blob/main/src/test/2025-02/PeapodsFinance_exp.sol,source_poc_tx_candidate_pending_rpc,staged_not_merged,
0x2c9f87e285026601a2c8903cf5f10e5b3655fbd0264490c41514ce073c42a9c3,eth,eth,True,mimspell-exp,Mimspell Exp,Unknown,https://github.com/SunWeb3Sec/DeFiHackLabs/blob/main/src/test/2023-06/MIMSpell_exp.sol,source_poc_tx_candidate_pending_rpc,staged_not_merged,
0x2e7d7e7a6eb157b98974c8687fbd848d0158d37edc1302ea08ee5ddb376befea,eth,eth,True,readme,Readme,Reentrancy,https://github.com/SunWeb3Sec/DeFiHackLabs/blob/main/past/2022/README.md,source_poc_tx_candidate_pending_rpc,staged_not_merged,
0x2e7dc8b2fb7e25fd00ed9565dcc0ad4546363171d5e00f196d48103983ae477c,eth,eth,True,curve-exp02,Curve Exp02,Reentrancy,https://github.com/SunWeb3Sec/DeFiHackLabs/blob/main/src/test/2023-07/Curve_exp02.sol,source_poc_tx_candidate_pending_rpc,staged_not_merged,
0x2e832f044b4a0a0b8d38166fe4d781ab330b05b9efa9e72a7a0895f1b984084b,eth,eth,True,shoco-exp,Shoco Exp,Unknown,https://github.com/SunWeb3Sec/DeFiHackLabs/blob/main/src/test/2023-01/SHOCO_exp.sol,source_poc_tx_candidate_pending_rpc,staged_not_merged,
0x2e9eb0ce3606eb48000000000000000000000000000000000000000000000000,eth,eth,True,meva47b-exp,Meva47B Exp,Flash Loan Attack,https://github.com/SunWeb3Sec/DeFiHackLabs/blob/main/src/test/2022-10/MEVa47b_exp.sol,source_poc_tx_candidate_pending_rpc,staged_not_merged,
0x2f328016764ecf1f57fda0f5490087a5ddba83706b51cf518bdbd7e65ae2383b,eth,eth,True,pineprotocol-exp,Pineprotocol Exp,Flash Loan Attack,https://github.com/SunWeb3Sec/DeFiHackLabs/blob/main/src/test/2023-12/PineProtocol_exp.sol,source_poc_tx_candidate_pending_rpc,staged_not_merged,
0x2fc9f2fd393db2273abb9b0451f9a4830aa2ebd5490d453f1a06a8e9e5edc4f9,eth,eth,True,cow-exp,Cow Exp,Unknown,https://github.com/SunWeb3Sec/DeFiHackLabs/blob/main/src/test/2024-11/CoW_exp.sol,source_poc_tx_candidate_pending_rpc,staged_not_merged,
0x30644e72e131a029b85045b68181585d2833e84879b9709143e1f593f0000001,eth,eth,True,0x0dex-exp,0X0Dex Exp,Flash Loan Attack,https://github.com/SunWeb3Sec/DeFiHackLabs/blob/main/src/test/2023-09/0x0DEX_exp.sol,source_poc_tx_candidate_pending_rpc,staged_not_merged,
0x3078000000000000000000000000000000000000000000000000000000000000,eth,eth,True,num-exp,Num Exp,Unknown,https://github.com/SunWeb3Sec/DeFiHackLabs/blob/main/src/test/2022-11/NUM_exp.sol,source_poc_tx_candidate_pending_rpc,staged_not_merged,
0x313d23bdd9277717e3088f32c976479c09d4b8a94d5d94deb835d157fd0850ce,eth,eth,True,mevbot-0x28d9-exp,Mevbot 0X28D9 Exp,Flash Loan Attack,https://github.com/SunWeb3Sec/DeFiHackLabs/blob/main/src/test/2022-12/MEVbot_0x28d9_exp.sol,source_poc_tx_candidate_pending_rpc,staged_not_merged,
0x3184ac964636725c9c94d3767739fd89fc58da189ef8579409052b860e00b28f,eth,eth,True,laundromat-exp,Laundromat Exp,Unknown,https://github.com/SunWeb3Sec/DeFiHackLabs/blob/main/src/test/2025-04/Laundromat_exp.sol,source_poc_tx_candidate_pending_rpc,staged_not_merged,
0x322592750691798488006a26aa042b55ab9d7637f9b0adc42089a4c480e51870,eth,eth,True,rabbywallet-swaprouter-exp,Rabbywallet Swaprouter Exp,Unknown,https://github.com/SunWeb3Sec/DeFiHackLabs/blob/main/src/test/2022-10/RabbyWallet_SwapRouter_exp.sol,source_poc_tx_candidate_pending_rpc,staged_not_merged,
0x325999373f1aae98db2d89662ff1afbe0c842736f7564d16a7b52bf5c777d3a4,eth,eth,True,readme,Readme,Reentrancy,https://github.com/SunWeb3Sec/DeFiHackLabs/blob/main/past/2023/README.md,source_poc_tx_candidate_pending_rpc,staged_not_merged,
0x32c83905db61047834f29385ff8ce8cb6f3d24f97e24e6101d8301619efee96e,eth,eth,True,uniswap-erc777,Uniswap Erc777,Unknown,https://github.com/SunWeb3Sec/DeFiHackLabs/blob/main/src/test/2020-04/uniswap-erc777.sol,source_poc_tx_candidate_pending_rpc,staged_not_merged,
0x33479bcfbc792aa0f8103ab0d7a3784788b5b0e1467c81ffbed1b7682660b4fa,eth,eth,True,readme,Readme,Reentrancy,https://github.com/SunWeb3Sec/DeFiHackLabs/blob/main/past/2022/README.md,source_poc_tx_candidate_pending_rpc,staged_not_merged,
0x33b2cb5bc3c0ccb97f0cc21e231ecb6457df242710dfce8d1b68935f0e05773b,eth,eth,True,coinbase-exp,Coinbase Exp,Unknown,https://github.com/SunWeb3Sec/DeFiHackLabs/blob/main/src/test/2025-08/coinbase_exp.sol,source_poc_tx_candidate_pending_rpc,staged_not_merged,
0x33f6adf410bbd0ae08b0cd44410de1e5b28e516434567113982fcac36ed9e1a4,eth,eth,True,maestrorouter2-exp,Maestrorouter2 Exp,Unknown,https://github.com/SunWeb3Sec/DeFiHackLabs/blob/main/src/test/2023-10/MaestroRouter2_exp.sol,source_poc_tx_candidate_pending_rpc,staged_not_merged,
0x33f79225929030e6369f0fbf5500142b8a4e10370e35f701a0e5c4d324f098d6,eth,eth,True,laundromat-exp,Laundromat Exp,Unknown,https://github.com/SunWeb3Sec/DeFiHackLabs/blob/main/src/test/2025-04/Laundromat_exp.sol,source_poc_tx_candidate_pending_rpc,staged_not_merged,
0x341d0ad6bccd30ed1d09d1b778a4f91738d5105f3986c7e6de9f9df847c90c93,eth,eth,True,azukidao-exp,Azukidao Exp,Unknown,https://github.com/SunWeb3Sec/DeFiHackLabs/blob/main/src/test/2023-07/AzukiDAO_exp.sol,source_poc_tx_candidate_pending_rpc,staged_not_merged,
0x34516ee081c221d8576939f68aee71e002dd5557180d45194209d6692241f7b1,eth,eth,True,readme,Readme,Reentrancy,https://github.com/SunWeb3Sec/DeFiHackLabs/blob/main/past/2022/README.md,source_poc_tx_candidate_pending_rpc,staged_not_merged,
0x35a73969f582872c25c96c48d8bb31c23eab8a49c19282c67509b96186734e60,eth,eth,True,paraswap-exp,Paraswap Exp,Unknown,https://github.com/SunWeb3Sec/DeFiHackLabs/blob/main/src/test/2024-03/Paraswap_exp.sol,source_poc_tx_candidate_pending_rpc,staged_not_merged,
0x35ecf595864400696853c53edf3e3d60096639b6071cadea6076c9c6ceb921c1,eth,eth,True,readme,Readme,Reentrancy,https://github.com/SunWeb3Sec/DeFiHackLabs/blob/main/past/2022/README.md,source_poc_tx_candidate_pending_rpc,staged_not_merged,
0x35f8d2f572fceaac9288e5d462117850ef2694786992a8c3f6d02612277b0877,eth,eth,True,readme,Readme,Reentrancy,https://github.com/SunWeb3Sec/DeFiHackLabs/blob/main/past/2021/README.md,source_poc_tx_candidate_pending_rpc,staged_not_merged,
0x360894a13ba1a3210667c828492db98dca3e2076cc3735a920a3ca505d382bbc,eth,eth,True,cexiswap-exp,Cexiswap Exp,Delegatecall Abuse,https://github.com/SunWeb3Sec/DeFiHackLabs/blob/main/src/test/2023-09/CEXISWAP_exp.sol,source_poc_tx_candidate_pending_rpc,staged_not_merged,
0x366df0c20e00666749b16ae00475b3c41834dc659ebb29e059aa9bffa892c038,eth,eth,True,rabbywallet-swaprouter-exp,Rabbywallet Swaprouter Exp,Unknown,https://github.com/SunWeb3Sec/DeFiHackLabs/blob/main/src/test/2022-10/RabbyWallet_SwapRouter_exp.sol,source_poc_tx_candidate_pending_rpc,staged_not_merged,
0x37acd17a80a5f95728459bfea85cb2e1f64b4c75cf4a4c8dcb61964e26860882,eth,eth,True,conic02-exp,Conic02 Exp,Flash Loan Attack,https://github.com/SunWeb3Sec/DeFiHackLabs/blob/main/src/test/2023-07/Conic02_exp.sol,source_poc_tx_candidate_pending_rpc,staged_not_merged,
0x37cb8626e45f0749296ef080acb218e5ccc7efb2ae4d39c952566dc378ca1c4c,eth,eth,True,qtn-exp,Qtn Exp,Unknown,https://github.com/SunWeb3Sec/DeFiHackLabs/blob/main/src/test/2023-01/QTN_exp.sol,source_poc_tx_candidate_pending_rpc,staged_not_merged,
0x37da521031f0a65dd8466d4def41c44a69796f696965c42f9705447286c0ac9a,eth,eth,True,orbitchain-exp,Orbitchain Exp,Bridge Exploit,https://github.com/SunWeb3Sec/DeFiHackLabs/blob/main/src/test/2024-01/OrbitChain_exp.sol,source_poc_tx_candidate_pending_rpc,staged_not_merged,
0x39328ea4377a8887d3f6ce91b2f4c6b19a851e2fc5163e2f83bbc2fc136d0c71,eth,eth,True,shezmu-exp,Shezmu Exp,Access Control,https://github.com/SunWeb3Sec/DeFiHackLabs/blob/main/src/test/2024-09/Shezmu_exp.sol,source_poc_tx_candidate_pending_rpc,staged_not_merged,
0x395675b56370a9f5fe8b32badfa80043f5291443bd6c8273900476880fb5221e,eth,eth,True,readme,Readme,Reentrancy,https://github.com/SunWeb3Sec/DeFiHackLabs/blob/main/past/2021/README.md,source_poc_tx_candidate_pending_rpc,staged_not_merged,
0x3b19e152943f31fe0830b67315ddc89be9a066dc89174256e17bc8c2d35b5af8,eth,eth,True,readme,Readme,Reentrancy,https://github.com/SunWeb3Sec/DeFiHackLabs/blob/main/past/2023/README.md,source_poc_tx_candidate_pending_rpc,staged_not_merged,
0x3b7169e2ee2b73dcfbabae1400b811b95616cb5dc547b8b7b7c6aeb37b5b906b,eth,eth,True,orbitchain-exp,Orbitchain Exp,Bridge Exploit,https://github.com/SunWeb3Sec/DeFiHackLabs/blob/main/src/test/2024-01/OrbitChain_exp.sol,source_poc_tx_candidate_pending_rpc,staged_not_merged,
0x3bba4fb6de00dd38df3ad68e51c19fe575a95a296e0632028f101c5199b6f714,eth,eth,True,burner-exp,Burner Exp,Flash Loan Attack,https://github.com/SunWeb3Sec/DeFiHackLabs/blob/main/src/test/2024-05/Burner_exp.sol,source_poc_tx_candidate_pending_rpc,staged_not_merged,
0x3c09c6306b67737227edc24c663462d870e7c2bf39e9ab66877a980c900dd5d5,eth,eth,True,audius-exp,Audius Exp,Governance Attack,https://github.com/SunWeb3Sec/DeFiHackLabs/blob/main/src/test/2022-07/Audius_exp.sol,source_poc_tx_candidate_pending_rpc,staged_not_merged,
0x3d163bfbec5686d428a6d43e45e2626a220cc4fcfac7620c620b82c1f2537c78,eth,eth,True,kashi-exp,Kashi Exp,Flash Loan Attack,https://github.com/SunWeb3Sec/DeFiHackLabs/blob/main/src/test/2022-11/Kashi_exp.sol,source_poc_tx_candidate_pending_rpc,staged_not_merged,
0x3d5b4a0d560e8dd750239b578e2b85921b523835b644714dc239a2db70cf067c,eth,eth,True,pestotoken-exp,Pestotoken Exp,Unknown,https://github.com/SunWeb3Sec/DeFiHackLabs/blob/main/src/test/2024-09/PestoToken_exp.sol,source_poc_tx_candidate_pending_rpc,staged_not_merged,
0x3d602d80600a3d3981f3363d3d373d3d3d363d73000000000000000000000000,eth,eth,True,exactly-exp,Exactly Exp,Price Manipulation,https://github.com/SunWeb3Sec/DeFiHackLabs/blob/main/src/test/2023-08/Exactly_exp.sol,source_poc_tx_candidate_pending_rpc,staged_not_merged,
0x3d6367de5c191204b44b8a5cf975f257472087a9aadc59b5d744ffdef33a520e,eth,eth,True,exactly-exp,Exactly Exp,Price Manipulation,https://github.com/SunWeb3Sec/DeFiHackLabs/blob/main/src/test/2023-08/Exactly_exp.sol,source_poc_tx_candidate_pending_rpc,staged_not_merged,
0x3e9bcee951cdad84805e0c82d2a1e982e71f2ec301a1cbd344c832e0acaee813,eth,eth,True,grok-exp,Grok Exp,Price Manipulation,https://github.com/SunWeb3Sec/DeFiHackLabs/blob/main/src/test/2023-11/grok_exp.sol,source_poc_tx_candidate_pending_rpc,staged_not_merged,
0x3ed75df83d907412af874b7998d911fdf990704da87c2b1a8cf95ca5d21504cf,eth,eth,True,olympusdao-exp,Olympusdao Exp,Unknown,https://github.com/SunWeb3Sec/DeFiHackLabs/blob/main/src/test/2022-10/OlympusDao_exp.sol,source_poc_tx_candidate_pending_rpc,staged_not_merged,
0x3ef06a27b3565a82b6d72af184ca3d787e3dd8fc0bd56bb0e7dce2faf920257d,eth,eth,True,orbitchain-exp,Orbitchain Exp,Bridge Exploit,https://github.com/SunWeb3Sec/DeFiHackLabs/blob/main/src/test/2024-01/OrbitChain_exp.sol,source_poc_tx_candidate_pending_rpc,staged_not_merged,
0x3f0dc68dc89fce3250b9d2de2611384b8af258e83f7a711f666917c5590d13d2,eth,eth,True,unverified-5697-exp,Unverified 5697 Exp,Unknown,https://github.com/SunWeb3Sec/DeFiHackLabs/blob/main/src/test/2024-09/unverified_5697_exp.sol,source_poc_tx_candidate_pending_rpc,staged_not_merged,
0x3fe3a1883f0ae263a260f7d3e9b462468f4f83c2c88bb89d1dee5d7d24262b51,eth,eth,True,readme,Readme,Reentrancy,https://github.com/SunWeb3Sec/DeFiHackLabs/blob/main/past/2023/README.md,source_poc_tx_candidate_pending_rpc,staged_not_merged,
0x4019890fe5a5bd527cd3b9f7ee6d94e55b331709b703317860d028745e33a8ca,eth,eth,True,bbt-exp,Bbt Exp,Precision Loss,https://github.com/SunWeb3Sec/DeFiHackLabs/blob/main/src/test/2024-03/BBT_exp.sol,source_poc_tx_candidate_pending_rpc,staged_not_merged,
0x41973cd900000000000000000000000000000000000000000000000000000000,eth,eth,True,polynetwork-exp,Polynetwork Exp,Unknown,https://github.com/SunWeb3Sec/DeFiHackLabs/blob/main/src/test/2021-08/PolyNetwork_exp.sol,source_poc_tx_candidate_pending_rpc,staged_not_merged,
0x4227bca8ed4b8915c7eec0e14ad3748a88c4371d4176e716e8007249b9980dc9,eth,eth,True,audius-exp,Audius Exp,Governance Attack,https://github.com/SunWeb3Sec/DeFiHackLabs/blob/main/src/test/2022-07/Audius_exp.sol,source_poc_tx_candidate_pending_rpc,staged_not_merged,
0x422e7b0a449deba30bfe922b5c34282efbdbf860205ff04b14fd8129c5b91433,eth,eth,True,xcarnival-exp,Xcarnival Exp,Unknown,https://github.com/SunWeb3Sec/DeFiHackLabs/blob/main/src/test/2022-06/XCarnival_exp.sol,source_poc_tx_candidate_pending_rpc,staged_not_merged,
0x42408274449fd7829d7fb6abe2e89a618a853acf68d1553b2f6b8b671ac443fd,eth,eth,True,sonne-exp,Sonne Exp,Flash Loan Attack,https://github.com/SunWeb3Sec/DeFiHackLabs/blob/main/src/test/2024-05/Sonne_exp.sol,source_poc_tx_candidate_pending_rpc,staged_not_merged,
0x42b2ec27c732100dd9037c76da415e10329ea41598de453bb0c0c9ea7ce0d8e5,eth,eth,True,penpiexyzio-exp,Penpiexyzio Exp,Flash Loan Attack,https://github.com/SunWeb3Sec/DeFiHackLabs/blob/main/src/test/2024-09/Penpiexyzio_exp.sol,source_poc_tx_candidate_pending_rpc,staged_not_merged,
0x439148f0bbc682ca079e46d6e2c2f0c1e3b820f1a291b069d8882abf8cf18dd9,eth,eth,True,circle-exp1,Circle Exp1,Flash Loan Attack,https://github.com/SunWeb3Sec/DeFiHackLabs/blob/main/src/test/2022-08/Circle_exp1.sol,source_poc_tx_candidate_pending_rpc,staged_not_merged,
0x43cd2551585bcf96b2bc6ba97afcc2e0f3405b78c420a03b3d7a0f7fab5de249,eth,eth,True,bybit-exp,Bybit Exp,Price Manipulation,https://github.com/SunWeb3Sec/DeFiHackLabs/blob/main/src/test/2025-02/Bybit_exp.sol,source_poc_tx_candidate_pending_rpc,staged_not_merged,
0x44037ffc0993327176975e08789b71c1058318f48ddeff25890a577d6555b6ba,eth,eth,True,unilend-exp,Unilend Exp,Flash Loan Attack,https://github.com/SunWeb3Sec/DeFiHackLabs/blob/main/src/test/2025-01/Unilend_exp.sol,source_poc_tx_candidate_pending_rpc,staged_not_merged,
0x444854ee7e7570f146b64aa8a557ede82f326232e793873f0bbd04275fa7e54c,eth,eth,True,hegicoptions-exp,Hegicoptions Exp,Unknown,https://github.com/SunWeb3Sec/DeFiHackLabs/blob/main/src/test/2025-02/HegicOptions_exp.sol,source_poc_tx_candidate_pending_rpc,staged_not_merged,
0x44aad3b853866468161735496a5d9cc961ce5aa872924c5d78673076b1cd95aa,eth,eth,True,indexedfinance-exp,Indexedfinance Exp,Price Manipulation,https://github.com/SunWeb3Sec/DeFiHackLabs/blob/main/src/test/2021-10/IndexedFinance_exp.sol,source_poc_tx_candidate_pending_rpc,staged_not_merged,
0x45c0ccfd3ca1b4a937feebcb0f5a166c409c9e403070808835d41da40732db96,eth,eth,True,sonne-exp,Sonne Exp,Flash Loan Attack,https://github.com/SunWeb3Sec/DeFiHackLabs/blob/main/src/test/2024-05/Sonne_exp.sol,source_poc_tx_candidate_pending_rpc,staged_not_merged,
0x45ce017f5a295f387eafb596b4bcb1192dd1c302ccb9d097d7fa2cdf3008b139,eth,eth,True,iunmi-db27-exp,Iunmi Db27 Exp,Price Manipulation,https://github.com/SunWeb3Sec/DeFiHackLabs/blob/main/src/test/IUNMI_db27_exp.sol,source_poc_tx_candidate_pending_rpc,staged_not_merged,
0x4643b63dcbfc385b8ab8c86cbc46da18c2e43d277de3e5bc3b4516d3c0fdeb9f,eth,eth,True,bancor-exp,Bancor Exp,Access Control,https://github.com/SunWeb3Sec/DeFiHackLabs/blob/main/src/test/2020-06/Bancor_exp.sol,source_poc_tx_candidate_pending_rpc,staged_not_merged,
0x46567c731c4f4f7e27c4ce591f0aebdeb2d9ae1038237a0134de7b13e63d8729,eth,eth,True,onyxdao-exp,Onyxdao Exp,Flash Loan Attack,https://github.com/SunWeb3Sec/DeFiHackLabs/blob/main/src/test/2024-09/OnyxDAO_exp.sol,source_poc_tx_candidate_pending_rpc,staged_not_merged,
0x46deef0f52e3a983b67abf4714448a41dd7ffd6d32d32da69d62081c68ad7882,eth,eth,True,bybit-exp,Bybit Exp,Price Manipulation,https://github.com/SunWeb3Sec/DeFiHackLabs/blob/main/src/test/2025-02/Bybit_exp.sol,source_poc_tx_candidate_pending_rpc,staged_not_merged,
0x476d385370ae53ff1c1003ab3ce694f2c75ebe40422b0ba11def4846668bc84c,eth,eth,True,sonne-exp,Sonne Exp,Flash Loan Attack,https://github.com/SunWeb3Sec/DeFiHackLabs/blob/main/src/test/2024-05/Sonne_exp.sol,source_poc_tx_candidate_pending_rpc,staged_not_merged,
0x4798ce5b00000000000000000000000000000000000000000000000000000000,eth,eth,True,mevbadc0de-exp,Mevbadc0De Exp,MEV/Sandwich,https://github.com/SunWeb3Sec/DeFiHackLabs/blob/main/src/test/2022-09/MEVbadc0de_exp.sol,source_poc_tx_candidate_pending_rpc,staged_not_merged,
0x47f7cff7a5e671884629c93b368cb18f58a993f4b19c2a53a8662e3f1482f690,eth,eth,True,readme,Readme,Reentrancy,https://github.com/SunWeb3Sec/DeFiHackLabs/blob/main/past/2021/README.md,source_poc_tx_candidate_pending_rpc,staged_not_merged,
0x4800928c95db2fc877f8ba3e5a41e208231dc97812b0174e75e26cca38af5039,eth,eth,True,fortressloans-exp,Fortressloans Exp,Oracle Manipulation,https://github.com/SunWeb3Sec/DeFiHackLabs/blob/main/src/test/2022-05/FortressLoans_exp.sol,source_poc_tx_candidate_pending_rpc,staged_not_merged,
0x481823978ae08ec5f1793cd753c16f7887b56ae123dca7a4e799ffa6cd432a1e,eth,eth,True,bybit-exp,Bybit Exp,Price Manipulation,https://github.com/SunWeb3Sec/DeFiHackLabs/blob/main/src/test/2025-02/Bybit_exp.sol,source_poc_tx_candidate_pending_rpc,staged_not_merged,
0x485e08dc2b6a4b3aeadcb89c3d18a37666dc7d9424961a2091d6b3696792f0f3,eth,eth,True,kyberswap-exp-eth-1,Kyberswap Exp Eth 1,Flash Loan Attack,https://github.com/SunWeb3Sec/DeFiHackLabs/blob/main/src/test/2023-11/KyberSwap_exp.eth.1.sol,source_poc_tx_candidate_pending_rpc,staged_not_merged,
0x4903b0d10105ff0000000005bebc44782c7db0a1a60cb6fe97d0b483032ff1c7,eth,eth,True,makina-exp,Makina Exp,Flash Loan Attack,https://github.com/SunWeb3Sec/DeFiHackLabs/blob/main/src/test/2026-01/makina_exp.sol,source_poc_tx_candidate_pending_rpc,staged_not_merged,
0x4903b0d10106ff0000000006bebc44782c7db0a1a60cb6fe97d0b483032ff1c7,eth,eth,True,makina-exp,Makina Exp,Flash Loan Attack,https://github.com/SunWeb3Sec/DeFiHackLabs/blob/main/src/test/2026-01/makina_exp.sol,source_poc_tx_candidate_pending_rpc,staged_not_merged,
0x4903b0d10107ff0000000007bebc44782c7db0a1a60cb6fe97d0b483032ff1c7,eth,eth,True,makina-exp,Makina Exp,Flash Loan Attack,https://github.com/SunWeb3Sec/DeFiHackLabs/blob/main/src/test/2026-01/makina_exp.sol,source_poc_tx_candidate_pending_rpc,staged_not_merged,
0x491cf8b2a5753fdbf3096b42e0a16bc109b957dc112d6537b1ed306e483d0744,eth,eth,True,spectra-finance-exp,Spectra Finance Exp,Unknown,https://github.com/SunWeb3Sec/DeFiHackLabs/blob/main/src/test/2024-07/Spectra_finance_exp.sol,source_poc_tx_candidate_pending_rpc,staged_not_merged,
0x4ab68b21799828a57ea99c1288036889b39bf85785240576e697ebff524b3930,eth,eth,True,pseudoeth-exp,Pseudoeth Exp,Flash Loan Attack,https://github.com/SunWeb3Sec/DeFiHackLabs/blob/main/src/test/2023-10/pSeudoEth_exp.sol,source_poc_tx_candidate_pending_rpc,staged_not_merged,
0x4b3df6e9c68ae482c71a02832f7f599ff58ff877ec05fed0abd95b31d2d7d912,eth,eth,True,readme,Readme,Reentrancy,https://github.com/SunWeb3Sec/DeFiHackLabs/blob/main/past/2023/README.md,source_poc_tx_candidate_pending_rpc,staged_not_merged,
0x4b4143cbe7f5475029cf23d6dcbb56856366d91794426f2e33819b9b1aac4e96,eth,eth,True,readme,Readme,Reentrancy,https://github.com/SunWeb3Sec/DeFiHackLabs/blob/main/past/2022/README.md,source_poc_tx_candidate_pending_rpc,staged_not_merged,
0x4bb10927ea7afc2336033574b74ebd6f73ef35ac0db1bb96229627c9d77555a0,eth,eth,True,readme,Readme,Reentrancy,https://github.com/SunWeb3Sec/DeFiHackLabs/blob/main/past/2021/README.md,source_poc_tx_candidate_pending_rpc,staged_not_merged,
0x4c684fb2618c29743531dec9253ede1b757bda0b323dc2f305e3b50ab1773da7,eth,eth,True,metalend-exp,Metalend Exp,Flash Loan Attack,https://github.com/SunWeb3Sec/DeFiHackLabs/blob/main/src/test/2023-11/MetaLend_exp.sol,source_poc_tx_candidate_pending_rpc,staged_not_merged,
0x4f2005e3815c15d1a9abd8588dd1464769a00414a6b7adcbfd75a5331d378e1d,eth,eth,True,readme,Readme,Reentrancy,https://github.com/SunWeb3Sec/DeFiHackLabs/blob/main/past/2022/README.md,source_poc_tx_candidate_pending_rpc,staged_not_merged,
0x4f4d6909a442b4d86f79a9044dcada6a128ddd9f62c26f410134a72d2fc31389,eth,eth,True,maestrorouter2-exp,Maestrorouter2 Exp,Unknown,https://github.com/SunWeb3Sec/DeFiHackLabs/blob/main/src/test/2023-10/MaestroRouter2_exp.sol,source_poc_tx_candidate_pending_rpc,staged_not_merged,
0x4ff4028b03c3df468197358b99f5160e5709e7fce3884cc8ce818856d058e106,eth,eth,True,cgt-exp,Cgt Exp,Bridge Exploit,https://github.com/SunWeb3Sec/DeFiHackLabs/blob/main/src/test/2024-03/CGT_exp.sol,source_poc_tx_candidate_pending_rpc,staged_not_merged,
0x50946e3e4ccb7d39f3512b7ecb75df66e6868b9af0eee8a7e4b61ef8a459518e,eth,eth,True,readme,Readme,Reentrancy,https://github.com/SunWeb3Sec/DeFiHackLabs/blob/main/past/2022/README.md,source_poc_tx_candidate_pending_rpc,staged_not_merged,
0x51185fb580892706500d3b6eebb8698c27d900618021fb9b1797f4a774fffb04,eth,eth,True,teamfinance-exp,Teamfinance Exp,Price Manipulation,https://github.com/SunWeb3Sec/DeFiHackLabs/blob/main/src/test/2022-10/TeamFinance_exp.sol,source_poc_tx_candidate_pending_rpc,staged_not_merged,
0x51ce3d9cfc85c1f6a532b908bb2debb16c7569eb8b76effe614016aac6635f65,eth,eth,True,hypr-exp,Hypr Exp,MEV/Sandwich,https://github.com/SunWeb3Sec/DeFiHackLabs/blob/main/src/test/2023-12/HYPR_exp.sol,source_poc_tx_candidate_pending_rpc,staged_not_merged,
0x53334c36502bd022bd332f2aa493862fd8f722138d1989132a46efddcc6b04d4,eth,eth,True,mevbot-0xdd7c-exp,Mevbot 0Xdd7C Exp,Flash Loan Attack,https://github.com/SunWeb3Sec/DeFiHackLabs/blob/main/src/test/2024-07/MEVbot_0xdd7c_exp.sol,source_poc_tx_candidate_pending_rpc,staged_not_merged,
0x534b84f657883ddc1b66a314e8b392feb35024afdec61dfe8e7c510cfac1a098,eth,eth,True,readme,Readme,Reentrancy,https://github.com/SunWeb3Sec/DeFiHackLabs/blob/main/past/2022/README.md,source_poc_tx_candidate_pending_rpc,staged_not_merged,
0x53835af1b7df33435188d2380328b81c0e8a22b01353c76e3dac352275895b45,eth,eth,True,rabbywallet-swaprouter-exp,Rabbywallet Swaprouter Exp,Unknown,https://github.com/SunWeb3Sec/DeFiHackLabs/blob/main/src/test/2022-10/RabbyWallet_SwapRouter_exp.sol,source_poc_tx_candidate_pending_rpc,staged_not_merged,
0x53eeab4447db331dbb47f93fd58a95d6faa230d559acde0687f8b5f5829e7a45,eth,eth,True,mev-0xa247-exp,Mev 0Xa247 Exp,MEV/Sandwich,https://github.com/SunWeb3Sec/DeFiHackLabs/blob/main/src/test/2023-11/MEV_0xa247_exp.sol,source_poc_tx_candidate_pending_rpc,staged_not_merged,
0x53fc1ed6fc846bb1bb169b59c0f09b68c5489f92a52de825288380980c45ca8a,eth,eth,True,laundromat-exp,Laundromat Exp,Unknown,https://github.com/SunWeb3Sec/DeFiHackLabs/blob/main/src/test/2025-04/Laundromat_exp.sol,source_poc_tx_candidate_pending_rpc,staged_not_merged,
0x53fd92771d2084a9bf39a6477015ef53b7f116c79d98a21be723d06d79024cad,eth,eth,True,readme,Readme,Reentrancy,https://github.com/SunWeb3Sec/DeFiHackLabs/blob/main/academy/onchain_debug/07_Analysis_nomad_bridge/readme.md,source_poc_tx_candidate_pending_rpc,staged_not_merged,
0x53fe7ef190c34d810c50fb66f0fc65a1ceedc10309cf4b4013d64042a0331156,eth,eth,True,yeth-exp,Yeth Exp,Flash Loan Attack,https://github.com/SunWeb3Sec/DeFiHackLabs/blob/main/src/test/2025-12/yETH_exp.sol,source_poc_tx_candidate_pending_rpc,staged_not_merged,
0x5443cf63033ab211f205076622b2426b994ce3706c1ee2464a68ef168c7639bb,eth,eth,True,orbitchain-exp,Orbitchain Exp,Bridge Exploit,https://github.com/SunWeb3Sec/DeFiHackLabs/blob/main/src/test/2024-01/OrbitChain_exp.sol,source_poc_tx_candidate_pending_rpc,staged_not_merged,
0x544e5849b71b98393f41d641683586d0b519c46a2eeac9bcb351917f40258a85,eth,eth,True,readme,Readme,Reentrancy,https://github.com/SunWeb3Sec/DeFiHackLabs/blob/main/past/2022/README.md,source_poc_tx_candidate_pending_rpc,staged_not_merged,
0x54f659773dae6e01f83184d4b6d717c7f1bb71c0aa59e8c8f4a57c25271424b3,eth,eth,True,yodlrouter-exp,Yodlrouter Exp,Unknown,https://github.com/SunWeb3Sec/DeFiHackLabs/blob/main/src/test/2024-08/YodlRouter_exp.sol,source_poc_tx_candidate_pending_rpc,staged_not_merged,
0x554e495632444149555344432d41000000000000000000000000000000000000,eth,eth,True,circle-exp1,Circle Exp1,Flash Loan Attack,https://github.com/SunWeb3Sec/DeFiHackLabs/blob/main/src/test/2022-08/Circle_exp1.sol,source_poc_tx_candidate_pending_rpc,staged_not_merged,
0x569733b8016ef9418f0b6bde8c14224d9e759e79301499908ecbcd956a0651f5,eth,eth,True,makina-exp,Makina Exp,Flash Loan Attack,https://github.com/SunWeb3Sec/DeFiHackLabs/blob/main/src/test/2026-01/makina_exp.sol,source_poc_tx_candidate_pending_rpc,staged_not_merged,
0x56de6c4bd906ee0c067a332e64966db8b1e866c7965c044163a503de6ee6552a,eth,eth,True,readme,Readme,Reentrancy,https://github.com/SunWeb3Sec/DeFiHackLabs/blob/main/past/2021/README.md,source_poc_tx_candidate_pending_rpc,staged_not_merged,
0x578a195e05f04b19fd8af6358dc6407aa1add87c3167f053beb990d6b4735f26,eth,eth,True,erc20tokenbank-exp,Erc20Tokenbank Exp,Unknown,https://github.com/SunWeb3Sec/DeFiHackLabs/blob/main/src/test/2023-05/ERC20TokenBank_exp.sol,source_poc_tx_candidate_pending_rpc,staged_not_merged,
0x57aa9c85e03eb25ac5d94f15f22b3ba3ab2ef60b603b97ae76f855072ea9e3a0,eth,eth,True,readme,Readme,Reentrancy,https://github.com/SunWeb3Sec/DeFiHackLabs/blob/main/past/2022/README.md,source_poc_tx_candidate_pending_rpc,staged_not_merged,
0x57ee419a001d85085478d04dd2a73daa91175b1d7c11d8a8fb5622c56fd1fa69,eth,eth,True,metapool-exp,Metapool Exp,Flash Loan Attack,https://github.com/SunWeb3Sec/DeFiHackLabs/blob/main/src/test/2025-06/MetaPool_exp.sol,source_poc_tx_candidate_pending_rpc,staged_not_merged,
0x58424115c6576b19cfb78b0b7ff00e0c13daa06d259f2a67210c112731519e09,eth,eth,True,wifcoin-eth-exp,Wifcoin Eth Exp,Unknown,https://github.com/SunWeb3Sec/DeFiHackLabs/blob/main/src/test/2024-06/WIFCOIN_ETH_exp.sol,source_poc_tx_candidate_pending_rpc,staged_not_merged,
0x585d8be6a0b07ca2f94cfa1d7542f1a62b0d3af5fab7823cbcf69fb243f271f8,eth,eth,True,usualmoney-exp,Usualmoney Exp,Flash Loan Attack,https://github.com/SunWeb3Sec/DeFiHackLabs/blob/main/src/test/2025-05/UsualMoney_exp.sol,source_poc_tx_candidate_pending_rpc,staged_not_merged,
0x586a2a4368a1a45489a8a9b4273509b524b672c33e6c544d2682771b44f05e87,eth,eth,True,chisale-exp,Chisale Exp,Flash Loan Attack,https://github.com/SunWeb3Sec/DeFiHackLabs/blob/main/src/test/2024-11/ChiSale_exp.sol,source_poc_tx_candidate_pending_rpc,staged_not_merged,
0x59ddcf5ee5c687af2cbf291c3ac63bf28316a8ecbb621d9f62d07fa8a5b8ef4e,eth,eth,True,readme,Readme,Reentrancy,https://github.com/SunWeb3Sec/DeFiHackLabs/blob/main/past/2022/README.md,source_poc_tx_candidate_pending_rpc,staged_not_merged,
0x59faab5a1911618064f1ffa1e4649d85c99cfd9f0d64dcebbc1af7d7630da98b,eth,eth,True,readme,Readme,Reentrancy,https://github.com/SunWeb3Sec/DeFiHackLabs/blob/main/past/2021/README.md,source_poc_tx_candidate_pending_rpc,staged_not_merged,
0x5a03b9c03eedcb9ec6e70c6841eaa4976a732d050a6218969e39483bb3004d5d,eth,eth,True,readme,Readme,Reentrancy,https://github.com/SunWeb3Sec/DeFiHackLabs/blob/main/past/2021/README.md,source_poc_tx_candidate_pending_rpc,staged_not_merged,
0x5a504fe72ef7fc76dfeb4d979e533af4e23fe37e90b5516186d5787893c37991,eth,eth,True,readme,Readme,Reentrancy,https://github.com/SunWeb3Sec/DeFiHackLabs/blob/main/past/2021/README.md,source_poc_tx_candidate_pending_rpc,staged_not_merged,
0x5a63da39b5b83fccdd825fed0226f330f802e995b8e49e19fbdd246876c67e1f,eth,eth,True,ruggedart-exp,Ruggedart Exp,Price Manipulation,https://github.com/SunWeb3Sec/DeFiHackLabs/blob/main/src/test/2024-02/RuggedArt_exp.sol,source_poc_tx_candidate_pending_rpc,staged_not_merged,
0x5a87c24d0665c8f67958099d1ad22e39a03aa08d47d00b7276b8d42294ee0591,eth,eth,True,readme,Readme,Reentrancy,https://github.com/SunWeb3Sec/DeFiHackLabs/blob/main/past/2022/README.md,source_poc_tx_candidate_pending_rpc,staged_not_merged,
0x5af43d82803e903d91602b57fd5bf30000000000000000000000000000000000,eth,eth,True,exactly-exp,Exactly Exp,Price Manipulation,https://github.com/SunWeb3Sec/DeFiHackLabs/blob/main/src/test/2023-08/Exactly_exp.sol,source_poc_tx_candidate_pending_rpc,staged_not_merged,
0x5bbab18059f8c3fec56a0ddcd15feddf7cda8b8007b254436956db1d9ffe72ec,eth,eth,True,rabbywallet-swaprouter-exp,Rabbywallet Swaprouter Exp,Unknown,https://github.com/SunWeb3Sec/DeFiHackLabs/blob/main/src/test/2022-10/RabbyWallet_SwapRouter_exp.sol,source_poc_tx_candidate_pending_rpc,staged_not_merged,
0x5c5688a9f981a07ed509481352f12f22a4bd7cea46a932c6d6bbe67cca3c54be,eth,eth,True,chainswap-exp1,Chainswap Exp1,Unknown,https://github.com/SunWeb3Sec/DeFiHackLabs/blob/main/src/test/2021-07/Chainswap_exp1.sol,source_poc_tx_candidate_pending_rpc,staged_not_merged,
0x5dc519726e1236eb846271f6699e03cdd1a8fd593a2900c71cd2aabbdb7c92e6,eth,eth,True,readme,Readme,Reentrancy,https://github.com/SunWeb3Sec/DeFiHackLabs/blob/main/past/2022/README.md,source_poc_tx_candidate_pending_rpc,staged_not_merged,
0x5dcd197f362a82daaf56545974db26aabfe335be4c7eef015d3d74ccea4bf511,eth,eth,True,badguysbyrpf-exp,Badguysbyrpf Exp,Inflation Attack,https://github.com/SunWeb3Sec/DeFiHackLabs/blob/main/src/test/2022-09/BadGuysbyRPF_exp.sol,source_poc_tx_candidate_pending_rpc,staged_not_merged,
0x5e151627dc06ec4f2db5be2f48248f320ad3450aba42b1bbd00131bcbaa4f0ae,eth,eth,True,vrug-exp,Vrug Exp,MEV/Sandwich,https://github.com/SunWeb3Sec/DeFiHackLabs/blob/main/src/test/2024-11/VRug_exp.sol,source_poc_tx_candidate_pending_rpc,staged_not_merged,
0x5e989304b1fb61ea0652db4d0f9476b8882f27191c1f1d2841f8977cb8c5284c,eth,eth,True,idolsnft-exp,Idolsnft Exp,Unknown,https://github.com/SunWeb3Sec/DeFiHackLabs/blob/main/src/test/2025-01/IdolsNFT_exp.sol,source_poc_tx_candidate_pending_rpc,staged_not_merged,
0x6189ad07894507d15c5dff83f547294e72f18561dc5662a8113f7eb932a5b079,eth,eth,True,jumpfarm-exp,Jumpfarm Exp,Flash Loan Attack,https://github.com/SunWeb3Sec/DeFiHackLabs/blob/main/src/test/2023-09/JumpFarm_exp.sol,source_poc_tx_candidate_pending_rpc,staged_not_merged,
0x6200bf5c43c214caa1177c3676293442059b4f39eb5dbae6cfd4e6ad16305668,eth,eth,True,tinu-exp,Tinu Exp,Flash Loan Attack,https://github.com/SunWeb3Sec/DeFiHackLabs/blob/main/src/test/2023-01/TINU_exp.sol,source_poc_tx_candidate_pending_rpc,staged_not_merged,
0x6233c9315dd3b6a6fcc7d653f4dca6c263e684a76b4ad3d93595e3b8e8714d34,eth,eth,True,azukidao-exp,Azukidao Exp,Unknown,https://github.com/SunWeb3Sec/DeFiHackLabs/blob/main/src/test/2023-07/AzukiDAO_exp.sol,source_poc_tx_candidate_pending_rpc,staged_not_merged,
0x62734ce80311e64630a009dd101a967ea0a9c012fabbfce8eac90f0f4ca090d6,eth,eth,True,oneinchfusionv1settlementhack-sol-exp,Oneinchfusionv1Settlementhack Sol Exp,Unknown,https://github.com/SunWeb3Sec/DeFiHackLabs/blob/main/src/test/2025-03/OneInchFusionV1SettlementHack.sol_exp.sol,source_poc_tx_candidate_pending_rpc,staged_not_merged,
0x62d280abc60f8b604175ab24896c989e6092e496ac01f2f5399b2a62e9feaacf,eth,eth,True,akutarnft-exp,Akutarnft Exp,Unknown,https://github.com/SunWeb3Sec/DeFiHackLabs/blob/main/src/test/2022-04/AkutarNFT_exp.sol,source_poc_tx_candidate_pending_rpc,staged_not_merged,
0x62de91e9018405ff000000046e2ed2f457c41f38556ab0c2b1185cc9e6563d8d,eth,eth,True,makina-exp,Makina Exp,Flash Loan Attack,https://github.com/SunWeb3Sec/DeFiHackLabs/blob/main/src/test/2026-01/makina_exp.sol,source_poc_tx_candidate_pending_rpc,staged_not_merged,
0x62ef4b669bbf0d728b538d790d995aeae4fda9503fdc275bda21bd07b9614fb6,eth,eth,True,bybit-exp,Bybit Exp,Price Manipulation,https://github.com/SunWeb3Sec/DeFiHackLabs/blob/main/src/test/2025-02/Bybit_exp.sol,source_poc_tx_candidate_pending_rpc,staged_not_merged,
0x636be30e58acce0629b2bf975b5c3133840cd7d41ffc3b903720c528f01c65d9,eth,eth,True,convergence-exp,Convergence Exp,Unknown,https://github.com/SunWeb3Sec/DeFiHackLabs/blob/main/src/test/2024-08/Convergence_exp.sol,source_poc_tx_candidate_pending_rpc,staged_not_merged,
0x6439d63cc57fb68a32ea8ffd8f02496e8abad67292be94904c0b47a4d14ce90d,eth,eth,True,sorrastaking,Sorrastaking,Unknown,https://github.com/SunWeb3Sec/DeFiHackLabs/blob/main/src/test/2025-01/sorraStaking.sol,source_poc_tx_candidate_pending_rpc,staged_not_merged,
0x647c6e89cd1239381dd49a43ca2f29a9fdeb6401d4e268aff1c18b86a7e932a0,eth,eth,True,fortressloans-exp,Fortressloans Exp,Oracle Manipulation,https://github.com/SunWeb3Sec/DeFiHackLabs/blob/main/src/test/2022-05/FortressLoans_exp.sol,source_poc_tx_candidate_pending_rpc,staged_not_merged,
0x651ec4246f6e842692770a6ebd63396b4d62b52a3406522a02f182b8a16ba48c,eth,eth,True,badguysbyrpf-exp,Badguysbyrpf Exp,Inflation Attack,https://github.com/SunWeb3Sec/DeFiHackLabs/blob/main/src/test/2022-09/BadGuysbyRPF_exp.sol,source_poc_tx_candidate_pending_rpc,staged_not_merged,
0x661505c39efe1174da44e0548158db95e8e71ce867d5b7190b9eabc9f314fe91,eth,eth,True,scroll-exp,Scroll Exp,Unknown,https://github.com/SunWeb3Sec/DeFiHackLabs/blob/main/src/test/2024-05/SCROLL_exp.sol,source_poc_tx_candidate_pending_rpc,staged_not_merged,
0x667cb82d993657f2779507a0262c9ed9098f5a387e8ec754b99f6e1d61d92d0b,eth,eth,True,readme,Readme,Flash Loan Attack,https://github.com/SunWeb3Sec/DeFiHackLabs/blob/main/academy/onchain_debug/02_warmup/en/readme.md,source_poc_tx_candidate_pending_rpc,staged_not_merged,
0x674f74b30a3d7bdf15fa60a7c29d96a402ea894a055f624164a8009df98386a0,eth,eth,True,mev-0ad8-exp,Mev 0Ad8 Exp,MEV/Sandwich,https://github.com/SunWeb3Sec/DeFiHackLabs/blob/main/src/test/2022-11/MEV_0ad8_exp.sol,source_poc_tx_candidate_pending_rpc,staged_not_merged,
0x67af906c1efc05067a01f197bd780ebf4e0a76729d54288a400e715f87ea50c7,eth,eth,True,readme,Readme,Reentrancy,https://github.com/SunWeb3Sec/DeFiHackLabs/blob/main/past/2023/README.md,source_poc_tx_candidate_pending_rpc,staged_not_merged,
0x67d6c554314c9b306d683afb3bc4a10e70509ceb0fdf8415a5e270a91fae52de,eth,eth,True,wiselending03-exp,Wiselending03 Exp,Price Manipulation,https://github.com/SunWeb3Sec/DeFiHackLabs/blob/main/src/test/2024-01/WiseLending03_exp.sol,source_poc_tx_candidate_pending_rpc,staged_not_merged,
0x6899b8caee16dbd75359cabcd24e32b2362c474cdf39ea810cf4386018761beb,eth,eth,True,rabbywallet-swaprouter-exp,Rabbywallet Swaprouter Exp,Unknown,https://github.com/SunWeb3Sec/DeFiHackLabs/blob/main/src/test/2022-10/RabbyWallet_SwapRouter_exp.sol,source_poc_tx_candidate_pending_rpc,staged_not_merged,
0x68cdec0ac76454c3b0f7af0b8a3895db00adf6daaf3b50a99716858c4fa54c6f,eth,eth,True,readme,Readme,Reentrancy,https://github.com/SunWeb3Sec/DeFiHackLabs/blob/main/past/2022/README.md,source_poc_tx_candidate_pending_rpc,staged_not_merged,
0x69272d8c84d67d1da2f6425b339192fa472898dce936f24818fda415c1c1ff3f,eth,eth,True,readme,Readme,Reentrancy,https://github.com/SunWeb3Sec/DeFiHackLabs/blob/main/past/2021/README.md,source_poc_tx_candidate_pending_rpc,staged_not_merged,
0x692e284a3efd148d6dd23b44055740fac7154a482fbeff7f2cc4acf4002fa62d,eth,eth,True,chainswap-exp1,Chainswap Exp1,Unknown,https://github.com/SunWeb3Sec/DeFiHackLabs/blob/main/src/test/2021-07/Chainswap_exp1.sol,source_poc_tx_candidate_pending_rpc,staged_not_merged,
0x69691b91227fa34a7a9a691d355fd6c466370928ddf3d50a347e894970f10079,eth,eth,True,badguysbyrpf-exp,Badguysbyrpf Exp,Inflation Attack,https://github.com/SunWeb3Sec/DeFiHackLabs/blob/main/src/test/2022-09/BadGuysbyRPF_exp.sol,source_poc_tx_candidate_pending_rpc,staged_not_merged,
0x6a04f47f839d6db81ba06b17b5abbc8b250b4c62e81f4a64aa6b04c0568dc501,eth,eth,True,fortressloans-exp,Fortressloans Exp,Oracle Manipulation,https://github.com/SunWeb3Sec/DeFiHackLabs/blob/main/src/test/2022-05/FortressLoans_exp.sol,source_poc_tx_candidate_pending_rpc,staged_not_merged,
0x6b1d373ba0974d7e308529a62e41cec8bac6d71a57a1ba1b5c5bf82f6a9ea07a,eth,eth,True,corkprotocol-exp,Corkprotocol Exp,Price Manipulation,https://github.com/SunWeb3Sec/DeFiHackLabs/blob/main/src/test/2025-05/Corkprotocol_exp.sol,source_poc_tx_candidate_pending_rpc,staged_not_merged,
0x6b336703993c6c151a39d97a5cf3708a5f9bfd338d958d4b71c6416a6ab8d110,eth,eth,True,fortressloans-exp,Fortressloans Exp,Oracle Manipulation,https://github.com/SunWeb3Sec/DeFiHackLabs/blob/main/src/test/2022-05/FortressLoans_exp.sol,source_poc_tx_candidate_pending_rpc,staged_not_merged,
0x6b336703993c6c151a39d97a5cf3708a5f9bfd338d958d4b71c6416a6ab8d825,eth,eth,True,fortressloans-exp,Fortressloans Exp,Oracle Manipulation,https://github.com/SunWeb3Sec/DeFiHackLabs/blob/main/src/test/2022-05/FortressLoans_exp.sol,source_poc_tx_candidate_pending_rpc,staged_not_merged,
0x6b336703993c6c151a39d97a5cf3708a5f9bfd338d958d4b71c6416a6ab8d832,eth,eth,True,fortressloans-exp,Fortressloans Exp,Oracle Manipulation,https://github.com/SunWeb3Sec/DeFiHackLabs/blob/main/src/test/2022-05/FortressLoans_exp.sol,source_poc_tx_candidate_pending_rpc,staged_not_merged,
0x6b336703993c6c151a39d97a5cf3708a5f9bfd338d958d4b71c6416a6ab8d841,eth,eth,True,fortressloans-exp,Fortressloans Exp,Oracle Manipulation,https://github.com/SunWeb3Sec/DeFiHackLabs/blob/main/src/test/2022-05/FortressLoans_exp.sol,source_poc_tx_candidate_pending_rpc,staged_not_merged,
0x6b336703993c6c151a39d97a5cf3708a5f9bfd338d958d4b71c6416a6ab8d877,eth,eth,True,fortressloans-exp,Fortressloans Exp,Oracle Manipulation,https://github.com/SunWeb3Sec/DeFiHackLabs/blob/main/src/test/2022-05/FortressLoans_exp.sol,source_poc_tx_candidate_pending_rpc,staged_not_merged,
0x6b336703993c6c151a39d97a5cf3708a5f9bfd338d958d4b71c6416a6ab8d881,eth,eth,True,fortressloans-exp,Fortressloans Exp,Oracle Manipulation,https://github.com/SunWeb3Sec/DeFiHackLabs/blob/main/src/test/2022-05/FortressLoans_exp.sol,source_poc_tx_candidate_pending_rpc,staged_not_merged,
0x6b336703993c6c151a39d97a5cf3708a5f9bfd338d958d4b71c6416a6ab8d882,eth,eth,True,fortressloans-exp,Fortressloans Exp,Oracle Manipulation,https://github.com/SunWeb3Sec/DeFiHackLabs/blob/main/src/test/2022-05/FortressLoans_exp.sol,source_poc_tx_candidate_pending_rpc,staged_not_merged,
0x6b336703993c6c151a39d97a5cf3708a5f9bfd338d958d4b71c6416a6ab8d885,eth,eth,True,fortressloans-exp,Fortressloans Exp,Oracle Manipulation,https://github.com/SunWeb3Sec/DeFiHackLabs/blob/main/src/test/2022-05/FortressLoans_exp.sol,source_poc_tx_candidate_pending_rpc,staged_not_merged,
0x6b336703993c6c151a39d97a5cf3708a5f9bfd338d958d4b71c6416a6ab8d886,eth,eth,True,fortressloans-exp,Fortressloans Exp,Oracle Manipulation,https://github.com/SunWeb3Sec/DeFiHackLabs/blob/main/src/test/2022-05/FortressLoans_exp.sol,source_poc_tx_candidate_pending_rpc,staged_not_merged,
0x6b6ddbaaafc5f0580b670ad9d0913ca4c60df2753151a499117086aa725cf2c7,eth,eth,True,orbitchain-exp,Orbitchain Exp,Bridge Exploit,https://github.com/SunWeb3Sec/DeFiHackLabs/blob/main/src/test/2024-01/OrbitChain_exp.sol,source_poc_tx_candidate_pending_rpc,staged_not_merged,
0x6ba4152db9da45f5751f2c083bf77d4b3385373d5660c51fe2e4382718afd9b4,eth,eth,True,readme,Readme,Reentrancy,https://github.com/SunWeb3Sec/DeFiHackLabs/blob/main/past/2023/README.md,source_poc_tx_candidate_pending_rpc,staged_not_merged,
0x6beb21b53f5b205c088570333ec875b720e333b49657f7026b01ed72b026851e,eth,eth,True,apemaga-exp,Apemaga Exp,Unknown,https://github.com/SunWeb3Sec/DeFiHackLabs/blob/main/src/test/2024-06/APEMAGA_exp.sol,source_poc_tx_candidate_pending_rpc,staged_not_merged,
0x6bfd9e286e37061ed279e4f139fbc03c8bd707a2cdd15f7260549052cbba79b7,eth,eth,True,readme,Readme,Reentrancy,https://github.com/SunWeb3Sec/DeFiHackLabs/blob/main/academy/onchain_debug/06_write_your_own_poc/en/readme.md,source_poc_tx_candidate_pending_rpc,staged_not_merged,
0x6c879b1e8a0a62f23b47aa57a3369d416dd783966bd1dda0394c04163a98d8d8,eth,eth,True,smartmesh-exp,Smartmesh Exp,Unknown,https://github.com/SunWeb3Sec/DeFiHackLabs/blob/main/src/test/2018-04/SmartMesh_exp.sol,source_poc_tx_candidate_pending_rpc,staged_not_merged,
0x6c8aed8d0eab29416cd335038cd5ee68c5e27bfb001c9eac7fc14c7075ed4420,eth,eth,True,uni-exp,Uni Exp,Unknown,https://github.com/SunWeb3Sec/DeFiHackLabs/blob/main/src/test/2025-03/UNI_exp.sol,source_poc_tx_candidate_pending_rpc,staged_not_merged,
0x6cba3a67d6b8de664d860b096c8c558a1d65e5fa9735c657ddc98f67969561a2,eth,eth,True,maestrorouter2-exp,Maestrorouter2 Exp,Unknown,https://github.com/SunWeb3Sec/DeFiHackLabs/blob/main/src/test/2023-10/MaestroRouter2_exp.sol,source_poc_tx_candidate_pending_rpc,staged_not_merged,
0x6d5433e6010406ff00000004836c9007dbd73fcfc473190304c72b7e39babb91,eth,eth,True,makina-exp,Makina Exp,Flash Loan Attack,https://github.com/SunWeb3Sec/DeFiHackLabs/blob/main/src/test/2026-01/makina_exp.sol,source_poc_tx_candidate_pending_rpc,staged_not_merged,
0x6e6e556a5685980317cb2afdb628ed4a845b3cbd1c98bdaffd0561cb2c4790fa,eth,eth,True,earningfram-exp,Earningfram Exp,Reentrancy,https://github.com/SunWeb3Sec/DeFiHackLabs/blob/main/src/test/2023-08/EarningFram_exp.sol,source_poc_tx_candidate_pending_rpc,staged_not_merged,
0x6e9ebcdebbabda04fa9f2e3bc21ea8b2e4fb4bf4f4670cb8483e2f0b2604f451,eth,eth,True,hundredfinance-2-exp,Hundredfinance 2 Exp,Flash Loan Attack,https://github.com/SunWeb3Sec/DeFiHackLabs/blob/main/src/test/2023-04/HundredFinance_2_exp.sol,source_poc_tx_candidate_pending_rpc,staged_not_merged,
0x6ed07db1a9fe5c0794d44cd36081d6a6df103fab868cdd75d581e3bd23bc9742,eth,eth,True,balancerv2-exp,Balancerv2 Exp,Precision Loss,https://github.com/SunWeb3Sec/DeFiHackLabs/blob/main/src/test/2025-11/BalancerV2_exp.sol,source_poc_tx_candidate_pending_rpc,staged_not_merged,
0x6fb7f8e9eb09d6ae17dbe82b2b42f46f64fb9c3197438b68ecf03e832d5fc791,eth,eth,True,hoppyfrogerc-exp,Hoppyfrogerc Exp,Unknown,https://github.com/SunWeb3Sec/DeFiHackLabs/blob/main/src/test/2024-04/HoppyFrogERC_exp.sol,source_poc_tx_candidate_pending_rpc,staged_not_merged,
0x7000000000000000000000000000000000000000000000000000000000000001,eth,eth,True,smartmesh-exp,Smartmesh Exp,Unknown,https://github.com/SunWeb3Sec/DeFiHackLabs/blob/main/src/test/2018-04/SmartMesh_exp.sol,source_poc_tx_candidate_pending_rpc,staged_not_merged,
0x708ffcf4a76bd159056afb17ce6c5f5adcb5899e465bbf038aae79c3cef666ae,eth,eth,True,rabbywallet-swaprouter-exp,Rabbywallet Swaprouter Exp,Unknown,https://github.com/SunWeb3Sec/DeFiHackLabs/blob/main/src/test/2022-10/RabbyWallet_SwapRouter_exp.sol,source_poc_tx_candidate_pending_rpc,staged_not_merged,
0x70a082310104ff0000000004fd5abf66b003881b88567eb9ed9c651f14dc4771,eth,eth,True,makina-exp,Makina Exp,Flash Loan Attack,https://github.com/SunWeb3Sec/DeFiHackLabs/blob/main/src/test/2026-01/makina_exp.sol,source_poc_tx_candidate_pending_rpc,staged_not_merged,
0x70f367b9420ac2654a5223cc311c7f9c361736a39fd4e7dff9ed1b85bab7ad54,eth,eth,True,readme,Readme,Reentrancy,https://github.com/SunWeb3Sec/DeFiHackLabs/blob/main/past/2022/README.md,source_poc_tx_candidate_pending_rpc,staged_not_merged,
0x71496352b02f974a3898c1b743e9fc2befb935e6c2a3e421134ec09b63052f4b,eth,eth,True,truebit-exp,Truebit Exp,Price Manipulation,https://github.com/SunWeb3Sec/DeFiHackLabs/blob/main/src/test/2026-01/Truebit_exp.sol,source_poc_tx_candidate_pending_rpc,staged_not_merged,
0x722f67f6f9536fa6bbf4af447250e84b8b9270b66195059c9904a0e249543e80,eth,eth,True,hegicoptions-exp,Hegicoptions Exp,Unknown,https://github.com/SunWeb3Sec/DeFiHackLabs/blob/main/src/test/2025-02/HegicOptions_exp.sol,source_poc_tx_candidate_pending_rpc,staged_not_merged,
0x725f0d65340c859e0f64e72ca8260220c526c3e0ccde530004160809f6177940,eth,eth,True,bedrock-defi-exp,Bedrock Defi Exp,Flash Loan Attack,https://github.com/SunWeb3Sec/DeFiHackLabs/blob/main/src/test/2024-09/Bedrock_DeFi_exp.sol,source_poc_tx_candidate_pending_rpc,staged_not_merged,
0x725fa18d06acb4f6f8a5b143bca088d76f77d9531765dea6799b484373d0641b,eth,eth,True,orbitchain-exp,Orbitchain Exp,Bridge Exploit,https://github.com/SunWeb3Sec/DeFiHackLabs/blob/main/src/test/2024-01/OrbitChain_exp.sol,source_poc_tx_candidate_pending_rpc,staged_not_merged,
0x726459a46839c915ee2fb3d8de7f986e3c7391c605b7a622112161a84c7384d0,eth,eth,True,gooddollar-exp,Gooddollar Exp,Reentrancy,https://github.com/SunWeb3Sec/DeFiHackLabs/blob/main/src/test/2023-12/GoodDollar_exp.sol,source_poc_tx_candidate_pending_rpc,staged_not_merged,
0x72a252277e30ea6a37d2dc9905c280f3bc389b87f72b81a59aa8f50baebd8eaa,eth,eth,True,sorrastaking,Sorrastaking,Unknown,https://github.com/SunWeb3Sec/DeFiHackLabs/blob/main/src/test/2025-01/sorraStaking.sol,source_poc_tx_candidate_pending_rpc,staged_not_merged,
0x7312d9f9c13fc69f00f58e92a112a3e7f036ced7e65f7e0fa67382488d5557dc,eth,eth,True,readme,Readme,Reentrancy,https://github.com/SunWeb3Sec/DeFiHackLabs/blob/main/past/2023/README.md,source_poc_tx_candidate_pending_rpc,staged_not_merged,
0x739fe72bab59a2eead1e36fdf71441e0407332c508165e460a2cde5418858e1b,eth,eth,True,orbitchain-exp,Orbitchain Exp,Bridge Exploit,https://github.com/SunWeb3Sec/DeFiHackLabs/blob/main/src/test/2024-01/OrbitChain_exp.sol,source_poc_tx_candidate_pending_rpc,staged_not_merged,
0x74279a131dccd6479378b3454ea189a6ce350cce51de47d81a0ef23db1b134d5,eth,eth,True,contract-0x7657-exp,Contract 0X7657 Exp,Flash Loan Attack,https://github.com/SunWeb3Sec/DeFiHackLabs/blob/main/src/test/2023-06/Contract_0x7657_exp.sol,source_poc_tx_candidate_pending_rpc,staged_not_merged,
0x758efef41e60c0f218682e2fa027c54d8b67029d193dd7277d6a881a24b9a561,eth,eth,True,vow-exp,Vow Exp,Unknown,https://github.com/SunWeb3Sec/DeFiHackLabs/blob/main/src/test/2024-08/VOW_exp.sol,source_poc_tx_candidate_pending_rpc,staged_not_merged,
0x75a42f240d229518979199f56cd7c82e4fc1f1a20ad9a4864c635354b4a34261,eth,eth,True,readme,Readme,Reentrancy,https://github.com/SunWeb3Sec/DeFiHackLabs/blob/main/past/2022/README.md,source_poc_tx_candidate_pending_rpc,staged_not_merged,
0x75e3aeb00df69882a1b15d424e5e642650326ca3b923d7fd1922d57c51bc2c78,eth,eth,True,miner-exp,Miner Exp,Price Manipulation,https://github.com/SunWeb3Sec/DeFiHackLabs/blob/main/src/test/2024-02/Miner_exp.sol,source_poc_tx_candidate_pending_rpc,staged_not_merged,
0x765de8357994a206bb90af57dcf427f48a2021f2f28ca81f2c00bc3b9842be8e,eth,eth,True,readme,Readme,Reentrancy,https://github.com/SunWeb3Sec/DeFiHackLabs/blob/main/past/2021/README.md,source_poc_tx_candidate_pending_rpc,staged_not_merged,
0x7708aaedf3d408c47b04d62dac6edd2496637be9cb48852000662d22d2131f44,eth,eth,True,unverified-b5cb-exp,Unverified B5Cb Exp,Unknown,https://github.com/SunWeb3Sec/DeFiHackLabs/blob/main/src/test/2025-06/unverified_b5cb_exp.sol,source_poc_tx_candidate_pending_rpc,staged_not_merged,
0x78299a273b7d50bcb1d75df1694be463b9cc66c6520026b785615c4594dbb1ba,eth,eth,True,badguysbyrpf-exp,Badguysbyrpf Exp,Inflation Attack,https://github.com/SunWeb3Sec/DeFiHackLabs/blob/main/src/test/2022-09/BadGuysbyRPF_exp.sol,source_poc_tx_candidate_pending_rpc,staged_not_merged,
0x784b68dc7d06ee181f3127d5eb5331850b5e690cc63dd099cd7b8dc863204bf6,eth,eth,True,umbrella-exp,Umbrella Exp,Reentrancy,https://github.com/SunWeb3Sec/DeFiHackLabs/blob/main/src/test/2022-03/Umbrella_exp.sol,source_poc_tx_candidate_pending_rpc,staged_not_merged,
0x78d6355703507f88f2090eb780d245b0ab26bf470eabdb004761cedf3b1cda44,eth,eth,True,readme,Readme,Reentrancy,https://github.com/SunWeb3Sec/DeFiHackLabs/blob/main/past/2021/README.md,source_poc_tx_candidate_pending_rpc,staged_not_merged,
0x79ec728612867b3d82c0e7401e6ee1c533b240720c749b3968dea1464e59b2c4,eth,eth,True,teamfinance-exp,Teamfinance Exp,Price Manipulation,https://github.com/SunWeb3Sec/DeFiHackLabs/blob/main/src/test/2022-10/TeamFinance_exp.sol,source_poc_tx_candidate_pending_rpc,staged_not_merged,
0x7ac4a98599596adbf12fffa2bd23e2a2d2ac7e8989b6ea043fcc412a29126555,eth,eth,True,wiselending-exp,Wiselending Exp,Flash Loan Attack,https://github.com/SunWeb3Sec/DeFiHackLabs/blob/main/src/test/2023-10/WiseLending_exp.sol,source_poc_tx_candidate_pending_rpc,staged_not_merged,
0x7acc896b8d82874c67127ff3359d7437a15fdb4229ed83da00da1f4d8370764e,eth,eth,True,gain-exp,Gain Exp,Unknown,https://github.com/SunWeb3Sec/DeFiHackLabs/blob/main/src/test/2024-02/GAIN_exp.sol,source_poc_tx_candidate_pending_rpc,staged_not_merged,
0x7b50775383d3d6f0215a8f290f2c9e2eebbeceb20000000000000000000000fe,eth,eth,True,balancer-exp,Balancer Exp,Flash Loan Attack,https://github.com/SunWeb3Sec/DeFiHackLabs/blob/main/src/test/2023-08/Balancer_exp.sol,source_poc_tx_candidate_pending_rpc,staged_not_merged,
0x7b9ce0f78253f7dcf8bf6a2d7a4c38a151eba15eefe6b355a67a373653192765,eth,eth,True,chainswap-exp1,Chainswap Exp1,Unknown,https://github.com/SunWeb3Sec/DeFiHackLabs/blob/main/src/test/2021-07/Chainswap_exp1.sol,source_poc_tx_candidate_pending_rpc,staged_not_merged,
0x7bccd64f4c4d5f6f545c2edf904857e6ddb460532fc0ac7eb5ac175cd21e56b1,eth,eth,True,readme,Readme,Reentrancy,https://github.com/SunWeb3Sec/DeFiHackLabs/blob/main/academy/onchain_debug/07_Analysis_nomad_bridge/readme.md,source_poc_tx_candidate_pending_rpc,staged_not_merged,
0x7c5a909b45014e35ddb89697f6be38d08eff30e7c3d3d553033a6efc3b444fdd,eth,eth,True,pandora-exp,Pandora Exp,Unknown,https://github.com/SunWeb3Sec/DeFiHackLabs/blob/main/src/test/2024-02/PANDORA_exp.sol,source_poc_tx_candidate_pending_rpc,staged_not_merged,
0x7cd094bc34c6700090f88950ab0095a95eb0d54c8e5012f1f46266c8871027ff,eth,eth,True,xcarnival-exp,Xcarnival Exp,Unknown,https://github.com/SunWeb3Sec/DeFiHackLabs/blob/main/src/test/2022-06/XCarnival_exp.sol,source_poc_tx_candidate_pending_rpc,staged_not_merged,
0x7cefbfd14497b1c577423d94ea521615991eee2590fab980230d9dd1d80ccf1c,eth,eth,True,rabbywallet-swaprouter-exp,Rabbywallet Swaprouter Exp,Unknown,https://github.com/SunWeb3Sec/DeFiHackLabs/blob/main/src/test/2022-10/RabbyWallet_SwapRouter_exp.sol,source_poc_tx_candidate_pending_rpc,staged_not_merged,
0x7d2296bcb936aa5e2397ddf8ccba59f54a178c3901666b49291d880369dbcf31,eth,eth,True,readme,Readme,Reentrancy,https://github.com/SunWeb3Sec/DeFiHackLabs/blob/main/past/2022/README.md,source_poc_tx_candidate_pending_rpc,staged_not_merged,
0x7e19f8edb1f1666322113f15d7674593950ac94bbc25d2aff96adabdcae0a6c3,eth,eth,True,pythia-exp,Pythia Exp,Unknown,https://github.com/SunWeb3Sec/DeFiHackLabs/blob/main/src/test/2024-09/Pythia_exp.sol,source_poc_tx_candidate_pending_rpc,staged_not_merged,
0x7e7f9548f301d3dd863eac94e6190cb742ab6aa9d7730549ff743bf84cbd21d1,eth,eth,True,penpiexyzio-exp,Penpiexyzio Exp,Flash Loan Attack,https://github.com/SunWeb3Sec/DeFiHackLabs/blob/main/src/test/2024-09/Penpiexyzio_exp.sol,source_poc_tx_candidate_pending_rpc,staged_not_merged,
0x7eff30a405cfce9989fe9d71e346d7b3616fa69b8251782898226268818f63fb,eth,eth,True,badguysbyrpf-exp,Badguysbyrpf Exp,Inflation Attack,https://github.com/SunWeb3Sec/DeFiHackLabs/blob/main/src/test/2022-09/BadGuysbyRPF_exp.sol,source_poc_tx_candidate_pending_rpc,staged_not_merged,
0x7f2540af4a1f7b0172a46f5539ebf943dd5418422e4faa8150d3ae5337e92172,eth,eth,True,erc20transfer-exp,Erc20Transfer Exp,Unknown,https://github.com/SunWeb3Sec/DeFiHackLabs/blob/main/src/test/2024-10/Erc20transfer_exp.sol,source_poc_tx_candidate_pending_rpc,staged_not_merged,
0x8000000000000000000000006a7eff1e2c355ad6eb91bebb5ded49257f3fed98,eth,eth,True,paraswap-exp,Paraswap Exp,Unknown,https://github.com/SunWeb3Sec/DeFiHackLabs/blob/main/src/test/2024-03/Paraswap_exp.sol,source_poc_tx_candidate_pending_rpc,staged_not_merged,
0x800a5b3178f680feebb81af69bd3dff791b886d4ce31615e601f2bb1f543bb2e,eth,eth,True,depusdt-levusdc-exp,Depusdt Levusdc Exp,Access Control,https://github.com/SunWeb3Sec/DeFiHackLabs/blob/main/src/test/2023-06/DEPUSDT_LEVUSDC_exp.sol,source_poc_tx_candidate_pending_rpc,staged_not_merged,
0x8037b3dc0bf9d5d396c10506824096afb8125ea96ada011d35faa89fa3893aea,eth,eth,True,n00d-exp,N00D Exp,Unknown,https://github.com/SunWeb3Sec/DeFiHackLabs/blob/main/src/test/2022-10/N00d_exp.sol,source_poc_tx_candidate_pending_rpc,staged_not_merged,
0x804cdb9116a10bb78768d3252355a1b18067bf8f0000000000000000000000fb,eth,eth,True,balancer-exp,Balancer Exp,Flash Loan Attack,https://github.com/SunWeb3Sec/DeFiHackLabs/blob/main/src/test/2023-08/Balancer_exp.sol,source_poc_tx_candidate_pending_rpc,staged_not_merged,
0x804ff3801542bff435a5d733f4d8a93a535d73d0de0f843fd979756a7eab26af,eth,eth,True,readme,Readme,Reentrancy,https://github.com/SunWeb3Sec/DeFiHackLabs/blob/main/past/2022/README.md,source_poc_tx_candidate_pending_rpc,staged_not_merged,
0x8163738d6610ca32f048ee9d30f4aa1ffdb3ca1eddf95c0eba086c3e936199ed,eth,eth,True,readme,Readme,Reentrancy,https://github.com/SunWeb3Sec/DeFiHackLabs/blob/main/past/2023/README.md,source_poc_tx_candidate_pending_rpc,staged_not_merged,
0x81e9918e248d14d78ff7b697355fd9f456c6d7881486ed14fdfb69db16631154,eth,eth,True,readme,Readme,Reentrancy,https://github.com/SunWeb3Sec/DeFiHackLabs/blob/main/past/2022/README.md,source_poc_tx_candidate_pending_rpc,staged_not_merged,
0x82a5ff772c186fb3f62bf9a8461aeadd8ea0904025c3330a4d247822ff34bc02,eth,eth,True,readme,Readme,Reentrancy,https://github.com/SunWeb3Sec/DeFiHackLabs/blob/main/past/2022/README.md,source_poc_tx_candidate_pending_rpc,staged_not_merged,
0x82fc23992c7433fffad0e28a1b8d11211dc4377de83e88088d79f24f4a3f28b3,eth,eth,True,audius-exp,Audius Exp,Governance Attack,https://github.com/SunWeb3Sec/DeFiHackLabs/blob/main/src/test/2022-07/Audius_exp.sol,source_poc_tx_candidate_pending_rpc,staged_not_merged,
0x836ef3d01a52c4b9304c3d683f6ff2b296c7331b6fee86e3b116732ce1d5d124,eth,eth,True,readme,Readme,Flash Loan Attack,https://github.com/SunWeb3Sec/DeFiHackLabs/blob/main/academy/onchain_debug/02_warmup/en/readme.md,source_poc_tx_candidate_pending_rpc,staged_not_merged,
0x83a4f8f52b8f9e6ff1dd76546a772475824d9aa5b953808dbc34d1f39250f29d,eth,eth,True,fortressloans-exp,Fortressloans Exp,Oracle Manipulation,https://github.com/SunWeb3Sec/DeFiHackLabs/blob/main/src/test/2022-05/FortressLoans_exp.sol,source_poc_tx_candidate_pending_rpc,staged_not_merged,
0x83c71a83656b0fecfa860e76a9becf738930b3f1b2510c7d0339ab585090a82d,eth,eth,True,unverified-a89f-exp,Unverified A89F Exp,Unknown,https://github.com/SunWeb3Sec/DeFiHackLabs/blob/main/src/test/2024-09/unverified_a89f_exp.sol,source_poc_tx_candidate_pending_rpc,staged_not_merged,
0x84156ea5360b679dfa7cdda80c16aafbfdf1ba20b84bcf76f79666f0c405b86f,eth,eth,True,rabbywallet-swaprouter-exp,Rabbywallet Swaprouter Exp,Unknown,https://github.com/SunWeb3Sec/DeFiHackLabs/blob/main/src/test/2022-10/RabbyWallet_SwapRouter_exp.sol,source_poc_tx_candidate_pending_rpc,staged_not_merged,
0x842aae91c89a9e5043e64af34f53dc66daf0f033ad8afbf35ef0c93f99a9e5e6,eth,eth,True,mimspell3-exp,Mimspell3 Exp,Unknown,https://github.com/SunWeb3Sec/DeFiHackLabs/blob/main/src/test/2025-10/MIMSpell3_exp.sol,source_poc_tx_candidate_pending_rpc,staged_not_merged,
0x847b8403e8a4816a4de1e63db321705cdb6f998fb01ab58f653b863fda988647,eth,eth,True,bybit-exp,Bybit Exp,Price Manipulation,https://github.com/SunWeb3Sec/DeFiHackLabs/blob/main/src/test/2025-02/Bybit_exp.sol,source_poc_tx_candidate_pending_rpc,staged_not_merged,
0x851a65865ec89e64f0000ab973a92c3313ea09e80eb4b4660195a14d254cd425,eth,eth,True,fortressloans-exp,Fortressloans Exp,Oracle Manipulation,https://github.com/SunWeb3Sec/DeFiHackLabs/blob/main/src/test/2022-05/FortressLoans_exp.sol,source_poc_tx_candidate_pending_rpc,staged_not_merged,
0x85dc2a433fd9eaadaf56fd8156c956da23fc17e5ef83955c7e2c4c37efa20bb5,eth,eth,True,bzx-exp,Bzx Exp,Flash Loan Attack,https://github.com/SunWeb3Sec/DeFiHackLabs/blob/main/src/test/2020-09/bzx_exp.sol,source_poc_tx_candidate_pending_rpc,staged_not_merged,
0x872fcfcfd2e61ab5ec848f5e1a75b75f471bdb8c808c06388434e7179a9e40db,eth,eth,True,bubai-exp,Bubai Exp,Unknown,https://github.com/SunWeb3Sec/DeFiHackLabs/blob/main/src/test/2024-10/BUBAI_exp.sol,source_poc_tx_candidate_pending_rpc,staged_not_merged,
0x873f7c77d5489c1990f701e9bb312c103c5ebcdcf0a472db726730814bfd55f3,eth,eth,True,xst-exp,Xst Exp,Unknown,https://github.com/SunWeb3Sec/DeFiHackLabs/blob/main/src/test/2022-08/XST_exp.sol,source_poc_tx_candidate_pending_rpc,staged_not_merged,
0x87790587c256045860b8fe624e5807a658424fad18c2348460e40ecf10fc8799,eth,eth,True,smartmesh-exp,Smartmesh Exp,Unknown,https://github.com/SunWeb3Sec/DeFiHackLabs/blob/main/src/test/2018-04/SmartMesh_exp.sol,source_poc_tx_candidate_pending_rpc,staged_not_merged,
0x897c2de73dd55d7701e1b69ffb3a17b0f4801ced88b0c75fe1551c5fcce6a979,eth,eth,True,readme,Readme,Reentrancy,https://github.com/SunWeb3Sec/DeFiHackLabs/blob/main/past/2021/README.md,source_poc_tx_candidate_pending_rpc,staged_not_merged,
0x89ba58edaf9f40dc0c781c40351ba392be31263faa6be3a29c2ee152f271df6d,eth,eth,True,corkprotocol-exp,Corkprotocol Exp,Price Manipulation,https://github.com/SunWeb3Sec/DeFiHackLabs/blob/main/src/test/2025-05/Corkprotocol_exp.sol,source_poc_tx_candidate_pending_rpc,staged_not_merged,
0x8a33a1f8c7af372a9c81ede9e442114f0aabb537e5c3a22c0fd7231c4820f1e9,eth,eth,True,readme,Readme,Reentrancy,https://github.com/SunWeb3Sec/DeFiHackLabs/blob/main/past/2022/README.md,source_poc_tx_candidate_pending_rpc,staged_not_merged,
0x8a8145ab28b5d2a2e61d74c02c12350731f479b3175893de2014124f998bff32,eth,eth,True,num-exp,Num Exp,Unknown,https://github.com/SunWeb3Sec/DeFiHackLabs/blob/main/src/test/2022-11/NUM_exp.sol,source_poc_tx_candidate_pending_rpc,staged_not_merged,
0x8af9b5fb3e2e3df8659ffb2e0f0c1f4c90d5a80f4f6fccef143b823ce673fb60,eth,eth,True,astrid-exp,Astrid Exp,Price Manipulation,https://github.com/SunWeb3Sec/DeFiHackLabs/blob/main/src/test/2023-10/Astrid_exp.sol,source_poc_tx_candidate_pending_rpc,staged_not_merged,
0x8b74995d1d61d3d7547575649136b8765acb22882960f0636941c44ec7bbe146,eth,eth,True,conic-exp,Conic Exp,Reentrancy,https://github.com/SunWeb3Sec/DeFiHackLabs/blob/main/src/test/2023-07/Conic_exp.sol,source_poc_tx_candidate_pending_rpc,staged_not_merged,
0x8bcac5e570aa695b5e0ce7dd58766eaa5830f44bbef5008aef63c6efb036e717,eth,eth,True,rabbywallet-swaprouter-exp,Rabbywallet Swaprouter Exp,Unknown,https://github.com/SunWeb3Sec/DeFiHackLabs/blob/main/src/test/2022-10/RabbyWallet_SwapRouter_exp.sol,source_poc_tx_candidate_pending_rpc,staged_not_merged,
0x8bded20c1db5a1d5f595b15e682a95ce11d3c895d6031147fa49c4ffa5729a30,eth,eth,True,readme,Readme,Reentrancy,https://github.com/SunWeb3Sec/DeFiHackLabs/blob/main/past/2022/README.md,source_poc_tx_candidate_pending_rpc,staged_not_merged,
0x8c026c3939f7e2d0376d13e30859fa918a5a567348ca1329836df88bef30c73e,eth,eth,True,unverified-b5cb-exp,Unverified B5Cb Exp,Unknown,https://github.com/SunWeb3Sec/DeFiHackLabs/blob/main/src/test/2025-06/unverified_b5cb_exp.sol,source_poc_tx_candidate_pending_rpc,staged_not_merged,
0x8c3f442fc6d640a6ff3ea0b12be64f1d4609ea94edd2966f42c01cd9bdcf04b5,eth,eth,True,readme,Readme,Reentrancy,https://github.com/SunWeb3Sec/DeFiHackLabs/blob/main/past/2022/README.md,source_poc_tx_candidate_pending_rpc,staged_not_merged,
0x8c6626860a4b2368ed8caf9fd5b14b90d151c3ca390b7aff38dfe7003b5d421d,eth,eth,True,makina-exp,Makina Exp,Flash Loan Attack,https://github.com/SunWeb3Sec/DeFiHackLabs/blob/main/src/test/2026-01/makina_exp.sol,source_poc_tx_candidate_pending_rpc,staged_not_merged,
0x8c93d6e5d6b3ec7478b4195123a696dbc82a3441be090e048fe4b33a242ef09d,eth,eth,True,readme,Readme,Reentrancy,https://github.com/SunWeb3Sec/DeFiHackLabs/blob/main/past/2021/README.md,source_poc_tx_candidate_pending_rpc,staged_not_merged,
0x8d3036371ccf27579d3cb3d4b4b71e99334cae8d7e8088247517ec640c7a59a5,eth,eth,True,pawnfi-exp,Pawnfi Exp,Oracle Manipulation,https://github.com/SunWeb3Sec/DeFiHackLabs/blob/main/src/test/2023-06/Pawnfi_exp.sol,source_poc_tx_candidate_pending_rpc,staged_not_merged,
0x8df54ebe76c09cda530f1fccb591166c716000ec95ee5cb37dff997b2ee269f2,eth,eth,True,coinbase-exp,Coinbase Exp,Unknown,https://github.com/SunWeb3Sec/DeFiHackLabs/blob/main/src/test/2025-08/coinbase_exp.sol,source_poc_tx_candidate_pending_rpc,staged_not_merged,
0x8e1b0ab098c4cc5f632e00b0842b5f825bbd15ded796d4a59880bb724f6c5372,eth,eth,True,heavensgate-exp,Heavensgate Exp,Unknown,https://github.com/SunWeb3Sec/DeFiHackLabs/blob/main/src/test/2023-09/HeavensGate_exp.sol,source_poc_tx_candidate_pending_rpc,staged_not_merged,
0x8fffffffffffffffffffffffffffffffffffffffffffffffffffffffffffffff,eth,eth,True,smartmesh-exp,Smartmesh Exp,Unknown,https://github.com/SunWeb3Sec/DeFiHackLabs/blob/main/src/test/2018-04/SmartMesh_exp.sol,source_poc_tx_candidate_pending_rpc,staged_not_merged,
0x900891b4540cac8443d6802a08a7a0562b5320444aa6d8eed19705ea6fb9710b,eth,eth,True,veth-exp,Veth Exp,Flash Loan Attack,https://github.com/SunWeb3Sec/DeFiHackLabs/blob/main/src/test/2024-11/vETH_exp.sol,source_poc_tx_candidate_pending_rpc,staged_not_merged,
0x903d88a92cbc0165a7f662305ac1bff97430dbcccaa0fe71e101e18aa9109c92,eth,eth,True,xbridge-exp,Xbridge Exp,Bridge Exploit,https://github.com/SunWeb3Sec/DeFiHackLabs/blob/main/src/test/2024-04/XBridge_exp.sol,source_poc_tx_candidate_pending_rpc,staged_not_merged,
0x90b468608fbcc7faef46502b198471311baca3baab49242a4a85b73d4924379b,eth,eth,True,cowswap-exp,Cowswap Exp,Price Manipulation,https://github.com/SunWeb3Sec/DeFiHackLabs/blob/main/src/test/2023-02/CowSwap_exp.sol,source_poc_tx_candidate_pending_rpc,staged_not_merged,
0x90b4fcf583444d44efb8625e6f253cfcb786d2f4eda7198bdab67a54108cd5f4,eth,eth,True,otseastaking-exp,Otseastaking Exp,Unknown,https://github.com/SunWeb3Sec/DeFiHackLabs/blob/main/src/test/2024-09/OTSeaStaking_exp.sol,source_poc_tx_candidate_pending_rpc,staged_not_merged,
0x90db330d9e46609c9d3712b60e64e32e3a4a2f31075674a58dd81181122352f8,eth,eth,True,veth-exp,Veth Exp,Flash Loan Attack,https://github.com/SunWeb3Sec/DeFiHackLabs/blob/main/src/test/2024-11/vETH_exp.sol,source_poc_tx_candidate_pending_rpc,staged_not_merged,
0x914c1ae4f03657064f0b1d5ddc6e06f39e82bce6fb2f726efdca52c092fbfc26,eth,eth,True,rabbywallet-swaprouter-exp,Rabbywallet Swaprouter Exp,Unknown,https://github.com/SunWeb3Sec/DeFiHackLabs/blob/main/src/test/2022-10/RabbyWallet_SwapRouter_exp.sol,source_poc_tx_candidate_pending_rpc,staged_not_merged,
0x9194983a3dbfb5779c09c95f5d830d8435d9ce88b383752c3dfb8a1b84b8c9f5,eth,eth,True,time-exp,Time Exp,Unknown,https://github.com/SunWeb3Sec/DeFiHackLabs/blob/main/src/test/2023-12/TIME_exp.sol,source_poc_tx_candidate_pending_rpc,staged_not_merged,
0x9210f1204b5a24742eba12f710636d76240df3d00000000000000000000000fc,eth,eth,True,balancer-exp,Balancer Exp,Flash Loan Attack,https://github.com/SunWeb3Sec/DeFiHackLabs/blob/main/src/test/2023-08/Balancer_exp.sol,source_poc_tx_candidate_pending_rpc,staged_not_merged,
0x9235e0662e230bdfa94f56f4932fd09a95fea17e4b9b44a4f40a59449e216110,eth,eth,True,uwulend-second-exp,Uwulend Second Exp,Flash Loan Attack,https://github.com/SunWeb3Sec/DeFiHackLabs/blob/main/src/test/2024-06/UwuLend_Second_exp.sol,source_poc_tx_candidate_pending_rpc,staged_not_merged,
0x923d1d63a1165ebd3521516f6d22d015f2e1b4b22d5dc954152b6c089c765fcd,eth,eth,True,unizenio-exp,Unizenio Exp,Unknown,https://github.com/SunWeb3Sec/DeFiHackLabs/blob/main/src/test/2024-03/UnizenIO_exp.sol,source_poc_tx_candidate_pending_rpc,staged_not_merged,
0x927b784148b60d5233e57287671cdf67d38e3e69e5b6d0ecacc7c1aeaa98985b,eth,eth,True,roefinance-exp,Roefinance Exp,Flash Loan Attack,https://github.com/SunWeb3Sec/DeFiHackLabs/blob/main/src/test/2023-01/RoeFinance_exp.sol,source_poc_tx_candidate_pending_rpc,staged_not_merged,
0x92cdcc732eebf47200ea56123716e337f6ef7d5ad714a2295794fdc6031ebb2e,eth,eth,True,doughfina-exp,Doughfina Exp,Flash Loan Attack,https://github.com/SunWeb3Sec/DeFiHackLabs/blob/main/src/test/2024-07/DoughFina_exp.sol,source_poc_tx_candidate_pending_rpc,staged_not_merged,
0x9312ae377d7ebdf3c7c3a86f80514878deb5df51aad38b6191d55db53e42b7f0,eth,eth,True,sonne-exp,Sonne Exp,Flash Loan Attack,https://github.com/SunWeb3Sec/DeFiHackLabs/blob/main/src/test/2024-05/Sonne_exp.sol,source_poc_tx_candidate_pending_rpc,staged_not_merged,
0x93708ff3b6dcb272664acb22881510360a04ca1a0a05a8dda37d06ddc62e5bf0,eth,eth,True,laundromat-exp,Laundromat Exp,Unknown,https://github.com/SunWeb3Sec/DeFiHackLabs/blob/main/src/test/2025-04/Laundromat_exp.sol,source_poc_tx_candidate_pending_rpc,staged_not_merged,
0x93a033917fcdbd5fe8ae24e9fe22f002949cba2f621a1c43a54f6519479caceb,eth,eth,True,civnft-exp,Civnft Exp,Price Manipulation,https://github.com/SunWeb3Sec/DeFiHackLabs/blob/main/src/test/2023-07/CIVNFT_exp.sol,source_poc_tx_candidate_pending_rpc,staged_not_merged,
0x93a9b022df260f1953420cd3e18789e7d1e095459e36fe2eb534918ed1687492,eth,eth,True,readme,Readme,Reentrancy,https://github.com/SunWeb3Sec/DeFiHackLabs/blob/main/past/2022/README.md,source_poc_tx_candidate_pending_rpc,staged_not_merged,
0x93ae5f0a121d5e1aadae052c36bc5ecf2d406d35222f4c6a5d63fef1d6de1081,eth,eth,True,readme,Readme,Reentrancy,https://github.com/SunWeb3Sec/DeFiHackLabs/blob/main/past/2023/README.md,source_poc_tx_candidate_pending_rpc,staged_not_merged,
0x93f3c0d0d71a7c606fe87524887594a106b44c65d46fa72a42d80bd6259ade7e,eth,eth,True,superrare-exp,Superrare Exp,Unknown,https://github.com/SunWeb3Sec/DeFiHackLabs/blob/main/src/test/2025-07/SuperRare_exp.sol,source_poc_tx_candidate_pending_rpc,staged_not_merged,
0x958236266991bc3fe3b77feaacea120f172c0708ad01c7a715b255f218f9313c,eth,eth,True,readme,Readme,Reentrancy,https://github.com/SunWeb3Sec/DeFiHackLabs/blob/main/past/2022/README.md,source_poc_tx_candidate_pending_rpc,staged_not_merged,
0x95c1604789c93f41940a7fd9eca11276975a9a65d250b89a247736287dbd2b7e,eth,eth,True,peapodsfinance-exp,Peapodsfinance Exp,Unknown,https://github.com/SunWeb3Sec/DeFiHackLabs/blob/main/src/test/2024-01/PeapodsFinance_exp.sol,source_poc_tx_candidate_pending_rpc,staged_not_merged,
0x96bf6bd14a81cf19939c0b966389daed778c3a9528a6c5dd7a4d980dec966388,eth,eth,True,daomaker-exp,Daomaker Exp,Unknown,https://github.com/SunWeb3Sec/DeFiHackLabs/blob/main/src/test/2021-09/DaoMaker_exp.sol,source_poc_tx_candidate_pending_rpc,staged_not_merged,
0x96d80c609f7a39b45f2bb581c6ba23402c20c2b6cd528317692c31b8d3948328,eth,eth,True,readme,Readme,Reentrancy,https://github.com/SunWeb3Sec/DeFiHackLabs/blob/main/past/2023/README.md,source_poc_tx_candidate_pending_rpc,staged_not_merged,
0x97201900198d0054a2f7a914f5625591feb6a18e7fc6bb4f0c964b967a6c15f6,eth,eth,True,bmizapper-exp,Bmizapper Exp,Unknown,https://github.com/SunWeb3Sec/DeFiHackLabs/blob/main/src/test/2024-01/Bmizapper_exp.sol,source_poc_tx_candidate_pending_rpc,staged_not_merged,
0x97a98e092a76c15cef3709df2776cf974e2519231e79c9ad97c15a1835c5c4be,eth,eth,True,badguysbyrpf-exp,Badguysbyrpf Exp,Inflation Attack,https://github.com/SunWeb3Sec/DeFiHackLabs/blob/main/src/test/2022-09/BadGuysbyRPF_exp.sol,source_poc_tx_candidate_pending_rpc,staged_not_merged,
0x995e880635f4a7462a420a58527023f946710167ea4c6c093d7d193062a33b01,eth,eth,True,barleyfinance-exp,Barleyfinance Exp,Unknown,https://github.com/SunWeb3Sec/DeFiHackLabs/blob/main/src/test/2024-01/BarleyFinance_exp.sol,source_poc_tx_candidate_pending_rpc,staged_not_merged,
0x99662dacfb4b963479b159fc43c2b4d048562104fe154a4d0c2519ada72e50bf,eth,eth,True,readme,Readme,Reentrancy,https://github.com/SunWeb3Sec/DeFiHackLabs/blob/main/academy/onchain_debug/07_Analysis_nomad_bridge/en/readme.md,source_poc_tx_candidate_pending_rpc,staged_not_merged,
0x998f1da472d927e74405b0aa1bbf5c1dbc50d74b39977bed3307ea2ada1f1d3f,eth,eth,True,unverifiedcontr-0x00c409-exp,Unverifiedcontr 0X00C409 Exp,Price Manipulation,https://github.com/SunWeb3Sec/DeFiHackLabs/blob/main/src/test/2024-04/UnverifiedContr_0x00C409_exp.sol,source_poc_tx_candidate_pending_rpc,staged_not_merged,
0x9a036058afb58169bfa91a826f5fcf4c0a376e650960669361d61bef99205f35,eth,eth,True,depayrouter-exp,Depayrouter Exp,Unknown,https://github.com/SunWeb3Sec/DeFiHackLabs/blob/main/src/test/2023-10/DePayRouter_exp.sol,source_poc_tx_candidate_pending_rpc,staged_not_merged,
0x9a6227ef97d7ce75732645bd604ef128bb5dfbc1bfbe0966ad1cd2870d45a20e,eth,eth,True,readme,Readme,Reentrancy,https://github.com/SunWeb3Sec/DeFiHackLabs/blob/main/past/2022/README.md,source_poc_tx_candidate_pending_rpc,staged_not_merged,
0x9a97d85642f956ad7a6b852cf7bed6f9669e2c2815f3279855acf7f1328e7d46,eth,eth,True,rubic-exp,Rubic Exp,Unknown,https://github.com/SunWeb3Sec/DeFiHackLabs/blob/main/src/test/2022-12/Rubic_exp.sol,source_poc_tx_candidate_pending_rpc,staged_not_merged,
0x9b9a6dd05526a8a4b40e5e1a74a25df6ecccae6ee7bf045911ad89a1dd3f0814,eth,eth,True,alkimiya-io-exp,Alkimiya Io Exp,Flash Loan Attack,https://github.com/SunWeb3Sec/DeFiHackLabs/blob/main/src/test/2025-03/Alkimiya_io_exp.sol,source_poc_tx_candidate_pending_rpc,staged_not_merged,
0x9c27d45c1daa943ce0b92a70ba5efa6ab34409b14b568146d2853c1ddaf14f82,eth,eth,True,hegicoptions-exp,Hegicoptions Exp,Unknown,https://github.com/SunWeb3Sec/DeFiHackLabs/blob/main/src/test/2025-02/HegicOptions_exp.sol,source_poc_tx_candidate_pending_rpc,staged_not_merged,
0x9ca27b8ec05746c43cd67e0099015ea9b88bdf34e8acfd6ace9dd63b8a320433,eth,eth,True,chainswap-exp1,Chainswap Exp1,Unknown,https://github.com/SunWeb3Sec/DeFiHackLabs/blob/main/src/test/2021-07/Chainswap_exp1.sol,source_poc_tx_candidate_pending_rpc,staged_not_merged,
0x9d1351ca4ede8b36ca9cd9f9c46e3b08890d13d94dfd3074d9bb66bbcc2629b1,eth,eth,True,orbitchain-exp,Orbitchain Exp,Bridge Exploit,https://github.com/SunWeb3Sec/DeFiHackLabs/blob/main/src/test/2024-01/OrbitChain_exp.sol,source_poc_tx_candidate_pending_rpc,staged_not_merged,
0x9dbf0326a03a2a3719c27be4fa69aacc9857fd231a8d9dcaede4bb083def75ec,eth,eth,True,readme,Readme,Reentrancy,https://github.com/SunWeb3Sec/DeFiHackLabs/blob/main/past/2021/README.md,source_poc_tx_candidate_pending_rpc,staged_not_merged,
0x9e074d70e4f9022cba33c1417a6f6338d8248b67d6141c9a32913ca567d0efca,eth,eth,True,doggo-exp,Doggo Exp,Price Manipulation,https://github.com/SunWeb3Sec/DeFiHackLabs/blob/main/src/test/2024-09/DOGGO_exp.sol,source_poc_tx_candidate_pending_rpc,staged_not_merged,
0x9f14d093a2349de08f02fc0fb018dadb449351d0cdb7d0738ff69cc6fef5f299,eth,eth,True,readme,Readme,Reentrancy,https://github.com/SunWeb3Sec/DeFiHackLabs/blob/main/past/2021/README.md,source_poc_tx_candidate_pending_rpc,staged_not_merged,
0x9fac5412eb42aab07dcb2c5fbb03669aaa98d9c57849d44d8291d3156d9f4871,eth,eth,True,rabbywallet-swaprouter-exp,Rabbywallet Swaprouter Exp,Unknown,https://github.com/SunWeb3Sec/DeFiHackLabs/blob/main/src/test/2022-10/RabbyWallet_SwapRouter_exp.sol,source_poc_tx_candidate_pending_rpc,staged_not_merged,
0xa00dda5ed0267accdf4ac6940000000000000000000000000000000000000000,eth,eth,True,coinbase-exp,Coinbase Exp,Unknown,https://github.com/SunWeb3Sec/DeFiHackLabs/blob/main/src/test/2025-08/coinbase_exp.sol,source_poc_tx_candidate_pending_rpc,staged_not_merged,
0xa00def91954ba9f1a1320ef582420d41ca886d417d996362bf3ac3fe2bfb9006,eth,eth,True,readme,Readme,Reentrancy,https://github.com/SunWeb3Sec/DeFiHackLabs/blob/main/past/2021/README.md,source_poc_tx_candidate_pending_rpc,staged_not_merged,
0xa02b159fb438c8f0fb2a8d90bc70d8b2273d06b55920b26f637cab072b7a0e3e,eth,eth,True,swappstaking-exp,Swappstaking Exp,Inflation Attack,https://github.com/SunWeb3Sec/DeFiHackLabs/blob/main/src/test/2025-07/SWAPPStaking_exp.sol,source_poc_tx_candidate_pending_rpc,staged_not_merged,
0xa02c180149ce03d1b6e3d412585000b968b7db59a277717ec51d0899c1a3c017,eth,eth,True,rabbywallet-swaprouter-exp,Rabbywallet Swaprouter Exp,Unknown,https://github.com/SunWeb3Sec/DeFiHackLabs/blob/main/src/test/2022-10/RabbyWallet_SwapRouter_exp.sol,source_poc_tx_candidate_pending_rpc,staged_not_merged,
0xa05f047ddfdad9126624c4496b5d4a59f961ee7c091e7b4e38cee86f1335736f,eth,eth,True,leveragesir-exp,Leveragesir Exp,Price Manipulation,https://github.com/SunWeb3Sec/DeFiHackLabs/blob/main/src/test/2025-03/LeverageSIR_exp.sol,source_poc_tx_candidate_pending_rpc,staged_not_merged,
0xa0b86991c6218b36c1d19d4a2e9eb0ce3606eb48c02aaa39b223fe8d0a0e5c4f,eth,eth,True,meva47b-exp,Meva47B Exp,Flash Loan Attack,https://github.com/SunWeb3Sec/DeFiHackLabs/blob/main/src/test/2022-10/MEVa47b_exp.sol,source_poc_tx_candidate_pending_rpc,staged_not_merged,
0xa13c8c7a0c97093dba3096c88044273c29cebeee109e23622cd412dcca8f50f4,eth,eth,True,readme,Readme,Reentrancy,https://github.com/SunWeb3Sec/DeFiHackLabs/blob/main/past/2022/README.md,source_poc_tx_candidate_pending_rpc,staged_not_merged,
0xa17001eb39f867b8bed850de9107018a2d2503f95f15e4dceb7d68fff5ef6d9d,eth,eth,True,alkemiearn-exp,Alkemiearn Exp,Flash Loan Attack,https://github.com/SunWeb3Sec/DeFiHackLabs/blob/main/src/test/2026-03/AlkemiEarn_exp.sol,source_poc_tx_candidate_pending_rpc,staged_not_merged,
0xa245deda8553c6e4c575baff9b50ef35abf4c8f990f8f36897696f896f240e3a,eth,eth,True,defiplaza-exp,Defiplaza Exp,Flash Loan Attack,https://github.com/SunWeb3Sec/DeFiHackLabs/blob/main/src/test/2024-07/DeFiPlaza_exp.sol,source_poc_tx_candidate_pending_rpc,staged_not_merged,
0xa262141abcf7c127b88b4042aee8bf601f4f3372c9471dbd75cb54e76524f18e,eth,eth,True,readme,Readme,Reentrancy,https://github.com/SunWeb3Sec/DeFiHackLabs/blob/main/past/2022/README.md,source_poc_tx_candidate_pending_rpc,staged_not_merged,
0xa284a1bc4c7e0379c924c73fcea1067068635507254b03ebbbd3f4e222c1fae0,eth,eth,True,bybit-exp,Bybit Exp,Price Manipulation,https://github.com/SunWeb3Sec/DeFiHackLabs/blob/main/src/test/2025-02/Bybit_exp.sol,source_poc_tx_candidate_pending_rpc,staged_not_merged,
0xa3299324d1c59598e0dfa68de8d8c03d7492d88f6068cdd633a74eb9212e19e5,eth,eth,True,badguysbyrpf-exp,Badguysbyrpf Exp,Inflation Attack,https://github.com/SunWeb3Sec/DeFiHackLabs/blob/main/src/test/2022-09/BadGuysbyRPF_exp.sol,source_poc_tx_candidate_pending_rpc,staged_not_merged,
0xa329b27fbe0f7b7f92060a9e5370fdf03d60e5c4835f09d7234e5bbecf417ccf,eth,eth,True,floorprotocol-exp,Floorprotocol Exp,Unknown,https://github.com/SunWeb3Sec/DeFiHackLabs/blob/main/src/test/2023-12/FloorProtocol_exp.sol,source_poc_tx_candidate_pending_rpc,staged_not_merged,
0xa3cbbdd2494f6d5452de8edc5c8c32f316abc40140a63769a22e04cd2549963b,eth,eth,True,teamfinance-exp,Teamfinance Exp,Price Manipulation,https://github.com/SunWeb3Sec/DeFiHackLabs/blob/main/src/test/2022-10/TeamFinance_exp.sol,source_poc_tx_candidate_pending_rpc,staged_not_merged,
0xa4659632a983b3bfd1b6248fd52d8f247a9fcdc1915f7d38f01008cff285d0bf,eth,eth,True,quantumwn-exp,Quantumwn Exp,Flash Loan Attack,https://github.com/SunWeb3Sec/DeFiHackLabs/blob/main/src/test/2023-09/QuantumWN_exp.sol,source_poc_tx_candidate_pending_rpc,staged_not_merged,
0xa4d7ee2ddb9db06961a17e2a5ae71743a266bcb720be138670f4a10e8dfc13e9,eth,eth,True,swarmmarkets-exp,Swarmmarkets Exp,Inflation Attack,https://github.com/SunWeb3Sec/DeFiHackLabs/blob/main/src/test/2024-02/SwarmMarkets_exp.sol,source_poc_tx_candidate_pending_rpc,staged_not_merged,
0xa4e650772f6e6b7ecc0964fe4c3854850669d1467570a2fa2b6edfa0f112c4b7,eth,eth,True,readme,Readme,Reentrancy,https://github.com/SunWeb3Sec/DeFiHackLabs/blob/main/past/2022/README.md,source_poc_tx_candidate_pending_rpc,staged_not_merged,
0xa57973a3d5a5d99d454c54117d7d30a57a8aca089891f505f120174216edaf42,eth,eth,True,sonne-exp,Sonne Exp,Flash Loan Attack,https://github.com/SunWeb3Sec/DeFiHackLabs/blob/main/src/test/2024-05/Sonne_exp.sol,source_poc_tx_candidate_pending_rpc,staged_not_merged,
0xa57ec56af91ec70517ca71ca50101958d9c2ec9fdb61edcf35a9081c375725c2,eth,eth,True,unverified-54cd-exp,Unverified 54Cd Exp,Unknown,https://github.com/SunWeb3Sec/DeFiHackLabs/blob/main/src/test/2025-07/unverified_54cd_exp.sol,source_poc_tx_candidate_pending_rpc,staged_not_merged,
0xa5b0246f2f8d238bb56c0ddb500b04bbe0c30db650e06a41e00b6a0fff11a7e5,eth,eth,True,readme,Readme,Reentrancy,https://github.com/SunWeb3Sec/DeFiHackLabs/blob/main/past/2022/README.md,source_poc_tx_candidate_pending_rpc,staged_not_merged,
0xa5fe9d044e4f3e5aa5bc4c0709333cd2190cba0f4e7f16bcf73f49f83e4a5460,eth,eth,True,readme,Readme,Reentrancy,https://github.com/SunWeb3Sec/DeFiHackLabs/blob/main/academy/onchain_debug/07_Analysis_nomad_bridge/en/readme.md,source_poc_tx_candidate_pending_rpc,staged_not_merged,
0xa624660c29ee97f3f4ebd36232d8199e7c97533c9db711fa4027994aa11e01b9,eth,eth,True,readme,Readme,Reentrancy,https://github.com/SunWeb3Sec/DeFiHackLabs/blob/main/past/2022/README.md,source_poc_tx_candidate_pending_rpc,staged_not_merged,
0xa685928b5102349a5cc50527fec2e03cb136c233505471bdd4363d0ab077a69a,eth,eth,True,barleyfinance-exp,Barleyfinance Exp,Unknown,https://github.com/SunWeb3Sec/DeFiHackLabs/blob/main/src/test/2024-01/BarleyFinance_exp.sol,source_poc_tx_candidate_pending_rpc,staged_not_merged,
0xa6f63fcb6bec8818864d96a5b1bb19e8bd85ee37b2cc916412e720988440b2aa,eth,eth,True,orion-exp,Orion Exp,Reentrancy,https://github.com/SunWeb3Sec/DeFiHackLabs/blob/main/src/test/2023-02/Orion_exp.sol,source_poc_tx_candidate_pending_rpc,staged_not_merged,
0xa7a3f0f3dbca12895d1f9424e8d0a924d50c92edfec3f817082763f73cb4cd5a,eth,eth,True,makina-exp,Makina Exp,Flash Loan Attack,https://github.com/SunWeb3Sec/DeFiHackLabs/blob/main/src/test/2026-01/makina_exp.sol,source_poc_tx_candidate_pending_rpc,staged_not_merged,
0xa844d117805bbe3b276c37582fc1f960b5870ccd0d1016ec39a2b32a5bc780cf,eth,eth,True,laundromat-exp,Laundromat Exp,Unknown,https://github.com/SunWeb3Sec/DeFiHackLabs/blob/main/src/test/2025-04/Laundromat_exp.sol,source_poc_tx_candidate_pending_rpc,staged_not_merged,
0xa84aa065ce61dbb1eb50ab6ae67fc31a9da50dd2c74eefd561661bfce2f1620c,eth,eth,True,curve-exp01,Curve Exp01,Reentrancy,https://github.com/SunWeb3Sec/DeFiHackLabs/blob/main/src/test/2023-07/Curve_exp01.sol,source_poc_tx_candidate_pending_rpc,staged_not_merged,
0xa9059cbb00000000000000000000000078b0168a18ef61d7460fabb4795e5f1a,eth,eth,True,aave-repay-adapter,Aave Repay Adapter,Flash Loan Attack,https://github.com/SunWeb3Sec/DeFiHackLabs/blob/main/src/test/2024-08/AAVE_Repay_Adapter.sol,source_poc_tx_candidate_pending_rpc,staged_not_merged,
0xa9948c8f0500a867091a090d12125f88868ac29e52af6391569094e82d416904,eth,eth,True,maestrorouter2-exp,Maestrorouter2 Exp,Unknown,https://github.com/SunWeb3Sec/DeFiHackLabs/blob/main/src/test/2023-10/MaestroRouter2_exp.sol,source_poc_tx_candidate_pending_rpc,staged_not_merged,
0xa9a1b8ea288eb9ad315088f17f7c7386b9989c95b4d13c81b69d5ddad7ffe61e,eth,eth,True,readme,Readme,Reentrancy,https://github.com/SunWeb3Sec/DeFiHackLabs/blob/main/past/2021/README.md,source_poc_tx_candidate_pending_rpc,staged_not_merged,
0xaa9a091201050408ff000000836c9007dbd73fcfc473190304c72b7e39babb91,eth,eth,True,makina-exp,Makina Exp,Flash Loan Attack,https://github.com/SunWeb3Sec/DeFiHackLabs/blob/main/src/test/2026-01/makina_exp.sol,source_poc_tx_candidate_pending_rpc,staged_not_merged,
0xaa9a091201060408ff000001836c9007dbd73fcfc473190304c72b7e39babb91,eth,eth,True,makina-exp,Makina Exp,Flash Loan Attack,https://github.com/SunWeb3Sec/DeFiHackLabs/blob/main/src/test/2026-01/makina_exp.sol,source_poc_tx_candidate_pending_rpc,staged_not_merged,
0xaa9a091201070408ff000002836c9007dbd73fcfc473190304c72b7e39babb91,eth,eth,True,makina-exp,Makina Exp,Flash Loan Attack,https://github.com/SunWeb3Sec/DeFiHackLabs/blob/main/src/test/2026-01/makina_exp.sol,source_poc_tx_candidate_pending_rpc,staged_not_merged,
0xaaa197c7478063eb1124c8d8b03016fe080e6ec4c4f4a4e6d7f09022084e3390,eth,eth,True,barleyfinance-exp,Barleyfinance Exp,Unknown,https://github.com/SunWeb3Sec/DeFiHackLabs/blob/main/src/test/2024-01/BarleyFinance_exp.sol,source_poc_tx_candidate_pending_rpc,staged_not_merged,
0xab2097bb3ce666493d0f76179f7206926adc8cec4ba16e88aed30c202d70c661,eth,eth,True,roar-exp,Roar Exp,Unknown,https://github.com/SunWeb3Sec/DeFiHackLabs/blob/main/src/test/2025-04/Roar_exp.sol,source_poc_tx_candidate_pending_rpc,staged_not_merged,
0xab486012f21be741c9e674ffda227e30518e8a1e37a5f1d58d0b0d41f6e76530,eth,eth,True,readme,Readme,Reentrancy,https://github.com/SunWeb3Sec/DeFiHackLabs/blob/main/past/2022/README.md,source_poc_tx_candidate_pending_rpc,staged_not_merged,
0xabfcfaf3620bbb2d41a3ffea6e31e93b9b5f61c061b9cfc5a53c74ebe890294d,eth,eth,True,xcarnival-exp,Xcarnival Exp,Unknown,https://github.com/SunWeb3Sec/DeFiHackLabs/blob/main/src/test/2022-06/XCarnival_exp.sol,source_poc_tx_candidate_pending_rpc,staged_not_merged,
0xac7292e7d0ec8ebe1c94203d190874b2aab30592327b6cc875d00f18de6f3133,eth,eth,True,readme,Readme,Reentrancy,https://github.com/SunWeb3Sec/DeFiHackLabs/blob/main/past/2022/README.md,source_poc_tx_candidate_pending_rpc,staged_not_merged,
0xacfcaa8e1c482148f9f2d592c78ca7a27934c7333dab31978ed0aef333a28ab6,eth,eth,True,readme,Readme,Reentrancy,https://github.com/SunWeb3Sec/DeFiHackLabs/blob/main/past/2022/README.md,source_poc_tx_candidate_pending_rpc,staged_not_merged,
0xad7a2c70c958fcd3effbf374d0acf3774a9257577625ae4c838e24b0de17602a,eth,eth,True,polynetwork-exp,Polynetwork Exp,Unknown,https://github.com/SunWeb3Sec/DeFiHackLabs/blob/main/src/test/2021-08/PolyNetwork_exp.sol,source_poc_tx_candidate_pending_rpc,staged_not_merged,
0xad818ec910def08c70ac519ab0fffa084b4178014a91cd8aa2f882d972a511c1,eth,eth,True,ehive-exp,Ehive Exp,Flash Loan Attack,https://github.com/SunWeb3Sec/DeFiHackLabs/blob/main/src/test/2023-08/EHIVE_exp.sol,source_poc_tx_candidate_pending_rpc,staged_not_merged,
0xad89ff16fd1ebe3a0a7cf4ed282302c06626c1af33221ebe0d3a470aba4a660f,eth,eth,True,readme,Readme,Reentrancy,https://github.com/SunWeb3Sec/DeFiHackLabs/blob/main/past/2021/README.md,source_poc_tx_candidate_pending_rpc,staged_not_merged,
0xae44b282d93e68621a7e6efa1e9b9893cc74b52a65196a60693a9e325c0fc401,eth,eth,True,makina-exp,Makina Exp,Flash Loan Attack,https://github.com/SunWeb3Sec/DeFiHackLabs/blob/main/src/test/2026-01/makina_exp.sol,source_poc_tx_candidate_pending_rpc,staged_not_merged,
0xae7d664bdfcc54220df4f18d339005c6faf6e62c9ca79c56387bc0389274363b,eth,eth,True,lendfme-exp,Lendfme Exp,Reentrancy,https://github.com/SunWeb3Sec/DeFiHackLabs/blob/main/src/test/2020-04/LendfMe_exp.sol,source_poc_tx_candidate_pending_rpc,staged_not_merged,
0xaee0f8d1235584a3212f233b655f87b89f22f1d4890782447c4ef742b37af58d,eth,eth,True,compounduni-exp,Compounduni Exp,Flash Loan Attack,https://github.com/SunWeb3Sec/DeFiHackLabs/blob/main/src/test/2024-02/CompoundUni_exp.sol,source_poc_tx_candidate_pending_rpc,staged_not_merged,
0xaf05a8c0b2d8c9e795329ab6e05044d016ee9a355d6eb49b082ce0789363f715,eth,eth,True,readme,Readme,Reentrancy,https://github.com/SunWeb3Sec/DeFiHackLabs/blob/main/academy/onchain_debug/07_Analysis_nomad_bridge/readme.md,source_poc_tx_candidate_pending_rpc,staged_not_merged,
0xaf46a42fe1ed7193b25c523723dc047c7500e50a00ecb7bbb822d665adb3e1f3,eth,eth,True,vinu-exp,Vinu Exp,Price Manipulation,https://github.com/SunWeb3Sec/DeFiHackLabs/blob/main/src/test/2023-06/VINU_exp.sol,source_poc_tx_candidate_pending_rpc,staged_not_merged,
0xb02c80e66eae74aef841e5d998aef03d201de66590950b6353e9a28b289c8c8b,eth,eth,True,sonne-exp,Sonne Exp,Flash Loan Attack,https://github.com/SunWeb3Sec/DeFiHackLabs/blob/main/src/test/2024-05/Sonne_exp.sol,source_poc_tx_candidate_pending_rpc,staged_not_merged,
0xb072f2e88058c147d8ff643694b43a42e36525b7173ce1daf76e6c06170b0e77,eth,eth,True,bzx-exp,Bzx Exp,Flash Loan Attack,https://github.com/SunWeb3Sec/DeFiHackLabs/blob/main/src/test/2023-12/bZx_exp.sol,source_poc_tx_candidate_pending_rpc,staged_not_merged,
0xb1f70464bd95b774c6ce60fc706eb5f9e35cb5f06e6cfe7c17dcda46ffd59581,eth,eth,True,readme,Readme,Reentrancy,https://github.com/SunWeb3Sec/DeFiHackLabs/blob/main/past/2021/README.md,source_poc_tx_candidate_pending_rpc,staged_not_merged,
0xb281fc8c12954d22544db45de3159a39272895b169a852b314f9cc762e44c53b,eth,eth,True,bacon-exp,Bacon Exp,Unknown,https://github.com/SunWeb3Sec/DeFiHackLabs/blob/main/src/test/2022-03/Bacon_exp.sol,source_poc_tx_candidate_pending_rpc,staged_not_merged,
0xb297db4d926f0ebc26e098afcefa63d1d86d2e047ecbc36357192ef5240ea0ea,eth,eth,True,badguysbyrpf-exp,Badguysbyrpf Exp,Inflation Attack,https://github.com/SunWeb3Sec/DeFiHackLabs/blob/main/src/test/2022-09/BadGuysbyRPF_exp.sol,source_poc_tx_candidate_pending_rpc,staged_not_merged,
0xb2e3ea72d353da43a2ac9a8f1670fd16463ab370e563b9b5b26119b2601277ce,eth,eth,True,teamfinance-exp,Teamfinance Exp,Price Manipulation,https://github.com/SunWeb3Sec/DeFiHackLabs/blob/main/src/test/2022-10/TeamFinance_exp.sol,source_poc_tx_candidate_pending_rpc,staged_not_merged,
0xb36486f032a450782d5d2fac118ea90a6d3b08cac3409d949c59b43bcd6dbb8f,eth,eth,True,elasticswap-exp,Elasticswap Exp,Unknown,https://github.com/SunWeb3Sec/DeFiHackLabs/blob/main/src/test/2022-12/ElasticSwap_exp.sol,source_poc_tx_candidate_pending_rpc,staged_not_merged,
0xb3af75f703ddc5d15ff872585b7d970c5204b90399a5859ec39e736a2ffbf375,eth,eth,True,rabbywallet-swaprouter-exp,Rabbywallet Swaprouter Exp,Unknown,https://github.com/SunWeb3Sec/DeFiHackLabs/blob/main/src/test/2022-10/RabbyWallet_SwapRouter_exp.sol,source_poc_tx_candidate_pending_rpc,staged_not_merged,
0xb54308956e58fc124503e01eaae153e54eb738fd188e476460dba78e61793b45,eth,eth,True,corkprotocol-exp,Corkprotocol Exp,Price Manipulation,https://github.com/SunWeb3Sec/DeFiHackLabs/blob/main/src/test/2025-05/Corkprotocol_exp.sol,source_poc_tx_candidate_pending_rpc,staged_not_merged,
0xb5cfa3f86ce9506e2364475dc43c44de444b079d4752edbffcdad7d1654b1f67,eth,eth,True,gradientmakerpool-exp,Gradientmakerpool Exp,Flash Loan Attack,https://github.com/SunWeb3Sec/DeFiHackLabs/blob/main/src/test/2025-06/GradientMakerPool_exp.sol,source_poc_tx_candidate_pending_rpc,staged_not_merged,
0xb613c68b00c532fe9b28a50a91c021d61a98d907d0217ab9b44cd8d6ae441d9f,eth,eth,True,badguysbyrpf-exp,Badguysbyrpf Exp,Inflation Attack,https://github.com/SunWeb3Sec/DeFiHackLabs/blob/main/src/test/2022-09/BadGuysbyRPF_exp.sol,source_poc_tx_candidate_pending_rpc,staged_not_merged,
0xb61413c495fdad6114a7aa863a00b2e3c28945979a10885b12b30316ea9f072c,eth,eth,True,bybit-exp,Bybit Exp,Price Manipulation,https://github.com/SunWeb3Sec/DeFiHackLabs/blob/main/src/test/2025-02/Bybit_exp.sol,source_poc_tx_candidate_pending_rpc,staged_not_merged,
0xb875ced562ca82ce114152c899bbd085d230a17be452243fda43bf995774243e,eth,eth,True,badguysbyrpf-exp,Badguysbyrpf Exp,Inflation Attack,https://github.com/SunWeb3Sec/DeFiHackLabs/blob/main/src/test/2022-09/BadGuysbyRPF_exp.sol,source_poc_tx_candidate_pending_rpc,staged_not_merged,
0xb93506af8f1a39f6a31e2d34f5f6a262c2799fef6e338640f42ab8737ed3d8a4,eth,eth,True,curve-llamalend-exp,Curve Llamalend Exp,Flash Loan Attack,https://github.com/SunWeb3Sec/DeFiHackLabs/blob/main/src/test/2026-03/Curve_LlamaLend_exp.sol,source_poc_tx_candidate_pending_rpc,staged_not_merged,
0xba69b455c511c500e0be9453cf70319bc61e29eb4235a6e5ca5fe6ddf1934159,eth,eth,True,readme,Readme,Flash Loan Attack,https://github.com/SunWeb3Sec/DeFiHackLabs/blob/main/academy/onchain_debug/02_warmup/en/readme.md,source_poc_tx_candidate_pending_rpc,staged_not_merged,
0xbc08860cd0a08289c41033bdc84b2bb2b0c54a51ceae59620ed9904384287a38,eth,eth,True,bot-exp,Bot Exp,Flash Loan Attack,https://github.com/SunWeb3Sec/DeFiHackLabs/blob/main/src/test/2023-11/bot_exp.sol,source_poc_tx_candidate_pending_rpc,staged_not_merged,
0xbcf316f5835362b7f1586215173cc8b294f5499c60c029a3de6318bf25ca7b20,eth,eth,True,bybit-exp,Bybit Exp,Price Manipulation,https://github.com/SunWeb3Sec/DeFiHackLabs/blob/main/src/test/2025-02/Bybit_exp.sol,source_poc_tx_candidate_pending_rpc,staged_not_merged,
0xbd72bccec6dd824f8cac5d9a3a2364794c9272d7f7348d074b580e3c6e44312e,eth,eth,True,dappsocial-exp,Dappsocial Exp,Unknown,https://github.com/SunWeb3Sec/DeFiHackLabs/blob/main/src/test/2023-09/DAppSocial_exp.sol,source_poc_tx_candidate_pending_rpc,staged_not_merged,
0xbeef09ee9d694d2b24f3f367568cc6ba1dad591ea9f969c36e5b181fd301be82,eth,eth,True,dn404-exp,Dn404 Exp,Unknown,https://github.com/SunWeb3Sec/DeFiHackLabs/blob/main/src/test/2024-02/DN404_exp.sol,source_poc_tx_candidate_pending_rpc,staged_not_merged,
0xbeef352f716973043236f73dd5104b9d905fd04b7fc58d9958ac5462e7e3dbc1,eth,eth,True,inumi-exp,Inumi Exp,Unknown,https://github.com/SunWeb3Sec/DeFiHackLabs/blob/main/src/test/2024-09/INUMI_exp.sol,source_poc_tx_candidate_pending_rpc,staged_not_merged,
0xbeefd8faba2aa82704afe821fd41b670319203dd9090f7af8affdf6bcfec2d61,eth,eth,True,deeznutz404-exp,Deeznutz404 Exp,Flash Loan Attack,https://github.com/SunWeb3Sec/DeFiHackLabs/blob/main/src/test/2024-02/DeezNutz404_exp.sol,source_poc_tx_candidate_pending_rpc,staged_not_merged,
0xbf2542540ce22abe7a1822e15d67a50b73a7ba18e036bb305103e51606122b69,eth,eth,True,readme,Readme,Price Manipulation,https://github.com/SunWeb3Sec/DeFiHackLabs/blob/main/academy/user_awareness/04_NFTScam/en/readme.md,source_poc_tx_candidate_pending_rpc,staged_not_merged,
0xbf5b2d22fa88965ddfc6e6d685fc7cfc683340c49e126386759ed9e4027b1415,eth,eth,True,rbalancer-exp,Rbalancer Exp,Unknown,https://github.com/SunWeb3Sec/DeFiHackLabs/blob/main/src/test/2023-11/RBalancer_exp.sol,source_poc_tx_candidate_pending_rpc,staged_not_merged,
0xbf97f0d554ad3b05a210efb4de2a4930747e423e87b1fb139b63fcc94f17e286,eth,eth,True,makina-exp,Makina Exp,Flash Loan Attack,https://github.com/SunWeb3Sec/DeFiHackLabs/blob/main/src/test/2026-01/makina_exp.sol,source_poc_tx_candidate_pending_rpc,staged_not_merged,
0xc02aaa39b223fe8d0a0e5c4f27ead9083c756cc2a0b86991c6218b36c1d19d4a,eth,eth,True,meva47b-exp,Meva47B Exp,Flash Loan Attack,https://github.com/SunWeb3Sec/DeFiHackLabs/blob/main/src/test/2022-10/MEVa47b_exp.sol,source_poc_tx_candidate_pending_rpc,staged_not_merged,
0xc087fbd68b9349b71838982e789e204454bfd00eebf9c8e101574376eb990d92,eth,eth,True,maestrorouter2-exp,Maestrorouter2 Exp,Unknown,https://github.com/SunWeb3Sec/DeFiHackLabs/blob/main/src/test/2023-10/MaestroRouter2_exp.sol,source_poc_tx_candidate_pending_rpc,staged_not_merged,
0xc10ec615e2d18c8a7dad2bb2418c422472565d9622ed851298fc848c3a451387,eth,eth,True,rabbywallet-swaprouter-exp,Rabbywallet Swaprouter Exp,Unknown,https://github.com/SunWeb3Sec/DeFiHackLabs/blob/main/src/test/2022-10/RabbyWallet_SwapRouter_exp.sol,source_poc_tx_candidate_pending_rpc,staged_not_merged,
0xc18ec2eb7d41638d9982281e766945d0428aaeda6211b4ccb6626ea7cff31f4a,eth,eth,True,readme,Readme,Reentrancy,https://github.com/SunWeb3Sec/DeFiHackLabs/blob/main/past/2022/README.md,source_poc_tx_candidate_pending_rpc,staged_not_merged,
0xc27c3ec61c61309c9af35af062a834e0d6914f9352113617400577c0f2b0e9de,eth,eth,True,aave-repay-adapter,Aave Repay Adapter,Flash Loan Attack,https://github.com/SunWeb3Sec/DeFiHackLabs/blob/main/src/test/2024-08/AAVE_Repay_Adapter.sol,source_poc_tx_candidate_pending_rpc,staged_not_merged,
0xc28fad5e8d5e0ce6a2eaf67b6687be5d58113e16be590824d6cfa1a94467d0b7,eth,eth,True,readme,Readme,Reentrancy,https://github.com/SunWeb3Sec/DeFiHackLabs/blob/main/past/2022/README.md,source_poc_tx_candidate_pending_rpc,staged_not_merged,
0xc310a0affe2169d1f6feec1c63dbc7f7c62a887fa48795d327d4d2da2d6b111d,eth,eth,True,euler-exp,Euler Exp,Flash Loan Attack,https://github.com/SunWeb3Sec/DeFiHackLabs/blob/main/src/test/2023-03/Euler_exp.sol,source_poc_tx_candidate_pending_rpc,staged_not_merged,
0xc346adf14e5082e6df5aeae650f3d7f606d7e08247c2b856510766b4dfcdc57f,eth,eth,True,readme,Readme,Reentrancy,https://github.com/SunWeb3Sec/DeFiHackLabs/blob/main/past/2022/README.md,source_poc_tx_candidate_pending_rpc,staged_not_merged,
0xc368afb2afc499e7ebb575ba3e717497385ef962b1f1922561bcb13f85336252,eth,eth,True,fortressloans-exp,Fortressloans Exp,Oracle Manipulation,https://github.com/SunWeb3Sec/DeFiHackLabs/blob/main/src/test/2022-05/FortressLoans_exp.sol,source_poc_tx_candidate_pending_rpc,staged_not_merged,
0xc42fc0e22a0f60cc299be80eb0c0ddce83c21c14a3dddd8430628011c3e20d6b,eth,eth,True,civfund-exp,Civfund Exp,Access Control,https://github.com/SunWeb3Sec/DeFiHackLabs/blob/main/src/test/2023-07/Civfund_exp.sol,source_poc_tx_candidate_pending_rpc,staged_not_merged,
0xc42fe1ce2516e125a386d198703b2422aa0190b25ef6a7b0a1d3c6f5d199ffad,eth,eth,True,uniclynft-exp,Uniclynft Exp,Reentrancy,https://github.com/SunWeb3Sec/DeFiHackLabs/blob/main/src/test/2023-09/uniclyNFT_exp.sol,source_poc_tx_candidate_pending_rpc,staged_not_merged,
0xc49499325cb5ad3bf4391ae95855ce2ee2b0222f9282c524daa1c4586a8fcd8b,eth,eth,True,maestrorouter2-exp,Maestrorouter2 Exp,Unknown,https://github.com/SunWeb3Sec/DeFiHackLabs/blob/main/src/test/2023-10/MaestroRouter2_exp.sol,source_poc_tx_candidate_pending_rpc,staged_not_merged,
0xc4ef3b5e39d862ffcb8ff591fbb587f89d9d4ab56aec70cfb15831782239c0ce,eth,eth,True,aaveboost-exp,Aaveboost Exp,Unknown,https://github.com/SunWeb3Sec/DeFiHackLabs/blob/main/src/test/2025-06/AAVEBoost_exp.sol,source_poc_tx_candidate_pending_rpc,staged_not_merged,
0xc6c3331fa8c2d30e1ef208424c08c039a89e510df2fb6ae31e5aa40722e28fd6,eth,eth,True,socketgateway-exp,Socketgateway Exp,Unknown,https://github.com/SunWeb3Sec/DeFiHackLabs/blob/main/src/test/2024-01/SocketGateway_exp.sol,source_poc_tx_candidate_pending_rpc,staged_not_merged,
0xc7477d6a5c63b04d37a39038a28b4cbaa06beb167e390d55ad4a421dbe4067f8,eth,eth,True,sizecredit-exp,Sizecredit Exp,Oracle Manipulation,https://github.com/SunWeb3Sec/DeFiHackLabs/blob/main/src/test/2025-08/SizeCredit_exp.sol,source_poc_tx_candidate_pending_rpc,staged_not_merged,
0xc7647406542f8f2473a06fea142d223022370aa5722c044c2b7ea030b8965dd0,eth,eth,True,readme,Readme,Reentrancy,https://github.com/SunWeb3Sec/DeFiHackLabs/blob/main/past/2022/README.md,source_poc_tx_candidate_pending_rpc,staged_not_merged,
0xc9b2cbc1437bbcd8c328b6d7cdbdae33d7d2a9ef07eca18b4922aac0430991e7,eth,eth,True,juice-exp,Juice Exp,Unknown,https://github.com/SunWeb3Sec/DeFiHackLabs/blob/main/src/test/2024-03/Juice_exp.sol,source_poc_tx_candidate_pending_rpc,staged_not_merged,
0xca53e107a9a21d8f431614570a98c4718cca7172415e3fbed8842d426ac3ab54,eth,eth,True,rabbywallet-swaprouter-exp,Rabbywallet Swaprouter Exp,Unknown,https://github.com/SunWeb3Sec/DeFiHackLabs/blob/main/src/test/2022-10/RabbyWallet_SwapRouter_exp.sol,source_poc_tx_candidate_pending_rpc,staged_not_merged,
0xca7c1a0fde444e1a68a8c2b8ae3fb76ec384d1f7ae9a50d26f8bfdd37c7a0afe,eth,eth,True,arcadiafi-exp,Arcadiafi Exp,Flash Loan Attack,https://github.com/SunWeb3Sec/DeFiHackLabs/blob/main/src/test/2023-07/ArcadiaFi_exp.sol,source_poc_tx_candidate_pending_rpc,staged_not_merged,
0xca8dd33850e29cf138c8382e17a19e77d7331b57c7a8451648788bbb26a70145,eth,eth,True,readme,Readme,Reentrancy,https://github.com/SunWeb3Sec/DeFiHackLabs/blob/main/past/2022/README.md,source_poc_tx_candidate_pending_rpc,staged_not_merged,
0xcbe521aea28911fe9983030748028e12541e347b8b6b974d026fa5065c22f0cf,eth,eth,True,unibot-exp,Unibot Exp,Unknown,https://github.com/SunWeb3Sec/DeFiHackLabs/blob/main/src/test/2023-10/UniBot_exp.sol,source_poc_tx_candidate_pending_rpc,staged_not_merged,
0xcc2b27d7810406ff000000845a6a4d54456819380173272a5e8e9b9904bdf41b,eth,eth,True,makina-exp,Makina Exp,Flash Loan Attack,https://github.com/SunWeb3Sec/DeFiHackLabs/blob/main/src/test/2026-01/makina_exp.sol,source_poc_tx_candidate_pending_rpc,staged_not_merged,
0xcc36283cee837a8a0d4af0357d1957dc561913e44ad293ea9da8acf15d874ed5,eth,eth,True,pln-exp,Pln Exp,Unknown,https://github.com/SunWeb3Sec/DeFiHackLabs/blob/main/src/test/2024-09/PLN_exp.sol,source_poc_tx_candidate_pending_rpc,staged_not_merged,
0xcd314668aaa9bbfebaf1a0bd2b6553d01dd58899c508d4729fa7311dc5d33ad7,eth,eth,True,readme,Readme,Reentrancy,https://github.com/SunWeb3Sec/DeFiHackLabs/blob/main/past/2022/README.md,source_poc_tx_candidate_pending_rpc,staged_not_merged,
0xcd4755645595094a8ab984d0db7e3b4aabde72a5c87c4f176a030629c47fb014,eth,eth,True,truebit-exp,Truebit Exp,Price Manipulation,https://github.com/SunWeb3Sec/DeFiHackLabs/blob/main/src/test/2026-01/Truebit_exp.sol,source_poc_tx_candidate_pending_rpc,staged_not_merged,
0xcd7dae143a4c0223349c16237ce4cd7696b1638d116a72755231ede872ab70fc,eth,eth,True,popsicle-exp,Popsicle Exp,Flash Loan Attack,https://github.com/SunWeb3Sec/DeFiHackLabs/blob/main/src/test/2021-08/Popsicle_exp.sol,source_poc_tx_candidate_pending_rpc,staged_not_merged,
0xcdd93e37ba2991ce02d8ca07bf6563bf5cd5ae801cbbce3dd0babb22e30b2dbe,eth,eth,True,btc20-exp,Btc20 Exp,Flash Loan Attack,https://github.com/SunWeb3Sec/DeFiHackLabs/blob/main/src/test/2023-08/BTC20_exp.sol,source_poc_tx_candidate_pending_rpc,staged_not_merged,
0xce0935010baf445e300d4d600caac7fc1fecb5ccb092cdbef57904aa7e5408b2,eth,eth,True,rabbywallet-swaprouter-exp,Rabbywallet Swaprouter Exp,Unknown,https://github.com/SunWeb3Sec/DeFiHackLabs/blob/main/src/test/2022-10/RabbyWallet_SwapRouter_exp.sol,source_poc_tx_candidate_pending_rpc,staged_not_merged,
0xce5c61c22a5d840c02b32aaebf73c9bc3c3d71c49f22b22c4f3cae4aa1fd557b,eth,eth,True,badguysbyrpf-exp,Badguysbyrpf Exp,Inflation Attack,https://github.com/SunWeb3Sec/DeFiHackLabs/blob/main/src/test/2022-09/BadGuysbyRPF_exp.sol,source_poc_tx_candidate_pending_rpc,staged_not_merged,
0xcf2f993113a4d558801e60f8790390c1c45085bcee717e7ed8b4a67e2e8c705d,eth,eth,True,readme,Readme,Price Manipulation,https://github.com/SunWeb3Sec/DeFiHackLabs/blob/main/academy/user_awareness/04_NFTScam/en/readme.md,source_poc_tx_candidate_pending_rpc,staged_not_merged,
0xcf729a9392b0960cd315d7d49f53640f000ca6b8a0bd91866af5821fdf36afc5,eth,eth,True,readme,Readme,Reentrancy,https://github.com/SunWeb3Sec/DeFiHackLabs/blob/main/past/2023/README.md,source_poc_tx_candidate_pending_rpc,staged_not_merged,
0xcf834aff4de9992f5da9c443600dad9c6277a8a00de5007842fece51564992db,eth,eth,True,adc-exp,Adc Exp,Flash Loan Attack,https://github.com/SunWeb3Sec/DeFiHackLabs/blob/main/src/test/2024-02/ADC_exp.sol,source_poc_tx_candidate_pending_rpc,staged_not_merged,
0xcfe1d2b333e1b9da5e2d5f1d7697b628c818cc41f9f3020187d4ce2c2610a05c,eth,eth,True,maestrorouter2-exp,Maestrorouter2 Exp,Unknown,https://github.com/SunWeb3Sec/DeFiHackLabs/blob/main/src/test/2023-10/MaestroRouter2_exp.sol,source_poc_tx_candidate_pending_rpc,staged_not_merged,
0xcff84cc137c92e427f720ca1f2b36fbad793f34ec5117eed127060686e6797b1,eth,eth,True,compounderfinance-exp,Compounderfinance Exp,Flash Loan Attack,https://github.com/SunWeb3Sec/DeFiHackLabs/blob/main/src/test/2023-06/CompounderFinance_exp.sol,source_poc_tx_candidate_pending_rpc,staged_not_merged,
0xd044373fa377c3af4a854829176d14eebc23d96c342401b294f3491f0616559c,eth,eth,True,azukidao-exp,Azukidao Exp,Unknown,https://github.com/SunWeb3Sec/DeFiHackLabs/blob/main/src/test/2023-07/AzukiDAO_exp.sol,source_poc_tx_candidate_pending_rpc,staged_not_merged,
0xd12016b25d7aef681ade3dc3c9d1a1cc12f35b2c99953ff0e0ee23a59454c4fe,eth,eth,True,moonhacker-exp,Moonhacker Exp,Flash Loan Attack,https://github.com/SunWeb3Sec/DeFiHackLabs/blob/main/src/test/2024-12/Moonhacker_exp.sol,source_poc_tx_candidate_pending_rpc,staged_not_merged,
0xd127c438bdac59e448810b812ffc8910bbefc3ebf280817bd2ed1e57705588a0,eth,eth,True,fortressloans-exp,Fortressloans Exp,Oracle Manipulation,https://github.com/SunWeb3Sec/DeFiHackLabs/blob/main/src/test/2022-05/FortressLoans_exp.sol,source_poc_tx_candidate_pending_rpc,staged_not_merged,
0xd155207261712c35fa3d472ed1e51bfcd816e616dd4f517fa5959836f5b48569,eth,eth,True,balancerv2-exp,Balancerv2 Exp,Precision Loss,https://github.com/SunWeb3Sec/DeFiHackLabs/blob/main/src/test/2025-11/BalancerV2_exp.sol,source_poc_tx_candidate_pending_rpc,staged_not_merged,
0xd17266bcdf30cbcbd7d0b5a006f43141981aeee2e1f860f68c9a1805ecacbc68,eth,eth,True,ght-exp,Ght Exp,Unknown,https://github.com/SunWeb3Sec/DeFiHackLabs/blob/main/src/test/2024-03/GHT_exp.sol,source_poc_tx_candidate_pending_rpc,staged_not_merged,
0xd20b3b31a682322eb0698ecd67a6d8a040ccea653ba429ec73e3584fa176ff2b,eth,eth,True,firetoken-exp,Firetoken Exp,Flash Loan Attack,https://github.com/SunWeb3Sec/DeFiHackLabs/blob/main/src/test/2024-10/FireToken_exp.sol,source_poc_tx_candidate_pending_rpc,staged_not_merged,
0xd284a1831379548ff6bb0b5ad75ce8d0d1fea1cdc7b40b5f8d2e2307c9eda32c,eth,eth,True,badguysbyrpf-exp,Badguysbyrpf Exp,Inflation Attack,https://github.com/SunWeb3Sec/DeFiHackLabs/blob/main/src/test/2022-09/BadGuysbyRPF_exp.sol,source_poc_tx_candidate_pending_rpc,staged_not_merged,
0xd48758ef48d113b78a09f7b8c7cd663ad79e9965852e872fdfc92234c3e598d2,eth,eth,True,readme,Readme,Reentrancy,https://github.com/SunWeb3Sec/DeFiHackLabs/blob/main/past/2022/README.md,source_poc_tx_candidate_pending_rpc,staged_not_merged,
0xd493c73397952049644c531309df3dd4134bf3db1e64eb6f0b68b016ee0bffde,eth,eth,True,curveburner-exp,Curveburner Exp,Flash Loan Attack,https://github.com/SunWeb3Sec/DeFiHackLabs/blob/main/src/test/2023-08/CurveBurner_exp.sol,source_poc_tx_candidate_pending_rpc,staged_not_merged,
0xd4b7fd0617b28e1eeb018e1dbf924e662d1a0520cad96af2fcf496e16f4c58c6,eth,eth,True,orbitchain-exp,Orbitchain Exp,Bridge Exploit,https://github.com/SunWeb3Sec/DeFiHackLabs/blob/main/src/test/2024-01/OrbitChain_exp.sol,source_poc_tx_candidate_pending_rpc,staged_not_merged,
0xd4fafa1261f6e4f9c8543228a67caf9d02811e4ad3058a2714323964a8db61f6,eth,eth,True,readme,Readme,Reentrancy,https://github.com/SunWeb3Sec/DeFiHackLabs/blob/main/academy/onchain_debug/01_tools/en/readme.md,source_poc_tx_candidate_pending_rpc,staged_not_merged,
0xd55e43c1602b28d4fd4667ee445d570c8f298f5401cf04e62ec329759ecda95d,eth,eth,True,yearnfinance-exp,Yearnfinance Exp,Flash Loan Attack,https://github.com/SunWeb3Sec/DeFiHackLabs/blob/main/src/test/2023-04/YearnFinance_exp.sol,source_poc_tx_candidate_pending_rpc,staged_not_merged,
0xd5b4d68432cbbd912130bbb5b93399031ddbb400d8f723c78050574de7533106,eth,eth,True,thenftv2-exp,Thenftv2 Exp,Unknown,https://github.com/SunWeb3Sec/DeFiHackLabs/blob/main/src/test/2023-11/TheNFTV2_exp.sol,source_poc_tx_candidate_pending_rpc,staged_not_merged,
0xd5e2edd6089dcf5dca78c0ccbdf659acedab173a8ab3cb65720e35b640c0af7c,eth,eth,True,readme,Readme,Reentrancy,https://github.com/SunWeb3Sec/DeFiHackLabs/blob/main/past/2021/README.md,source_poc_tx_candidate_pending_rpc,staged_not_merged,
0xd692f71de2768017390395db815d34033013136c378177c05d0d46ef3b6f0897,eth,eth,True,readme,Readme,Reentrancy,https://github.com/SunWeb3Sec/DeFiHackLabs/blob/main/past/2022/README.md,source_poc_tx_candidate_pending_rpc,staged_not_merged,
0xd7b3de3e1198ad3c53db7b873132bd16741f130d8fe73e801b281182cc3da487,eth,eth,True,laundromat-exp,Laundromat Exp,Unknown,https://github.com/SunWeb3Sec/DeFiHackLabs/blob/main/src/test/2025-04/Laundromat_exp.sol,source_poc_tx_candidate_pending_rpc,staged_not_merged,
0xd813751bfb98a51912b8394b5856ae4515be6a9c6e5583e06b41d9255ba6e3c1,eth,eth,True,superrare-exp,Superrare Exp,Unknown,https://github.com/SunWeb3Sec/DeFiHackLabs/blob/main/src/test/2025-07/SuperRare_exp.sol,source_poc_tx_candidate_pending_rpc,staged_not_merged,
0xd82fe84e63b1aa52e1ce540582ee0895ba4a71ec5e7a632a3faa1aff3e763873,eth,eth,True,lifiprotocol-exp,Lifiprotocol Exp,Flash Loan Attack,https://github.com/SunWeb3Sec/DeFiHackLabs/blob/main/src/test/2024-07/Lifiprotocol_exp.sol,source_poc_tx_candidate_pending_rpc,staged_not_merged,
0xd9156f507c701a09d3312e1987383c7c882df50b3127e1adfd74d74052642114,eth,eth,True,ehive-exp,Ehive Exp,Flash Loan Attack,https://github.com/SunWeb3Sec/DeFiHackLabs/blob/main/src/test/2023-08/EHIVE_exp.sol,source_poc_tx_candidate_pending_rpc,staged_not_merged,
0xd927843e30c6b2bf43103d83bca6abead648eac3cad0d05b1b0eb84cd87de9b6,eth,eth,True,ompxcontract-exp,Ompxcontract Exp,Flash Loan Attack,https://github.com/SunWeb3Sec/DeFiHackLabs/blob/main/src/test/2024-08/OMPxContract_exp.sol,source_poc_tx_candidate_pending_rpc,staged_not_merged,
0xd9b3e229acc755881890394cc76fde0d7b83b1abd4d046b0f69c1fd9fd495ff6,eth,eth,True,particletrade-exp,Particletrade Exp,Price Manipulation,https://github.com/SunWeb3Sec/DeFiHackLabs/blob/main/src/test/2024-02/ParticleTrade_exp.sol,source_poc_tx_candidate_pending_rpc,staged_not_merged,
0xd9fdc7d03eec28fc2453c5fa68eff82d4c297f436a6a5470c54ca3aecd2db17e,eth,eth,True,sashatoken-exp,Sashatoken Exp,Price Manipulation,https://github.com/SunWeb3Sec/DeFiHackLabs/blob/main/src/test/2024-10/SASHAToken_exp.sol,source_poc_tx_candidate_pending_rpc,staged_not_merged,
0xda8f6a4bed7e5689a343d111632d37480c0316f1d20b732803c4bd482823e284,eth,eth,True,wifcoin-eth-exp,Wifcoin Eth Exp,Unknown,https://github.com/SunWeb3Sec/DeFiHackLabs/blob/main/src/test/2024-06/WIFCOIN_ETH_exp.sol,source_poc_tx_candidate_pending_rpc,staged_not_merged,
0xdaccbc437cb07427394704fbcc8366589ffccf974ec6524f3483844b043f31d5,eth,eth,True,revertfinance-exp,Revertfinance Exp,Unknown,https://github.com/SunWeb3Sec/DeFiHackLabs/blob/main/src/test/2023-02/RevertFinance_exp.sol,source_poc_tx_candidate_pending_rpc,staged_not_merged,
0xdacf5fa19b1f720111609043ac67a9818262850c000000000000000000000635,eth,eth,True,balancerv2-exp,Balancerv2 Exp,Precision Loss,https://github.com/SunWeb3Sec/DeFiHackLabs/blob/main/src/test/2025-11/BalancerV2_exp.sol,source_poc_tx_candidate_pending_rpc,staged_not_merged,
0xdae0b85e01670e6b6b317657a72fb560fc388664cf8bfdd9e1b0ae88e0679103,eth,eth,True,readme,Readme,Reentrancy,https://github.com/SunWeb3Sec/DeFiHackLabs/blob/main/past/2023/README.md,source_poc_tx_candidate_pending_rpc,staged_not_merged,
0xdaf42127499f878b62fc5ba2103135de1c36e1646487cee309c077296814f5ff,eth,eth,True,unilend-exp,Unilend Exp,Flash Loan Attack,https://github.com/SunWeb3Sec/DeFiHackLabs/blob/main/src/test/2025-01/Unilend_exp.sol,source_poc_tx_candidate_pending_rpc,staged_not_merged,
0xdd0636e2598f4d7b74f364fedb38f334365fd956747a04a6dd597444af0bc1c0,eth,eth,True,unizenio2-exp,Unizenio2 Exp,Unknown,https://github.com/SunWeb3Sec/DeFiHackLabs/blob/main/src/test/2024-03/UnizenIO2_exp.sol,source_poc_tx_candidate_pending_rpc,staged_not_merged,
0xdd3a0e9477d9e2f82be3b891061fb1d435839c670ff6aa61183f5ee01d52d3b6,eth,eth,True,laundromat-exp,Laundromat Exp,Unknown,https://github.com/SunWeb3Sec/DeFiHackLabs/blob/main/src/test/2025-04/Laundromat_exp.sol,source_poc_tx_candidate_pending_rpc,staged_not_merged,
0xdd7dd68cd879d07cfc2cb74606baa2a5bf18df0e3bda9f6b43f904f4f7bbdfc1,eth,eth,True,bao-exp,Bao Exp,Flash Loan Attack,https://github.com/SunWeb3Sec/DeFiHackLabs/blob/main/src/test/2023-07/Bao_exp.sol,source_poc_tx_candidate_pending_rpc,staged_not_merged,
0xddaef0451b6c22a35bc641cd5f66aae904351f8adca3e588f0385d9d0bec542f,eth,eth,True,laundromat-exp,Laundromat Exp,Unknown,https://github.com/SunWeb3Sec/DeFiHackLabs/blob/main/src/test/2025-04/Laundromat_exp.sol,source_poc_tx_candidate_pending_rpc,staged_not_merged,
0xddd1048fe3f2df1fb98e534a97173b32a9fca662dbd257a72725482431d3f25e,eth,eth,True,maestrorouter2-exp,Maestrorouter2 Exp,Unknown,https://github.com/SunWeb3Sec/DeFiHackLabs/blob/main/src/test/2023-10/MaestroRouter2_exp.sol,source_poc_tx_candidate_pending_rpc,staged_not_merged,
0xde8d9d55a5c795b2b9b3cd5b648a29b392572719fbabd91993efcd2bc57110d3,eth,eth,True,fortressloans-exp,Fortressloans Exp,Oracle Manipulation,https://github.com/SunWeb3Sec/DeFiHackLabs/blob/main/src/test/2022-05/FortressLoans_exp.sol,source_poc_tx_candidate_pending_rpc,staged_not_merged,
0xdecb2622da70fee1c343b93dc946eb855fd32c59b293c0765cb94a71e62aeff3,eth,eth,True,orbitchain-exp,Orbitchain Exp,Bridge Exploit,https://github.com/SunWeb3Sec/DeFiHackLabs/blob/main/src/test/2024-01/OrbitChain_exp.sol,source_poc_tx_candidate_pending_rpc,staged_not_merged,
0xe06c17f1a6630bfa47f0fe0cfba02f40f0901e2412713e4c7f46ae17a25dc92c,eth,eth,True,orbitchain-exp,Orbitchain Exp,Bridge Exploit,https://github.com/SunWeb3Sec/DeFiHackLabs/blob/main/src/test/2024-01/OrbitChain_exp.sol,source_poc_tx_candidate_pending_rpc,staged_not_merged,
0xe09d350d8574ac1728ab5797e3aa46841f6c97239940db010943f23ad4acf7ae,eth,eth,True,xbridge-exp,Xbridge Exp,Bridge Exploit,https://github.com/SunWeb3Sec/DeFiHackLabs/blob/main/src/test/2024-04/XBridge_exp.sol,source_poc_tx_candidate_pending_rpc,staged_not_merged,
0xe0b0c2672b760bef4e2851e91c69c8c0ad135c6987bbf1f43f5846d89e691428,eth,eth,True,readme,Readme,Reentrancy,https://github.com/SunWeb3Sec/DeFiHackLabs/blob/main/past/2022/README.md,source_poc_tx_candidate_pending_rpc,staged_not_merged,
0xe0bada18fdc56dec125c31b1636490f85ba66016318060a066ed7050ff7271f9,eth,eth,True,orbitchain-exp,Orbitchain Exp,Bridge Exploit,https://github.com/SunWeb3Sec/DeFiHackLabs/blob/main/src/test/2024-01/OrbitChain_exp.sol,source_poc_tx_candidate_pending_rpc,staged_not_merged,
0xe176bd9cfefd40dc03508e91d856bd1fe72ffc1e9260cd63502db68962b4de1a,eth,eth,True,readme,Readme,Reentrancy,https://github.com/SunWeb3Sec/DeFiHackLabs/blob/main/past/2022/README.md,source_poc_tx_candidate_pending_rpc,staged_not_merged,
0xe28ca1f43036f4768776805fb50906f8172f75eba3bf1d9866bcd64361fda834,eth,eth,True,readme,Readme,Reentrancy,https://github.com/SunWeb3Sec/DeFiHackLabs/blob/main/past/2023/README.md,source_poc_tx_candidate_pending_rpc,staged_not_merged,
0xe2912b8bf34d561983f2ae95f34e33ecc7792a2905a3e317fcc98052bce66431,eth,eth,True,pikefinance-exp,Pikefinance Exp,Unknown,https://github.com/SunWeb3Sec/DeFiHackLabs/blob/main/src/test/2024-04/PikeFinance_exp.sol,source_poc_tx_candidate_pending_rpc,staged_not_merged,
0xe30dc75253eecec3377e03c532aa41bae1c26909bc8618f21fb83d4330a01018,eth,eth,True,readme,Readme,Reentrancy,https://github.com/SunWeb3Sec/DeFiHackLabs/blob/main/past/2022/README.md,source_poc_tx_candidate_pending_rpc,staged_not_merged,
0xe374495036fac18aa5b1a497a17e70f256c4d3d416dd1408c026f3f5c70a3a9c,eth,eth,True,readme,Readme,Reentrancy,https://github.com/SunWeb3Sec/DeFiHackLabs/blob/main/past/2022/README.md,source_poc_tx_candidate_pending_rpc,staged_not_merged,
0xe3eab35b288c086afa9b86a97ab93c7bb61d21b1951a156d2a8f6f5d5715c475,eth,eth,True,drlvaultv3-exp,Drlvaultv3 Exp,Flash Loan Attack,https://github.com/SunWeb3Sec/DeFiHackLabs/blob/main/src/test/2025-11/DRLVaultV3_exp.sol,source_poc_tx_candidate_pending_rpc,staged_not_merged,
0xe3f0d14cfb6076cabdc9057001c3fafe28767a192e88005bc37bd7d385a1116a,eth,eth,True,paraspace-exp-2,Paraspace Exp 2,Flash Loan Attack,https://github.com/SunWeb3Sec/DeFiHackLabs/blob/main/src/test/2023-03/Paraspace_exp_2.sol,source_poc_tx_candidate_pending_rpc,staged_not_merged,
0xe4c1aeacf8c93f8e39fe78420ce7a114ecf59dea90047cd2af390b30af54e7b9,eth,eth,True,sbrtoken-exp,Sbrtoken Exp,Unknown,https://github.com/SunWeb3Sec/DeFiHackLabs/blob/main/src/test/2025-03/SBRToken_exp.sol,source_poc_tx_candidate_pending_rpc,staged_not_merged,
0xe50459992a5c9678d53efbffbf6b95687111e5789dada996e41fea2986077bed,eth,eth,True,sonne-exp,Sonne Exp,Flash Loan Attack,https://github.com/SunWeb3Sec/DeFiHackLabs/blob/main/src/test/2024-05/Sonne_exp.sol,source_poc_tx_candidate_pending_rpc,staged_not_merged,
0xe50ed602bd916fc304d53c4fed236698b71691a95774ff0aeeb74b699c6227f7,eth,eth,True,readme,Readme,Reentrancy,https://github.com/SunWeb3Sec/DeFiHackLabs/blob/main/past/2022/README.md,source_poc_tx_candidate_pending_rpc,staged_not_merged,
0xe59fa48212c4ee716c03e648e04f0ca390f4a4fc921a890fded0e01afa4ba96d,eth,eth,True,readme,Readme,Reentrancy,https://github.com/SunWeb3Sec/DeFiHackLabs/blob/main/past/2022/README.md,source_poc_tx_candidate_pending_rpc,staged_not_merged,
0xe60c5a3154094828065049121e244dfd362606c2a5390d40715ba54699ba9da6,eth,eth,True,maestrorouter2-exp,Maestrorouter2 Exp,Unknown,https://github.com/SunWeb3Sec/DeFiHackLabs/blob/main/src/test/2023-10/MaestroRouter2_exp.sol,source_poc_tx_candidate_pending_rpc,staged_not_merged,
0xe72d4e7ba9b5af0cf2a8cfb1e30fd9f388df0ab3da79790be842bfbed11087b0,eth,eth,True,readme,Readme,Reentrancy,https://github.com/SunWeb3Sec/DeFiHackLabs/blob/main/past/2021/README.md,source_poc_tx_candidate_pending_rpc,staged_not_merged,
0xe8277ef6ba8611bd12dc5a6e7ca4b984423bc0b3828159f83b466fdcf4fe054f,eth,eth,True,jokinthebox-exp,Jokinthebox Exp,Flash Loan Attack,https://github.com/SunWeb3Sec/DeFiHackLabs/blob/main/src/test/2024-06/JokInTheBox_exp.sol,source_poc_tx_candidate_pending_rpc,staged_not_merged,
0xe89305151bbec931414ab9693bf886cf3b96dba00ca338b1c0aaae911b6dff35,eth,eth,True,badguysbyrpf-exp,Badguysbyrpf Exp,Inflation Attack,https://github.com/SunWeb3Sec/DeFiHackLabs/blob/main/src/test/2022-09/BadGuysbyRPF_exp.sol,source_poc_tx_candidate_pending_rpc,staged_not_merged,
0xe8cee3450545a865b4a8fffd93938ae93429574dc8e01b02bc6a02f2f4490e4e,eth,eth,True,hanatoken-exp,Hanatoken Exp,Unknown,https://github.com/SunWeb3Sec/DeFiHackLabs/blob/main/src/test/2024-09/HANAToken_exp.sol,source_poc_tx_candidate_pending_rpc,staged_not_merged,
0xe8f17ee00906cd0cfb61671937f11bd3d26cdc47c1534fedc43163a7e89edc6f,eth,eth,True,teamfinance-exp,Teamfinance Exp,Price Manipulation,https://github.com/SunWeb3Sec/DeFiHackLabs/blob/main/src/test/2022-10/TeamFinance_exp.sol,source_poc_tx_candidate_pending_rpc,staged_not_merged,
0xe90bfdcf00000000000000000000000000000000000000000000000000000000,eth,eth,True,polynetwork-exp,Polynetwork Exp,Unknown,https://github.com/SunWeb3Sec/DeFiHackLabs/blob/main/src/test/2021-08/PolyNetwork_exp.sol,source_poc_tx_candidate_pending_rpc,staged_not_merged,
0xeaaa8f4d33b1035a790f0d7c4eb6e38db7d6d3b580e0bbc9ba39a9d6b80dd250,eth,eth,True,readme,Readme,Reentrancy,https://github.com/SunWeb3Sec/DeFiHackLabs/blob/main/past/2021/README.md,source_poc_tx_candidate_pending_rpc,staged_not_merged,
0xeaef2831d4d6bca04e4e9035613be637ae3b0034977673c1c2f10903926f29c0,eth,eth,True,brahtopg-exp,Brahtopg Exp,Unknown,https://github.com/SunWeb3Sec/DeFiHackLabs/blob/main/src/test/2022-11/BrahTOPG_exp.sol,source_poc_tx_candidate_pending_rpc,staged_not_merged,
0xeb87ebc0a18aca7d2a9ffcabf61aa69c9e8d3c6efade9e2303f8857717fb9eb7,eth,eth,True,sturdy-exp,Sturdy Exp,Reentrancy,https://github.com/SunWeb3Sec/DeFiHackLabs/blob/main/src/test/2023-06/Sturdy_exp.sol,source_poc_tx_candidate_pending_rpc,staged_not_merged,
0xeb8c3bebed11e2e4fcd30cbfc2fb3c55c4ca166003c7f7d319e78eaab9747098,eth,eth,True,readme,Readme,Reentrancy,https://github.com/SunWeb3Sec/DeFiHackLabs/blob/main/past/2022/README.md,source_poc_tx_candidate_pending_rpc,staged_not_merged,
0xec317deb2f3efdc1dbf7ed5d3902cdf2c33ae512151646383a8cf8cbcd3d4577,eth,eth,True,readme,Readme,Reentrancy,https://github.com/SunWeb3Sec/DeFiHackLabs/blob/main/past/2022/README.md,source_poc_tx_candidate_pending_rpc,staged_not_merged,
0xec7523660f8b66d9e4a5931d97ad8b30acc679c973b20038ba4c15d4336b393d,eth,eth,True,nfttrader-exp,Nfttrader Exp,Reentrancy,https://github.com/SunWeb3Sec/DeFiHackLabs/blob/main/src/test/2023-12/NFTTrader_exp.sol,source_poc_tx_candidate_pending_rpc,staged_not_merged,
0xec75bb553f50af37f8dd8f4b1e2bfe4703b27f586187741b91db770ad9b230cb,eth,eth,True,teamfinance-exp,Teamfinance Exp,Price Manipulation,https://github.com/SunWeb3Sec/DeFiHackLabs/blob/main/src/test/2022-10/TeamFinance_exp.sol,source_poc_tx_candidate_pending_rpc,staged_not_merged,
0xec8f6d8e114caf8425736e0a3d5be2f93bbea6c01a50a7eeb3d61d2634927b40,eth,eth,True,floorprotocol-exp,Floorprotocol Exp,Unknown,https://github.com/SunWeb3Sec/DeFiHackLabs/blob/main/src/test/2023-12/FloorProtocol_exp.sol,source_poc_tx_candidate_pending_rpc,staged_not_merged,
0xec91250cc040f420bdd11eb4b77cbf1d659ed043e88dbe49b392d44a85453e04,eth,eth,True,laundromat-exp,Laundromat Exp,Unknown,https://github.com/SunWeb3Sec/DeFiHackLabs/blob/main/src/test/2025-04/Laundromat_exp.sol,source_poc_tx_candidate_pending_rpc,staged_not_merged,
0xecdd111a60debfadc6533de30fb7f55dc5ceed01dfadd30e4a7ebdb416d2f6b6,eth,eth,True,time-exp,Time Exp,Unknown,https://github.com/SunWeb3Sec/DeFiHackLabs/blob/main/src/test/2023-12/TIME_exp.sol,source_poc_tx_candidate_pending_rpc,staged_not_merged,
0xed26708a7335116bdb0673f32ace7c2f329fe3cd349e200447210f1721f335f0,eth,eth,True,nomadbridge-exp,Nomadbridge Exp,Bridge Exploit,https://github.com/SunWeb3Sec/DeFiHackLabs/blob/main/src/test/2022-08/NomadBridge_exp.sol,source_poc_tx_candidate_pending_rpc,staged_not_merged,
0xed2c72ef1a552ddaec6dd1f5cddf0b59a8f37f82bdda5257d9c7c37db7bb9b08,eth,eth,True,readme,Readme,Reentrancy,https://github.com/SunWeb3Sec/DeFiHackLabs/blob/main/past/2022/README.md,source_poc_tx_candidate_pending_rpc,staged_not_merged,
0xedc214a62ff6fd764200ddaa8ceae54f842279eadab80900be5f29d0b75212df,eth,eth,True,readme,Readme,Reentrancy,https://github.com/SunWeb3Sec/DeFiHackLabs/blob/main/past/2023/README.md,source_poc_tx_candidate_pending_rpc,staged_not_merged,
0xede17ea0feb39c3e2c3b900b4a95f239f010c251afb46a89984d868151c5b209,eth,eth,True,makina-exp,Makina Exp,Flash Loan Attack,https://github.com/SunWeb3Sec/DeFiHackLabs/blob/main/src/test/2026-01/makina_exp.sol,source_poc_tx_candidate_pending_rpc,staged_not_merged,
0xede72a74d8398875b42d92c550539d72c830d3c3271a7641ee1843dc105de59e,eth,eth,True,cexiswap-exp,Cexiswap Exp,Delegatecall Abuse,https://github.com/SunWeb3Sec/DeFiHackLabs/blob/main/src/test/2023-09/CEXISWAP_exp.sol,source_poc_tx_candidate_pending_rpc,staged_not_merged,
0xede874f9a4333a26e97d3be9d1951e6a3c2a8861e4e301787093cfb1293d4756,eth,eth,True,maestrorouter2-exp,Maestrorouter2 Exp,Unknown,https://github.com/SunWeb3Sec/DeFiHackLabs/blob/main/src/test/2023-10/MaestroRouter2_exp.sol,source_poc_tx_candidate_pending_rpc,staged_not_merged,
0xee17656e8a839ac096dd5905744ada01278fc49b978260e9e3ddd92223cc18d7,eth,eth,True,badguysbyrpf-exp,Badguysbyrpf Exp,Inflation Attack,https://github.com/SunWeb3Sec/DeFiHackLabs/blob/main/src/test/2022-09/BadGuysbyRPF_exp.sol,source_poc_tx_candidate_pending_rpc,staged_not_merged,
0xeef10fc5170f669b86c4cd0444882a96087221325f8bf2f55d6188633aa7be7c,eth,eth,True,readme,Readme,Reentrancy,https://github.com/SunWeb3Sec/DeFiHackLabs/blob/main/past/2021/README.md,source_poc_tx_candidate_pending_rpc,staged_not_merged,
0xef34f4fdf03e403e3c94e96539354fb4fe0b79a5ec927eacc63bc04108dbf420,eth,eth,True,lauratoken-exp,Lauratoken Exp,Flash Loan Attack,https://github.com/SunWeb3Sec/DeFiHackLabs/blob/main/src/test/2025-01/LAURAToken_exp.sol,source_poc_tx_candidate_pending_rpc,staged_not_merged,
0xefa9c4383dc58e492cd1c670d2661968db28fa7557b9c8f90685e5a6cbbf41fe,eth,eth,True,unilend-exp,Unilend Exp,Flash Loan Attack,https://github.com/SunWeb3Sec/DeFiHackLabs/blob/main/src/test/2025-01/Unilend_exp.sol,source_poc_tx_candidate_pending_rpc,staged_not_merged,
0xf0464b01d962f714eee9d4392b2494524d0e10ce3eb3723873afd1346b8b06e4,eth,eth,True,blueberryprotocol-exp,Blueberryprotocol Exp,Flash Loan Attack,https://github.com/SunWeb3Sec/DeFiHackLabs/blob/main/src/test/2024-02/BlueberryProtocol_exp.sol,source_poc_tx_candidate_pending_rpc,staged_not_merged,
0xf0a13b445674094c455de9e947a25bade75cac9f5176695fca418898ea25742f,eth,eth,True,depusdt-levusdc-exp,Depusdt Levusdc Exp,Access Control,https://github.com/SunWeb3Sec/DeFiHackLabs/blob/main/src/test/2023-06/DEPUSDT_LEVUSDC_exp.sol,source_poc_tx_candidate_pending_rpc,staged_not_merged,
0xf1818f62c635e5c80ef16b7857da812c74ce330ebed46682b4d173bffe84c666,eth,eth,True,readme,Readme,Reentrancy,https://github.com/SunWeb3Sec/DeFiHackLabs/blob/main/past/2022/README.md,source_poc_tx_candidate_pending_rpc,staged_not_merged,
0xf1c1066c259672396b8f242311a9f1c83bfa52c27529d713d80a3da93047c37f,eth,eth,True,rabbywallet-swaprouter-exp,Rabbywallet Swaprouter Exp,Unknown,https://github.com/SunWeb3Sec/DeFiHackLabs/blob/main/src/test/2022-10/RabbyWallet_SwapRouter_exp.sol,source_poc_tx_candidate_pending_rpc,staged_not_merged,
0xf1d81597f32c9376e90d22b9a1f121f1a99a1c191f8e930ed0de6df7b759a154,eth,eth,True,orbitchain-exp,Orbitchain Exp,Bridge Exploit,https://github.com/SunWeb3Sec/DeFiHackLabs/blob/main/src/test/2024-01/OrbitChain_exp.sol,source_poc_tx_candidate_pending_rpc,staged_not_merged,
0xf326b46750aa6deec7344bb6f7243a395bcfde2680300e16f1bbff78672cbf3c,eth,eth,True,makina-exp,Makina Exp,Flash Loan Attack,https://github.com/SunWeb3Sec/DeFiHackLabs/blob/main/src/test/2026-01/makina_exp.sol,source_poc_tx_candidate_pending_rpc,staged_not_merged,
0xf4a3d0e01bbca6c114954d4a49503fc94dfdbc864bded5530b51a207640d86b5,eth,eth,True,uerii-exp,Uerii Exp,Price Manipulation,https://github.com/SunWeb3Sec/DeFiHackLabs/blob/main/src/test/2022-10/Uerii_exp.sol,source_poc_tx_candidate_pending_rpc,staged_not_merged,
0xf4ae22177c3abbb0f21defe51dd14eff68eb1b0c52ac4104186220138e8e5bb2,eth,eth,True,maestrorouter2-exp,Maestrorouter2 Exp,Unknown,https://github.com/SunWeb3Sec/DeFiHackLabs/blob/main/src/test/2023-10/MaestroRouter2_exp.sol,source_poc_tx_candidate_pending_rpc,staged_not_merged,
0xf4f254c3c6b64ded778b5af292c6ab6ed886c1bdd8988510bdc0ca0cf7f9857e,eth,eth,True,pineprotocol-exp,Pineprotocol Exp,Flash Loan Attack,https://github.com/SunWeb3Sec/DeFiHackLabs/blob/main/src/test/2023-12/PineProtocol_exp.sol,source_poc_tx_candidate_pending_rpc,staged_not_merged,
0xf5f251fd4ed77e24d803d8241e2e852f0781a145891411dd4eb45306eacf12a8,eth,eth,True,unverified-16d0,Unverified 16D0,Unknown,https://github.com/SunWeb3Sec/DeFiHackLabs/blob/main/src/test/2024-09/unverified_16d0.sol,source_poc_tx_candidate_pending_rpc,staged_not_merged,
0xf72f1d10fc6923f87279ce6c0aef46e372c6652a696f280b0465a301a92f2e26,eth,eth,True,multichaincapital-exp,Multichaincapital Exp,Flash Loan Attack,https://github.com/SunWeb3Sec/DeFiHackLabs/blob/main/src/test/2023-05/MultiChainCapital_exp.sol,source_poc_tx_candidate_pending_rpc,staged_not_merged,
0xf7c21600452939a81b599017ee24ee0dfd92aaaccd0a55d02819a7658a6ef635,eth,eth,True,readme,Readme,Reentrancy,https://github.com/SunWeb3Sec/DeFiHackLabs/blob/main/past/2023/README.md,source_poc_tx_candidate_pending_rpc,staged_not_merged,
0xf7f60c98b04d45c371bcccf6aa12ebcd844fca6b17e7cd77503d6159d60a1aaa,eth,eth,True,orbitchain-exp,Orbitchain Exp,Bridge Exploit,https://github.com/SunWeb3Sec/DeFiHackLabs/blob/main/src/test/2024-01/OrbitChain_exp.sol,source_poc_tx_candidate_pending_rpc,staged_not_merged,
0xf9025e317ce71bc8c055a511fccf0eb4eafd0b8c613da4d5a8e05e139966d6ff,eth,eth,True,unverified-b5cb-exp,Unverified B5Cb Exp,Unknown,https://github.com/SunWeb3Sec/DeFiHackLabs/blob/main/src/test/2025-06/unverified_b5cb_exp.sol,source_poc_tx_candidate_pending_rpc,staged_not_merged,
0xf93db4cdee0ed2af06067a9c953ebc62dd17f70be37961636c42d698cc23e932,eth,eth,True,unverified-a89f-exp,Unverified A89F Exp,Unknown,https://github.com/SunWeb3Sec/DeFiHackLabs/blob/main/src/test/2024-09/unverified_a89f_exp.sol,source_poc_tx_candidate_pending_rpc,staged_not_merged,
0xfa352d6368bbc643bcf9d528ffaba5dd3e826137bc42f935045c6c227bd4c72a,eth,eth,True,cream-exp,Cream Exp,Inflation Attack,https://github.com/SunWeb3Sec/DeFiHackLabs/blob/main/src/test/2021-08/Cream_exp.sol,source_poc_tx_candidate_pending_rpc,staged_not_merged,
0xfab5912f858b3768b7b7d312abcc02b64af7b1e1b62c4f29a2c1a2d1568e9fa2,eth,eth,True,mainnetsettler-exp,Mainnetsettler Exp,Unknown,https://github.com/SunWeb3Sec/DeFiHackLabs/blob/main/src/test/2024-11/MainnetSettler_exp.sol,source_poc_tx_candidate_pending_rpc,staged_not_merged,
0xfb14292a531411f852993e5a3ba4e7eb63ed548220267b9b3f4aacc5572d3a58,eth,eth,True,readme,Readme,Reentrancy,https://github.com/SunWeb3Sec/DeFiHackLabs/blob/main/past/2023/README.md,source_poc_tx_candidate_pending_rpc,staged_not_merged,
0xfb153c572e304093023b4f9694ef39135b6ed5b2515453173e81ec02df2e2104,eth,eth,True,orion-exp,Orion Exp,Reentrancy,https://github.com/SunWeb3Sec/DeFiHackLabs/blob/main/src/test/2023-02/Orion_exp.sol,source_poc_tx_candidate_pending_rpc,staged_not_merged,
0xfb9942a119c45adab3980639cd829e57b41449e3b82d610892da4bb921e81d9c,eth,eth,True,floorprotocol-exp,Floorprotocol Exp,Unknown,https://github.com/SunWeb3Sec/DeFiHackLabs/blob/main/src/test/2023-12/FloorProtocol_exp.sol,source_poc_tx_candidate_pending_rpc,staged_not_merged,
0xfc872bf5ca8f04b18b82041ec563e4abf2e31e1fc27d1ea5dee39bc8a79d2d06,eth,eth,True,usdtstakingcontract28-exp,Usdtstakingcontract28 Exp,Unknown,https://github.com/SunWeb3Sec/DeFiHackLabs/blob/main/src/test/2023-07/USDTStakingContract28_exp.sol,source_poc_tx_candidate_pending_rpc,staged_not_merged,
0xfd89cdd0be468a564dd525b222b728386d7c6780cf7b2f90d2b54493be09f64d,eth,eth,True,corkprotocol-exp,Corkprotocol Exp,Price Manipulation,https://github.com/SunWeb3Sec/DeFiHackLabs/blob/main/src/test/2025-05/Corkprotocol_exp.sol,source_poc_tx_candidate_pending_rpc,staged_not_merged,
0xfde10ad92566f369b23ed5135289630b7a6453887c77088794552c2a3d1ce8b7,eth,eth,True,qtn-exp,Qtn Exp,Unknown,https://github.com/SunWeb3Sec/DeFiHackLabs/blob/main/src/test/2023-01/QTN_exp.sol,source_poc_tx_candidate_pending_rpc,staged_not_merged,
0xfe8bc757d87e97a5471378c90d390df47e1b29bb9fca918b94acd8ecfaadc598,eth,eth,True,zenterest-exp,Zenterest Exp,Price Manipulation,https://github.com/SunWeb3Sec/DeFiHackLabs/blob/main/src/test/2024-08/Zenterest_exp.sol,source_poc_tx_candidate_pending_rpc,staged_not_merged,
0xfeedbf51b4e2338e38171f6e19501327294ab1907ab44cfd2d7e7336c975ace7,eth,eth,True,raft-exp,Raft Exp,Flash Loan Attack,https://github.com/SunWeb3Sec/DeFiHackLabs/blob/main/src/test/2023-11/Raft_exp.sol,source_poc_tx_candidate_pending_rpc,staged_not_merged,
0xfefd829e246002a8fd061eede7501bccb6e244a9aacea0ebceaecef5d877a984,eth,eth,True,audius-exp,Audius Exp,Governance Attack,https://github.com/SunWeb3Sec/DeFiHackLabs/blob/main/src/test/2022-07/Audius_exp.sol,source_poc_tx_candidate_pending_rpc,staged_not_merged,
0xff1f352912666796d5cd51b5dfa3e6319544aeb5938e1e9f310fd5fcb02be6da,eth,eth,True,rabbywallet-swaprouter-exp,Rabbywallet Swaprouter Exp,Unknown,https://github.com/SunWeb3Sec/DeFiHackLabs/blob/main/src/test/2022-10/RabbyWallet_SwapRouter_exp.sol,source_poc_tx_candidate_pending_rpc,staged_not_merged,
0xff7c705149017ce467d05717eadb0a2718aedc7a1799ad153d05e8fc48be853e,eth,eth,True,orbitchain-exp,Orbitchain Exp,Bridge Exploit,https://github.com/SunWeb3Sec/DeFiHackLabs/blob/main/src/test/2024-01/OrbitChain_exp.sol,source_poc_tx_candidate_pending_rpc,staged_not_merged,
0xffb4bd29825bdd41adf344028f759692021cbadc2d4cb5b587e68fd8285c5eb1,eth,eth,True,maestrorouter2-exp,Maestrorouter2 Exp,Unknown,https://github.com/SunWeb3Sec/DeFiHackLabs/blob/main/src/test/2023-10/MaestroRouter2_exp.sol,source_poc_tx_candidate_pending_rpc,staged_not_merged,
0xffbbd492e0605a8bb6d490c3cd879e87ff60862b0684160d08fd5711e7a872d3,eth,eth,True,resupplyfi-exp,Resupplyfi Exp,Flash Loan Attack,https://github.com/SunWeb3Sec/DeFiHackLabs/blob/main/src/test/2025-06/ResupplyFi_exp.sol,source_poc_tx_candidate_pending_rpc,staged_not_merged,
0xfffffffffffffffffffffffffffffffffffffffffffffffffffffffffffffe00,eth,eth,True,oneinchfusionv1settlementhack-sol-exp,Oneinchfusionv1Settlementhack Sol Exp,Unknown,https://github.com/SunWeb3Sec/DeFiHackLabs/blob/main/src/test/2025-03/OneInchFusionV1SettlementHack.sol_exp.sol,source_poc_tx_candidate_pending_rpc,staged_not_merged,
0xffffffffffffffffffffffffffffffffffffffffffffffffffffffffffffffff,eth,eth,True,kyberswap-exp-eth-1,Kyberswap Exp Eth 1,Flash Loan Attack,https://github.com/SunWeb3Sec/DeFiHackLabs/blob/main/src/test/2023-11/KyberSwap_exp.eth.1.sol,source_poc_tx_candidate_pending_rpc,staged_not_merged,
0x5118df23e81603a64c7676dd6b6e4f76a57e4267e67507d34b0b26dd9ee10eac,fantom,fantom,True,polterfinance-exploit,Polterfinance Exploit,Unknown,https://github.com/SunWeb3Sec/DeFiHackLabs/blob/main/src/test/2024-11/PolterFinance_exploit.sol,source_poc_tx_candidate_pending_rpc,staged_not_merged,
0x45b2d71f5bbb17fa67341fdf30468f1de032db71760be0cf4df9bac316cda7cc,gnosis,gnosis,True,agave-exp,Agave Exp,Reentrancy,https://github.com/SunWeb3Sec/DeFiHackLabs/blob/main/src/test/2022-03/Agave_exp.sol,source_poc_tx_candidate_pending_rpc,staged_not_merged,
0x534b84f657883ddc1b66a314e8b392feb35024afdec61dfe8e7c510cfac1a098,gnosis,gnosis,True,hundredfinance-exp,Hundredfinance Exp,Reentrancy,https://github.com/SunWeb3Sec/DeFiHackLabs/blob/main/src/test/2022-03/HundredFinance_exp.sol,source_poc_tx_candidate_pending_rpc,staged_not_merged,
0xa262141abcf7c127b88b4042aee8bf601f4f3372c9471dbd75cb54e76524f18e,gnosis,gnosis,True,agave-exp,Agave Exp,Reentrancy,https://github.com/SunWeb3Sec/DeFiHackLabs/blob/main/src/test/2022-03/Agave_exp.sol,source_poc_tx_candidate_pending_rpc,staged_not_merged,
0x0053490215baf541362fc78be0de98e3147f40223238d5b12512b3e26c0a2c2f,polygon,polygon,True,midas-exp,Midas Exp,Reentrancy,https://github.com/SunWeb3Sec/DeFiHackLabs/blob/main/src/test/2023-01/Midas_exp.sol,source_poc_tx_candidate_pending_rpc,staged_not_merged,
0x051f80a7ef69e1ffad889ec7e1f7d29a9e80883156b5c8528438b5bb8b7a689a,polygon,polygon,True,lfi-exp,Lfi Exp,Delegatecall Abuse,https://github.com/SunWeb3Sec/DeFiHackLabs/blob/main/src/test/2023-05/LFI_exp.sol,source_poc_tx_candidate_pending_rpc,staged_not_merged,
0x10f2c28f5d6cd8d7b56210b4d5e0cece27e45a30808cd3d3443c05d4275bb008,polygon,polygon,True,0vix-exp,0Vix Exp,Flash Loan Attack,https://github.com/SunWeb3Sec/DeFiHackLabs/blob/main/src/test/2023-04/0vix_exp.sol,source_poc_tx_candidate_pending_rpc,staged_not_merged,
0x554c9e4067e3bc0201ba06fc2cfeeacd178d7dd9c69f9b211bc661bb11296fde,polygon,polygon,True,btc24h-exp,Btc24H Exp,Unknown,https://github.com/SunWeb3Sec/DeFiHackLabs/blob/main/src/test/2024-12/BTC24H_exp.sol,source_poc_tx_candidate_pending_rpc,staged_not_merged,
0x6fa6374d43df083679cdab97149af8207cda2471620a06d3f28b115136b8e2c4,polygon,polygon,True,phoenix-exp,Phoenix Exp,Flash Loan Attack,https://github.com/SunWeb3Sec/DeFiHackLabs/blob/main/src/test/2023-03/Phoenix_exp.sol,source_poc_tx_candidate_pending_rpc,staged_not_merged,
0x7320accea0ef1d7abca8100c82223533b624c82d3e8d445954731495d4388483,polygon,polygon,True,libertify-exp,Libertify Exp,Flash Loan Attack,https://github.com/SunWeb3Sec/DeFiHackLabs/blob/main/src/test/2023-07/Libertify_exp.sol,source_poc_tx_candidate_pending_rpc,staged_not_merged,
0x8159462d255c1d24915cb51ec361f700174cd99400000000000000000000075d,polygon,polygon,True,0vix-exp,0Vix Exp,Flash Loan Attack,https://github.com/SunWeb3Sec/DeFiHackLabs/blob/main/src/test/2023-04/0vix_exp.sol,source_poc_tx_candidate_pending_rpc,staged_not_merged,
0x96d80c609f7a39b45f2bb581c6ba23402c20c2b6cd528317692c31b8d3948328,polygon,polygon,True,firebirdpair-exp,Firebirdpair Exp,Flash Loan Attack,https://github.com/SunWeb3Sec/DeFiHackLabs/blob/main/src/test/2023-09/FireBirdPair_exp.sol,source_poc_tx_candidate_pending_rpc,staged_not_merged,
0xa1f2377fc6c24d7cd9ca084cafec29e5d5c8442a10aae4e7e304a4fbf548be6d,polygon,polygon,True,nst-exp,Nst Exp,Flash Loan Attack,https://github.com/SunWeb3Sec/DeFiHackLabs/blob/main/src/test/2023-06/NST_exp.sol,source_poc_tx_candidate_pending_rpc,staged_not_merged,
0xae8f935830f6b418804836eacb0243447b6d977c000200000000000000000ad1,polygon,polygon,True,0vix-exp,0Vix Exp,Flash Loan Attack,https://github.com/SunWeb3Sec/DeFiHackLabs/blob/main/src/test/2023-04/0vix_exp.sol,source_poc_tx_candidate_pending_rpc,staged_not_merged,
0xb20fc01d21a50d2c734c4a1262b4404d41fa7bf000000000000000000000075c,polygon,polygon,True,0vix-exp,0Vix Exp,Flash Loan Attack,https://github.com/SunWeb3Sec/DeFiHackLabs/blob/main/src/test/2023-04/0vix_exp.sol,source_poc_tx_candidate_pending_rpc,staged_not_merged,
0xb8efe839da0c89daa763f39f30577dc21937ae351c6f99336a0017e63d387558,polygon,polygon,True,market-exp,Market Exp,Reentrancy,https://github.com/SunWeb3Sec/DeFiHackLabs/blob/main/src/test/2022-10/Market_exp.sol,source_poc_tx_candidate_pending_rpc,staged_not_merged,
0xdd82fde0cc2fb7bdc078aead655f6d5e75a267a47c33fa92b658e3573b93ef0c,polygon,polygon,True,lfi-exp,Lfi Exp,Delegatecall Abuse,https://github.com/SunWeb3Sec/DeFiHackLabs/blob/main/src/test/2023-05/LFI_exp.sol,source_poc_tx_candidate_pending_rpc,staged_not_merged,
0x0000000000000000000000000000000000000000000000000000000000000001,unknown,unknown,False,caterpillar-coin-cut-exp,Caterpillar Coin Cut Exp,Unknown,https://github.com/SunWeb3Sec/DeFiHackLabs/blob/main/src/test/2024-09/Caterpillar_Coin_CUT_exp.sol,source_poc_tx_candidate_pending_rpc,staged_not_merged,Unsupported or unresolved chain; inspect PoC manually.
0x00000000000000000000000000000000ffffffffffffffffffffff787406ca5f,unknown,unknown,False,velocore-exp,Velocore Exp,Unknown,https://github.com/SunWeb3Sec/DeFiHackLabs/blob/main/src/test/2024-06/Velocore_exp.sol,source_poc_tx_candidate_pending_rpc,staged_not_merged,Unsupported or unresolved chain; inspect PoC manually.
0x00000000000000000000000000000000fffffffffffffffffffffffd4a0022c4,unknown,unknown,False,velocore-exp,Velocore Exp,Unknown,https://github.com/SunWeb3Sec/DeFiHackLabs/blob/main/src/test/2024-06/Velocore_exp.sol,source_poc_tx_candidate_pending_rpc,staged_not_merged,Unsupported or unresolved chain; inspect PoC manually.
0x00000000000000000000000000000000fffffffffffffffffffffffff21eb904,unknown,unknown,False,velocore-exp,Velocore Exp,Unknown,https://github.com/SunWeb3Sec/DeFiHackLabs/blob/main/src/test/2024-06/Velocore_exp.sol,source_poc_tx_candidate_pending_rpc,staged_not_merged,Unsupported or unresolved chain; inspect PoC manually.
0x00000000000000000000000000000000ffffffffffffffffffffffffffffd8f0,unknown,unknown,False,velocore-exp,Velocore Exp,Unknown,https://github.com/SunWeb3Sec/DeFiHackLabs/blob/main/src/test/2024-06/Velocore_exp.sol,source_poc_tx_candidate_pending_rpc,staged_not_merged,Unsupported or unresolved chain; inspect PoC manually.
0x00000000000000000000000010ed43c718714eb63d5aa57b78b54704e256024e,unknown,unknown,False,readme,Readme,Unknown,https://github.com/SunWeb3Sec/DeFiHackLabs/blob/main/academy/onchain_debug/05_Rugpull/readme.md,source_poc_tx_candidate_pending_rpc,staged_not_merged,Unsupported or unresolved chain; inspect PoC manually.
0x000000000000000000000000176211869ca2b568f2a7d4ee941e073a821ee1ff,unknown,unknown,False,velocore-exp,Velocore Exp,Unknown,https://github.com/SunWeb3Sec/DeFiHackLabs/blob/main/src/test/2024-06/Velocore_exp.sol,source_poc_tx_candidate_pending_rpc,staged_not_merged,Unsupported or unresolved chain; inspect PoC manually.
0x0000000000000000000000005695ef5f2e997b2e142b38837132a6c3ddc463b7,unknown,unknown,False,readme,Readme,Unknown,https://github.com/SunWeb3Sec/DeFiHackLabs/blob/main/academy/onchain_debug/05_Rugpull/readme.md,source_poc_tx_candidate_pending_rpc,staged_not_merged,Unsupported or unresolved chain; inspect PoC manually.
0x000000000000000000000000e2c67a9b15e9e7ff8a9cb0dfb8fee5609923e5db,unknown,unknown,False,velocore-exp,Velocore Exp,Unknown,https://github.com/SunWeb3Sec/DeFiHackLabs/blob/main/src/test/2024-06/Velocore_exp.sol,source_poc_tx_candidate_pending_rpc,staged_not_merged,Unsupported or unresolved chain; inspect PoC manually.
0x00c5a772a58b117f142b2cbc8721b80d145ef7a910043ad08439863d0e78e300,unknown,unknown,False,lpmine-exp,Lpmine Exp,Flash Loan Attack,https://github.com/SunWeb3Sec/DeFiHackLabs/blob/main/src/test/2025-01/LPMine_exp.sol,source_poc_tx_candidate_pending_rpc,staged_not_merged,Unsupported or unresolved chain; inspect PoC manually.
0x00e4bbc86369d67e21b1910c4f9178c8257ce96192039a7839bd4d3593e1cd27,unknown,unknown,False,airbtc-exp,Airbtc Exp,Unknown,https://github.com/SunWeb3Sec/DeFiHackLabs/blob/main/src/test/2024-09/AIRBTC_exp.sol,source_poc_tx_candidate_pending_rpc,staged_not_merged,Unsupported or unresolved chain; inspect PoC manually.
0x010100000000000000000000000000007fffffffffffffffffffffffffffffff,unknown,unknown,False,velocore-exp,Velocore Exp,Unknown,https://github.com/SunWeb3Sec/DeFiHackLabs/blob/main/src/test/2024-06/Velocore_exp.sol,source_poc_tx_candidate_pending_rpc,staged_not_merged,Unsupported or unresolved chain; inspect PoC manually.
0x01701220183a8e97b39ebe3c38b6166cd7c9ddfe3c38fd76352e5652b9c25467,unknown,unknown,False,deus-exp,Deus Exp,Oracle Manipulation,https://github.com/SunWeb3Sec/DeFiHackLabs/blob/main/src/test/2022-04/deus_exp.sol,source_poc_tx_candidate_pending_rpc,staged_not_merged,Unsupported or unresolved chain; inspect PoC manually.
0x020100000000000000000000000000007fffffffffffffffffffffffffffffff,unknown,unknown,False,velocore-exp,Velocore Exp,Unknown,https://github.com/SunWeb3Sec/DeFiHackLabs/blob/main/src/test/2024-06/Velocore_exp.sol,source_poc_tx_candidate_pending_rpc,staged_not_merged,Unsupported or unresolved chain; inspect PoC manually.
0x0237855c63eb85c5f437fba5267cc869a08c58a49501e3e5ebec9990bdd97565,unknown,unknown,False,channelsfinance-exp,Channelsfinance Exp,Precision Loss,https://github.com/SunWeb3Sec/DeFiHackLabs/blob/main/src/test/2023-12/ChannelsFinance_exp.sol,source_poc_tx_candidate_pending_rpc,staged_not_merged,Unsupported or unresolved chain; inspect PoC manually.
0x042b8dc879fa193acc79f55a02c08f276eaf1c4f7c66a33811fce2a4507cea63,unknown,unknown,False,localtrader-exp,Localtrader Exp,Price Manipulation,https://github.com/SunWeb3Sec/DeFiHackLabs/blob/main/src/test/2023-05/LocalTrader_exp.sol,source_poc_tx_candidate_pending_rpc,staged_not_merged,Unsupported or unresolved chain; inspect PoC manually.
0x09105b771ada0c66f48786260929c0967fc822e037904ced6eac61284b6992d9,unknown,unknown,False,citadelfinance-exp,Citadelfinance Exp,Flash Loan Attack,https://github.com/SunWeb3Sec/DeFiHackLabs/blob/main/src/test/2024-01/CitadelFinance_exp.sol,source_poc_tx_candidate_pending_rpc,staged_not_merged,Unsupported or unresolved chain; inspect PoC manually.
0x095ea7b300000000000000000000000000000000000000000000000000000000,unknown,unknown,False,interface,Interface,Flash Loan Attack,https://github.com/SunWeb3Sec/DeFiHackLabs/blob/main/src/test/interface.sol,source_poc_tx_candidate_pending_rpc,staged_not_merged,Unsupported or unresolved chain; inspect PoC manually.
0x0ab12913f9232b27b0664cd2d50e482ad6aa896aeb811b53081712f42d54c026,unknown,unknown,False,nxusd-exp,Nxusd Exp,Flash Loan Attack,https://github.com/SunWeb3Sec/DeFiHackLabs/blob/main/src/test/2022-09/NXUSD_exp.sol,source_poc_tx_candidate_pending_rpc,staged_not_merged,Unsupported or unresolved chain; inspect PoC manually.
0x0d13a61e9dc81cfae324d3d80e49830d9bbae300f760e016a15600889a896a1b,unknown,unknown,False,laeeb-exp,Laeeb Exp,Flash Loan Attack,https://github.com/SunWeb3Sec/DeFiHackLabs/blob/main/src/test/2023-10/LaEeb_exp.sol,source_poc_tx_candidate_pending_rpc,staged_not_merged,Unsupported or unresolved chain; inspect PoC manually.
0x0e14cb7eabeeb2a819c52f313c986a877c1fa19824e899d1b91875c11ba053b0,unknown,unknown,False,roi-exp,Roi Exp,Flash Loan Attack,https://github.com/SunWeb3Sec/DeFiHackLabs/blob/main/src/test/2022-09/ROI_exp.sol,source_poc_tx_candidate_pending_rpc,staged_not_merged,Unsupported or unresolved chain; inspect PoC manually.
0x0e970ed84424d8ea51f6460ce6105ab68441d4450a80bc8d749fdf01e504ed8c,unknown,unknown,False,lpc-exp,Lpc Exp,Flash Loan Attack,https://github.com/SunWeb3Sec/DeFiHackLabs/blob/main/src/test/2022-07/LPC_exp.sol,source_poc_tx_candidate_pending_rpc,staged_not_merged,Unsupported or unresolved chain; inspect PoC manually.
0x11c1ef2c61f5a2e41d570a1547d2d891bf916853ddd94e32097e86bcdd21cb4c,unknown,unknown,False,lpmine-exp,Lpmine Exp,Flash Loan Attack,https://github.com/SunWeb3Sec/DeFiHackLabs/blob/main/src/test/2025-01/LPMine_exp.sol,source_poc_tx_candidate_pending_rpc,staged_not_merged,Unsupported or unresolved chain; inspect PoC manually.
0x12d384a958c4eb546fdc988ed80ff5c7e97c61115f5cfcdf7465bc2df5fc267a,unknown,unknown,False,synaplogic-exp,Synaplogic Exp,Unknown,https://github.com/SunWeb3Sec/DeFiHackLabs/blob/main/src/test/2026-01/SynapLogic_exp.sol,source_poc_tx_candidate_pending_rpc,staged_not_merged,Unsupported or unresolved chain; inspect PoC manually.
0x12e8c24dec36a29fdd9b9d7a8b587b3abd2519089b6438c194e6e5eb357b68d8,unknown,unknown,False,tgc-exp,Tgc Exp,Unknown,https://github.com/SunWeb3Sec/DeFiHackLabs/blob/main/src/test/2024-05/TGC_exp.sol,source_poc_tx_candidate_pending_rpc,staged_not_merged,Unsupported or unresolved chain; inspect PoC manually.
0x12f27e81e54684146ec50973ea94881c535887c2e2f30911b3402a55d67d121d,unknown,unknown,False,ivestdao-exp,Ivestdao Exp,Unknown,https://github.com/SunWeb3Sec/DeFiHackLabs/blob/main/src/test/2024-08/IvestDao_exp.sol,source_poc_tx_candidate_pending_rpc,staged_not_merged,Unsupported or unresolved chain; inspect PoC manually.
0x1350cc72865420ba5d3c27234fd4665ad25c021b0a75ba03bc8340a1b1f98a45,unknown,unknown,False,liquiditytokens-exp,Liquiditytokens Exp,Precision Loss,https://github.com/SunWeb3Sec/DeFiHackLabs/blob/main/src/test/2024-05/Liquiditytokens_exp.sol,source_poc_tx_candidate_pending_rpc,staged_not_merged,Unsupported or unresolved chain; inspect PoC manually.
0x13e75878a21af9a9b2207f5d9e18f19a43083a9ffbac36df5a7d4d67a52c164f,unknown,unknown,False,swampfinance-exp,Swampfinance Exp,Flash Loan Attack,https://github.com/SunWeb3Sec/DeFiHackLabs/blob/main/src/test/2023-11/SwampFinance_exp.sol,source_poc_tx_candidate_pending_rpc,staged_not_merged,Unsupported or unresolved chain; inspect PoC manually.
0x16be4fe1c8fcab578fcb999cbc40885ba0d4ba9f3782a67bd215fb56dc579062,unknown,unknown,False,qixi-exp,Qixi Exp,Unknown,https://github.com/SunWeb3Sec/DeFiHackLabs/blob/main/src/test/2022-08/Qixi_exp.sol,source_poc_tx_candidate_pending_rpc,staged_not_merged,Unsupported or unresolved chain; inspect PoC manually.
0x190a491c0ef095d5447d6d813dc8e2ec11a5710e189771c24527393a2beb05ac,unknown,unknown,False,moonwell-exp,Moonwell Exp,Flash Loan Attack,https://github.com/SunWeb3Sec/DeFiHackLabs/blob/main/src/test/2025-11/Moonwell_exp.sol,source_poc_tx_candidate_pending_rpc,staged_not_merged,Unsupported or unresolved chain; inspect PoC manually.
0x191a34e6c0780c3d1ab5c9bc04948e231d742b7d88e0e4f85568d57fcdc03182,unknown,unknown,False,trustpad-exp,Trustpad Exp,Delegatecall Abuse,https://github.com/SunWeb3Sec/DeFiHackLabs/blob/main/src/test/2023-11/TrustPad_exp.sol,source_poc_tx_candidate_pending_rpc,staged_not_merged,Unsupported or unresolved chain; inspect PoC manually.
0x1999bb5c11a8d8bfa7620fc5cc37f5bc59c1a99d7a9250a8d6076c93bbdbeb5f,unknown,unknown,False,binemon-exp,Binemon Exp,Unknown,https://github.com/SunWeb3Sec/DeFiHackLabs/blob/main/src/test/2024-03/Binemon_exp.sol,source_poc_tx_candidate_pending_rpc,staged_not_merged,Unsupported or unresolved chain; inspect PoC manually.
0x19ef4febcd272643642925d5d7e9ab8fd3ed8785c5e3268f5b6fee44ae6b4a34,unknown,unknown,False,brand-exp,Brand Exp,Flash Loan Attack,https://github.com/SunWeb3Sec/DeFiHackLabs/blob/main/src/test/2023-11/BRAND_exp.sol,source_poc_tx_candidate_pending_rpc,staged_not_merged,Unsupported or unresolved chain; inspect PoC manually.
0x1a31cb6f417d30fe8769328b3412bfb0d70247a82009ef28dfab5730c82acd05,unknown,unknown,False,telcoin-exp,Telcoin Exp,Delegatecall Abuse,https://github.com/SunWeb3Sec/DeFiHackLabs/blob/main/src/test/2023-12/Telcoin_exp.sol,source_poc_tx_candidate_pending_rpc,staged_not_merged,Unsupported or unresolved chain; inspect PoC manually.
0x1ce7e9a9e3b6dd3293c9067221ac3260858ce119ecb7ca860eac28b2474c7c9b,unknown,unknown,False,radiantcapital-exp,Radiantcapital Exp,Flash Loan Attack,https://github.com/SunWeb3Sec/DeFiHackLabs/blob/main/src/test/2024-01/RadiantCapital_exp.sol,source_poc_tx_candidate_pending_rpc,staged_not_merged,Unsupported or unresolved chain; inspect PoC manually.
0x1d0af3a963682748493f21bf9e955ce3a950bee5817401bf2486db7a0af104b4,unknown,unknown,False,burnsdefi-exp,Burnsdefi Exp,Flash Loan Attack,https://github.com/SunWeb3Sec/DeFiHackLabs/blob/main/src/test/2024-02/BurnsDefi_exp.sol,source_poc_tx_candidate_pending_rpc,staged_not_merged,Unsupported or unresolved chain; inspect PoC manually.
0x1ee617cd739b1afcc673a180e60b9a32ad3ba856226a68e8748d58fcccc877a8,unknown,unknown,False,dominott-exp,Dominott Exp,Flash Loan Attack,https://github.com/SunWeb3Sec/DeFiHackLabs/blob/main/src/test/2023-12/DominoTT_exp.sol,source_poc_tx_candidate_pending_rpc,staged_not_merged,Unsupported or unresolved chain; inspect PoC manually.
0x1eeef7b9a12b13f82ba04a7951c163eb566aa048050d6e9318b725d7bcec6bfa,unknown,unknown,False,lusd-exp,Lusd Exp,Flash Loan Attack,https://github.com/SunWeb3Sec/DeFiHackLabs/blob/main/src/test/2023-07/LUSD_exp.sol,source_poc_tx_candidate_pending_rpc,staged_not_merged,Unsupported or unresolved chain; inspect PoC manually.
0x1fea385acf7ff046d928d4041db017e1d7ead66727ce7aacb3296b9d485d4a26,unknown,unknown,False,newfreedao-exp,Newfreedao Exp,Flash Loan Attack,https://github.com/SunWeb3Sec/DeFiHackLabs/blob/main/src/test/2022-09/NewFreeDAO_exp.sol,source_poc_tx_candidate_pending_rpc,staged_not_merged,Unsupported or unresolved chain; inspect PoC manually.
0x2040a481c933b50ee31aba257c2041c48bb7a0b4bf4b4fad1ac165f19c4269e8,unknown,unknown,False,weco-exp,Weco Exp,Unknown,https://github.com/SunWeb3Sec/DeFiHackLabs/blob/main/src/test/2023-11/WECO_exp.sol,source_poc_tx_candidate_pending_rpc,staged_not_merged,Unsupported or unresolved chain; inspect PoC manually.
0x210071108f3e5cd24f49ef4b8bcdc11804984b0c0334e18a9a2cdb4cd5186067,unknown,unknown,False,openleverage2-exp,Openleverage2 Exp,Price Manipulation,https://github.com/SunWeb3Sec/DeFiHackLabs/blob/main/src/test/2024-04/OpenLeverage2_exp.sol,source_poc_tx_candidate_pending_rpc,staged_not_merged,Unsupported or unresolved chain; inspect PoC manually.
0x23b872dd00000000000000000000000000000000000000000000000000000000,unknown,unknown,False,interface,Interface,Flash Loan Attack,https://github.com/SunWeb3Sec/DeFiHackLabs/blob/main/src/test/interface.sol,source_poc_tx_candidate_pending_rpc,staged_not_merged,Unsupported or unresolved chain; inspect PoC manually.
0x247f4b3dbde9d8ab95c9766588d80f8dae835129225775ebd05a6dd2c69cd79f,unknown,unknown,False,zongzi-exp,Zongzi Exp,Unknown,https://github.com/SunWeb3Sec/DeFiHackLabs/blob/main/src/test/2024-03/ZongZi_exp.sol,source_poc_tx_candidate_pending_rpc,staged_not_merged,Unsupported or unresolved chain; inspect PoC manually.
0x2490368b43951caa8bf6f730bf0aaa0bcc2657d6f64fdcc3b0372b6500d0dcfc,unknown,unknown,False,trustpad-exp,Trustpad Exp,Delegatecall Abuse,https://github.com/SunWeb3Sec/DeFiHackLabs/blob/main/src/test/2023-11/TrustPad_exp.sol,source_poc_tx_candidate_pending_rpc,staged_not_merged,Unsupported or unresolved chain; inspect PoC manually.
0x25e2af0a55581d5629a933af9fedd3c70e6d0c320f0b72700ca80e5cdd36c80b,unknown,unknown,False,mars-exp,Mars Exp,Flash Loan Attack,https://github.com/SunWeb3Sec/DeFiHackLabs/blob/main/src/test/2024-04/MARS_exp.sol,source_poc_tx_candidate_pending_rpc,staged_not_merged,Unsupported or unresolved chain; inspect PoC manually.
0x2a95a0321e17e10e4a2424d71151c3194c7c731ebd79577f615babf98d8895d1,unknown,unknown,False,synaplogic-exp,Synaplogic Exp,Unknown,https://github.com/SunWeb3Sec/DeFiHackLabs/blob/main/src/test/2026-01/SynapLogic_exp.sol,source_poc_tx_candidate_pending_rpc,staged_not_merged,Unsupported or unresolved chain; inspect PoC manually.
0x2b251e456c434992b9ac7ec56dc166550c4cd7db3adefbf7eb3ab91cef55f9bf,unknown,unknown,False,xai-exp,Xai Exp,Flash Loan Attack,https://github.com/SunWeb3Sec/DeFiHackLabs/blob/main/src/test/2023-11/XAI_exp.sol,source_poc_tx_candidate_pending_rpc,staged_not_merged,Unsupported or unresolved chain; inspect PoC manually.
0x2c0ada695a507d7a03f4f308f545c7db4847b2b2c82de79e702d655d8c95dadb,unknown,unknown,False,gpu-exp,Gpu Exp,Flash Loan Attack,https://github.com/SunWeb3Sec/DeFiHackLabs/blob/main/src/test/2024-05/GPU_exp.sol,source_poc_tx_candidate_pending_rpc,staged_not_merged,Unsupported or unresolved chain; inspect PoC manually.
0x2c123d08ca3d50c4b875c0b5de1b5c85d0bf9979dffbf87c48526e3a67396827,unknown,unknown,False,caterpillar-coin-cut-exp,Caterpillar Coin Cut Exp,Unknown,https://github.com/SunWeb3Sec/DeFiHackLabs/blob/main/src/test/2024-09/Caterpillar_Coin_CUT_exp.sol,source_poc_tx_candidate_pending_rpc,staged_not_merged,Unsupported or unresolved chain; inspect PoC manually.
0x2d111d537a233e93df9ff8f9e93806d5149a8e1dc7f096652d1bcf4ad611cc90,unknown,unknown,False,synaplogic-exp,Synaplogic Exp,Unknown,https://github.com/SunWeb3Sec/DeFiHackLabs/blob/main/src/test/2026-01/SynapLogic_exp.sol,source_poc_tx_candidate_pending_rpc,staged_not_merged,Unsupported or unresolved chain; inspect PoC manually.
0x2f21c4756760d72d8a5e017fb9900ff80812ff2dcc20eeb22c192a336b4cc798,unknown,unknown,False,synaplogic-exp,Synaplogic Exp,Unknown,https://github.com/SunWeb3Sec/DeFiHackLabs/blob/main/src/test/2026-01/SynapLogic_exp.sol,source_poc_tx_candidate_pending_rpc,staged_not_merged,Unsupported or unresolved chain; inspect PoC manually.
0x2f4ff77c77ce2a52c80fcd59a4cac4b05f4285afe1f3b92118b0a004a325953c,unknown,unknown,False,moonwell-exp,Moonwell Exp,Oracle Manipulation,https://github.com/SunWeb3Sec/DeFiHackLabs/blob/main/src/test/2026-02/Moonwell_exp.sol,source_poc_tx_candidate_pending_rpc,staged_not_merged,Unsupported or unresolved chain; inspect PoC manually.
0x2fcee04e64e54f3dd9c15db9ae44e4cbdd57ab4c6f01941a3acf470dc60bfc16,unknown,unknown,False,kest-exp,Kest Exp,Flash Loan Attack,https://github.com/SunWeb3Sec/DeFiHackLabs/blob/main/src/test/2023-12/KEST_exp.sol,source_poc_tx_candidate_pending_rpc,staged_not_merged,Unsupported or unresolved chain; inspect PoC manually.
0x316c35d483b72700e6f4984650d217304146b3732bb148e32fa7f8017843eb24,unknown,unknown,False,mic-exp,Mic Exp,Flash Loan Attack,https://github.com/SunWeb3Sec/DeFiHackLabs/blob/main/src/test/2024-01/MIC_exp.sol,source_poc_tx_candidate_pending_rpc,staged_not_merged,Unsupported or unresolved chain; inspect PoC manually.
0x31957ecc43774d19f54d9968e95c69c882468b46860f921668f2c55fadd51b19,unknown,unknown,False,bonqdao-exp,Bonqdao Exp,Oracle Manipulation,https://github.com/SunWeb3Sec/DeFiHackLabs/blob/main/src/test/2023-02/BonqDAO_exp.sol,source_poc_tx_candidate_pending_rpc,staged_not_merged,Unsupported or unresolved chain; inspect PoC manually.
0x3343727600000000000000000000000000000000000000000000000000000000,unknown,unknown,False,delatprimepricedata,Delatprimepricedata,Price Manipulation,https://github.com/SunWeb3Sec/DeFiHackLabs/blob/main/src/test/2024-11/DelatPrimePriceData.txt,source_poc_tx_candidate_pending_rpc,staged_not_merged,Unsupported or unresolved chain; inspect PoC manually.
0x33e48143c6ea17476eeabfa202d8034190ea3f2280b643e2570c54265fe33c98,unknown,unknown,False,deus-exp,Deus Exp,Oracle Manipulation,https://github.com/SunWeb3Sec/DeFiHackLabs/blob/main/src/test/2022-04/deus_exp.sol,source_poc_tx_candidate_pending_rpc,staged_not_merged,Unsupported or unresolved chain; inspect PoC manually.
0x35f50851c3b754b4565dc3e69af8f9bdb6555edecc84cf0badf8c1e8141d902d,unknown,unknown,False,telcoin-exp,Telcoin Exp,Delegatecall Abuse,https://github.com/SunWeb3Sec/DeFiHackLabs/blob/main/src/test/2023-12/Telcoin_exp.sol,source_poc_tx_candidate_pending_rpc,staged_not_merged,Unsupported or unresolved chain; inspect PoC manually.
0x383dbb44a91687b2b9bbd8b6779957a198d114f24af662776f384569b84fc549,unknown,unknown,False,grokd-exp,Grokd Exp,Access Control,https://github.com/SunWeb3Sec/DeFiHackLabs/blob/main/src/test/2024-04/GROKD_exp.sol,source_poc_tx_candidate_pending_rpc,staged_not_merged,Unsupported or unresolved chain; inspect PoC manually.
0x397a09af6494c0bfcd89e010f5dd65d90f3ee1cf1ff813ce5b0c1d42a1c8dec9,unknown,unknown,False,yys-exp,Yys Exp,Unknown,https://github.com/SunWeb3Sec/DeFiHackLabs/blob/main/src/test/2024-06/YYS_exp.sol,source_poc_tx_candidate_pending_rpc,staged_not_merged,Unsupported or unresolved chain; inspect PoC manually.
0x3a3683119e1801821faa15c319cb9c8fb3fcf6ee92b1904a829d82c432e09a44,unknown,unknown,False,ipc-exp,Ipc Exp,Flash Loan Attack,https://github.com/SunWeb3Sec/DeFiHackLabs/blob/main/src/test/2025-01/IPC_exp.sol,source_poc_tx_candidate_pending_rpc,staged_not_merged,Unsupported or unresolved chain; inspect PoC manually.
0x3ad998a01ad1f1bbe6dba6a08e658c1749dabfa4a07da20ded3c73bcd6970d20,unknown,unknown,False,metadragon-exp,Metadragon Exp,Inflation Attack,https://github.com/SunWeb3Sec/DeFiHackLabs/blob/main/src/test/2024-05/MetaDragon_exp.sol,source_poc_tx_candidate_pending_rpc,staged_not_merged,Unsupported or unresolved chain; inspect PoC manually.
0x3dcb26a1f49eb4d02ca29960b4833bfb2e83d7b5d9591aed1204168944c8c9b3,unknown,unknown,False,mev-0x8c2d-exp,Mev 0X8C2D Exp,MEV/Sandwich,https://github.com/SunWeb3Sec/DeFiHackLabs/blob/main/src/test/2023-11/MEV_0x8c2d_exp.sol,source_poc_tx_candidate_pending_rpc,staged_not_merged,Unsupported or unresolved chain; inspect PoC manually.
0x4353a6d37e95a0844f511f0ea9300ef3081130b24f0cf7a4bd1cae26ec393101,unknown,unknown,False,mrp-exp,Mrp Exp,Unknown,https://github.com/SunWeb3Sec/DeFiHackLabs/blob/main/src/test/2024-07/MRP_exp.sol,source_poc_tx_candidate_pending_rpc,staged_not_merged,Unsupported or unresolved chain; inspect PoC manually.
0x49a3038622bf6dc3672b1b7366382a2c513d713e06cb7c91ebb8e256ee300dfb,unknown,unknown,False,localtrader-exp,Localtrader Exp,Price Manipulation,https://github.com/SunWeb3Sec/DeFiHackLabs/blob/main/src/test/2023-05/LocalTrader_exp.sol,source_poc_tx_candidate_pending_rpc,staged_not_merged,Unsupported or unresolved chain; inspect PoC manually.
0x49ca5e188c538b4f2efb45552f13309cc0dd1f3592eee54decfc9da54620c2ec,unknown,unknown,False,yiedl-exp,Yiedl Exp,Inflation Attack,https://github.com/SunWeb3Sec/DeFiHackLabs/blob/main/src/test/2024-04/YIEDL_exp.sol,source_poc_tx_candidate_pending_rpc,staged_not_merged,Unsupported or unresolved chain; inspect PoC manually.
0x4a304ff08851106691f626045b0f55d403e3a0958363bdf82b96e8ce7209c3a6,unknown,unknown,False,midascapitalxyz-exp,Midascapitalxyz Exp,Oracle Manipulation,https://github.com/SunWeb3Sec/DeFiHackLabs/blob/main/src/test/2023-06/MidasCapitalXYZ_exp.sol,source_poc_tx_candidate_pending_rpc,staged_not_merged,Unsupported or unresolved chain; inspect PoC manually.
0x4e5b2efa90c62f2b62925ebd7c10c953dc73c710ef06695eac3f36fe0f6b9348,unknown,unknown,False,bra-exp,Bra Exp,Flash Loan Attack,https://github.com/SunWeb3Sec/DeFiHackLabs/blob/main/src/test/2023-01/BRA_exp.sol,source_poc_tx_candidate_pending_rpc,staged_not_merged,Unsupported or unresolved chain; inspect PoC manually.
0x4ec3061724ca9f0b8d400866dd83b92647ad8c943a1c0ae9ae6c9bd1ef789417,unknown,unknown,False,mo-exp,Mo Exp,Unknown,https://github.com/SunWeb3Sec/DeFiHackLabs/blob/main/src/test/2024-03/MO_exp.sol,source_poc_tx_candidate_pending_rpc,staged_not_merged,Unsupported or unresolved chain; inspect PoC manually.
0x4ed59e3013215c272536775a966f4365112997a6eec534d38325be014f2e15ee,unknown,unknown,False,linkdao-exp,Linkdao Exp,Unknown,https://github.com/SunWeb3Sec/DeFiHackLabs/blob/main/src/test/2023-11/LinkDao_exp.sol,source_poc_tx_candidate_pending_rpc,staged_not_merged,Unsupported or unresolved chain; inspect PoC manually.
0x51293c1155a1d33d8fc9389721362044c3a67e0ac732b3a6ec7661d47b03df9f,unknown,unknown,False,thestandard-io-exp,Thestandard Io Exp,Price Manipulation,https://github.com/SunWeb3Sec/DeFiHackLabs/blob/main/src/test/2023-11/TheStandard_io_exp.sol,source_poc_tx_candidate_pending_rpc,staged_not_merged,Unsupported or unresolved chain; inspect PoC manually.
0x51913be3f31d5ddbfc77da789e5f9653ed6b219a52772309802226445a1edd5f,unknown,unknown,False,bearndao-exp,Bearndao Exp,Flash Loan Attack,https://github.com/SunWeb3Sec/DeFiHackLabs/blob/main/src/test/2023-12/BEARNDAO_exp.sol,source_poc_tx_candidate_pending_rpc,staged_not_merged,Unsupported or unresolved chain; inspect PoC manually.
0x53be95dc8ffbc80060215133f76f48df35deef3cd7e1803e24b1e2f8aa53440b,unknown,unknown,False,mintofinance-exp,Mintofinance Exp,Price Manipulation,https://github.com/SunWeb3Sec/DeFiHackLabs/blob/main/src/test/2023-07/MintoFinance_exp.sol,source_poc_tx_candidate_pending_rpc,staged_not_merged,Unsupported or unresolved chain; inspect PoC manually.
0x5446bf2b57749abdab01813a50ce36246177f3437599f3a56bc1554f596b2c3a,unknown,unknown,False,excommunity-exp,Excommunity Exp,Price Manipulation,https://github.com/SunWeb3Sec/DeFiHackLabs/blob/main/src/test/2024-05/EXcommunity_exp.sol,source_poc_tx_candidate_pending_rpc,staged_not_merged,Unsupported or unresolved chain; inspect PoC manually.
0x556419e0a6ee8e6de6b3679605f9f62ad013007419a1b55c9f56590a824bfb52,unknown,unknown,False,incufi-exp,Incufi Exp,Price Manipulation,https://github.com/SunWeb3Sec/DeFiHackLabs/blob/main/src/test/2024-06/INcufi_exp.sol,source_poc_tx_candidate_pending_rpc,staged_not_merged,Unsupported or unresolved chain; inspect PoC manually.
0x57b589f631f8ff20e2a89a649c4ec2e35be72eaecf155fdfde981c0fec2be5ba,unknown,unknown,False,localtrader-exp,Localtrader Exp,Price Manipulation,https://github.com/SunWeb3Sec/DeFiHackLabs/blob/main/src/test/2023-05/LocalTrader_exp.sol,source_poc_tx_candidate_pending_rpc,staged_not_merged,Unsupported or unresolved chain; inspect PoC manually.
0x59398c0f9a344aea7cbb848fc5821532acdcf72b49d4dc4f54de8527f4dfc710,unknown,unknown,False,synaplogic-exp,Synaplogic Exp,Unknown,https://github.com/SunWeb3Sec/DeFiHackLabs/blob/main/src/test/2026-01/SynapLogic_exp.sol,source_poc_tx_candidate_pending_rpc,staged_not_merged,Unsupported or unresolved chain; inspect PoC manually.
0x5a87c24d0665c8f67958099d1ad22e39a03aa08d47d00b7276b8d42294ee0591,unknown,unknown,False,meter-exp,Meter Exp,Unknown,https://github.com/SunWeb3Sec/DeFiHackLabs/blob/main/src/test/2022-02/Meter_exp.sol,source_poc_tx_candidate_pending_rpc,staged_not_merged,Unsupported or unresolved chain; inspect PoC manually.
0x5decf131b7477236ea72bb15dfb89ea226dff05cd173063e34fe9aea54e667f7,unknown,unknown,False,dominott-exp,Dominott Exp,Flash Loan Attack,https://github.com/SunWeb3Sec/DeFiHackLabs/blob/main/src/test/2023-12/DominoTT_exp.sol,source_poc_tx_candidate_pending_rpc,staged_not_merged,Unsupported or unresolved chain; inspect PoC manually.
0x5ef1edb9749af6cec511741225e6d47103e0b647d1e41e08649caaff66942a91,unknown,unknown,False,ipc-exp,Ipc Exp,Flash Loan Attack,https://github.com/SunWeb3Sec/DeFiHackLabs/blob/main/src/test/2025-01/IPC_exp.sol,source_poc_tx_candidate_pending_rpc,staged_not_merged,Unsupported or unresolved chain; inspect PoC manually.
0x6129e18fdba3b4d3f1e6c3c9c448cafcbee5b5c82e4bbb69a404360f0e579051,unknown,unknown,False,weco-exp,Weco Exp,Unknown,https://github.com/SunWeb3Sec/DeFiHackLabs/blob/main/src/test/2023-11/WECO_exp.sol,source_poc_tx_candidate_pending_rpc,staged_not_merged,Unsupported or unresolved chain; inspect PoC manually.
0x6150ec6b2b1b46d1bcba0cab9c3a77b5bca218fd1cdaad1ddc7a916e4ce792ec,unknown,unknown,False,kame-exp,Kame Exp,Unknown,https://github.com/SunWeb3Sec/DeFiHackLabs/blob/main/src/test/2025-09/Kame_exp.sol,source_poc_tx_candidate_pending_rpc,staged_not_merged,Unsupported or unresolved chain; inspect PoC manually.
0x61da5b502a62d7e9038d73e31ceb3935050430a7f9b7e29b9b3200db3095f91d,unknown,unknown,False,98token-exp,98Token Exp,Unknown,https://github.com/SunWeb3Sec/DeFiHackLabs/blob/main/src/test/2025-01/98Token_exp.sol,source_poc_tx_candidate_pending_rpc,staged_not_merged,Unsupported or unresolved chain; inspect PoC manually.
0x6262c0f15c88aed6f646ed1996eb6aae9ccc5d5704d5faccd1e1397dd047bc8a,unknown,unknown,False,caterpillar-coin-cut-exp,Caterpillar Coin Cut Exp,Unknown,https://github.com/SunWeb3Sec/DeFiHackLabs/blob/main/src/test/2024-09/Caterpillar_Coin_CUT_exp.sol,source_poc_tx_candidate_pending_rpc,staged_not_merged,Unsupported or unresolved chain; inspect PoC manually.
0x62e6b906bb5aafdc57c72cd13e20a18d2de3a4a757cd2f24fde6003ce5c9f2c6,unknown,unknown,False,sss-exp,Sss Exp,Flash Loan Attack,https://github.com/SunWeb3Sec/DeFiHackLabs/blob/main/src/test/2024-03/SSS_exp.sol,source_poc_tx_candidate_pending_rpc,staged_not_merged,Unsupported or unresolved chain; inspect PoC manually.
0x6301d4c9f7ac1c96a65e83be6ea2fff5000f0b1939ad24955e40890bd9fe6122,unknown,unknown,False,neutrafinance-exp,Neutrafinance Exp,Flash Loan Attack,https://github.com/SunWeb3Sec/DeFiHackLabs/blob/main/src/test/2023-08/NeutraFinance_exp.sol,source_poc_tx_candidate_pending_rpc,staged_not_merged,Unsupported or unresolved chain; inspect PoC manually.
0x6338aaa7df91e7136c9f494dfea2c5309dae7c1575815f015f1e9e94be6759d5,unknown,unknown,False,bonqdao-exp,Bonqdao Exp,Oracle Manipulation,https://github.com/SunWeb3Sec/DeFiHackLabs/blob/main/src/test/2023-02/BonqDAO_exp.sol,source_poc_tx_candidate_pending_rpc,staged_not_merged,Unsupported or unresolved chain; inspect PoC manually.
0x6450d8f4db09972853e948bee44f2cb54b9df786dace774106cd28820e906789,unknown,unknown,False,eleven-exp,Eleven Exp,Flash Loan Attack,https://github.com/SunWeb3Sec/DeFiHackLabs/blob/main/src/test/2021-06/Eleven_exp.sol,source_poc_tx_candidate_pending_rpc,staged_not_merged,Unsupported or unresolved chain; inspect PoC manually.
0x6462f5e358eb2c7769e6aa59ce43277be4799b297bc4c9503610443b9d56cc24,unknown,unknown,False,carolprotocol-exp,Carolprotocol Exp,Reentrancy,https://github.com/SunWeb3Sec/DeFiHackLabs/blob/main/src/test/2023-11/CAROLProtocol_exp.sol,source_poc_tx_candidate_pending_rpc,staged_not_merged,Unsupported or unresolved chain; inspect PoC manually.
0x660837a1640dd9cc0561ab7ff6c85325edebfa17d8b11a3bb94457ba6dcae18c,unknown,unknown,False,tradeonorion-exp,Tradeonorion Exp,Oracle Manipulation,https://github.com/SunWeb3Sec/DeFiHackLabs/blob/main/src/test/2024-05/Tradeonorion_exp.sol,source_poc_tx_candidate_pending_rpc,staged_not_merged,Unsupported or unresolved chain; inspect PoC manually.
0x675413fb257b5353f73f506bdff40f4c0f0902c39de235ee3e5d47d99feb4d93,unknown,unknown,False,synaplogic-exp,Synaplogic Exp,Unknown,https://github.com/SunWeb3Sec/DeFiHackLabs/blob/main/src/test/2026-01/SynapLogic_exp.sol,source_poc_tx_candidate_pending_rpc,staged_not_merged,Unsupported or unresolved chain; inspect PoC manually.
0x6759db55a4edec4f6bedb5691fc42cf024be3a1a534ddcc7edd471ef205d4047,unknown,unknown,False,bra-exp,Bra Exp,Flash Loan Attack,https://github.com/SunWeb3Sec/DeFiHackLabs/blob/main/src/test/2023-01/BRA_exp.sol,source_poc_tx_candidate_pending_rpc,staged_not_merged,Unsupported or unresolved chain; inspect PoC manually.
0x679028cb0a5af35f57cbea120ec668a5caf72d74fcc6972adc7c75ef6c9a9092,unknown,unknown,False,x319-exp,X319 Exp,Unknown,https://github.com/SunWeb3Sec/DeFiHackLabs/blob/main/src/test/2024-11/X319_exp.sol,source_poc_tx_candidate_pending_rpc,staged_not_merged,Unsupported or unresolved chain; inspect PoC manually.
0x69c64b226f8bf06216cc665ad5e3777ad1b120909326f120f0816ac65a9099c0,unknown,unknown,False,osn-exp,Osn Exp,Precision Loss,https://github.com/SunWeb3Sec/DeFiHackLabs/blob/main/src/test/2024-05/OSN_exp.sol,source_poc_tx_candidate_pending_rpc,staged_not_merged,Unsupported or unresolved chain; inspect PoC manually.
0x71172cdbb5f25858ecd10fc99abe9cdf6d52551d1df0537250028bafe1559c7c,unknown,unknown,False,synaplogic-exp,Synaplogic Exp,Unknown,https://github.com/SunWeb3Sec/DeFiHackLabs/blob/main/src/test/2026-01/SynapLogic_exp.sol,source_poc_tx_candidate_pending_rpc,staged_not_merged,Unsupported or unresolved chain; inspect PoC manually.
0x711cc4ceb9701d317fe9aa47187425e16dae7d5a0113f1430e891018262f8fb5,unknown,unknown,False,channelsfinance-exp,Channelsfinance Exp,Precision Loss,https://github.com/SunWeb3Sec/DeFiHackLabs/blob/main/src/test/2023-12/ChannelsFinance_exp.sol,source_poc_tx_candidate_pending_rpc,staged_not_merged,Unsupported or unresolved chain; inspect PoC manually.
0x72321a3b50bb68ac3b46b0ab973b0e87b6c48ab73d23c4ba2cb73527f978d995,unknown,unknown,False,etnproduct-exp,Etnproduct Exp,Flash Loan Attack,https://github.com/SunWeb3Sec/DeFiHackLabs/blob/main/src/test/2022-08/EtnProduct_exp.sol,source_poc_tx_candidate_pending_rpc,staged_not_merged,Unsupported or unresolved chain; inspect PoC manually.
0x7260ad0e4769ae68f0a680356c63140353c18d7be1b86a8c4e99a0fc3b6842c1,unknown,unknown,False,fiberrouter-exp,Fiberrouter Exp,Bridge Exploit,https://github.com/SunWeb3Sec/DeFiHackLabs/blob/main/src/test/2023-11/FiberRouter_exp.sol,source_poc_tx_candidate_pending_rpc,staged_not_merged,Unsupported or unresolved chain; inspect PoC manually.
0x7394f2520ff4e913321dd78f67dd84483e396eb7a25cbb02e06fe875fc47013a,unknown,unknown,False,snk-exp,Snk Exp,Inflation Attack,https://github.com/SunWeb3Sec/DeFiHackLabs/blob/main/src/test/2023-05/SNK_exp.sol,source_poc_tx_candidate_pending_rpc,staged_not_merged,Unsupported or unresolved chain; inspect PoC manually.
0x73d459ad3c926f5247a2018197d13b2a0acbc1fc46e1e54525c210a46130a56b,unknown,unknown,False,unverified-766a-exp,Unverified 766A Exp,Unknown,https://github.com/SunWeb3Sec/DeFiHackLabs/blob/main/src/test/2024-09/unverified_766a_exp.sol,source_poc_tx_candidate_pending_rpc,staged_not_merged,Unsupported or unresolved chain; inspect PoC manually.
0x75a26224da9faf37c2b3a4a634a096af7fec561f631a02c93e11e4a19d159477,unknown,unknown,False,shibatoken-exp,Shibatoken Exp,Flash Loan Attack,https://github.com/SunWeb3Sec/DeFiHackLabs/blob/main/src/test/2023-11/ShibaToken_exp.sol,source_poc_tx_candidate_pending_rpc,staged_not_merged,Unsupported or unresolved chain; inspect PoC manually.
0x7a2d64bb7a52fa424a1ce6c2e3269c54362e86bbf5798b6c21e11272baf9476b,unknown,unknown,False,synaplogic-exp,Synaplogic Exp,Unknown,https://github.com/SunWeb3Sec/DeFiHackLabs/blob/main/src/test/2026-01/SynapLogic_exp.sol,source_poc_tx_candidate_pending_rpc,staged_not_merged,Unsupported or unresolved chain; inspect PoC manually.
0x7b743f0fa0ffc6542bc4132405f6c986a00187b6a8b23613ab98c8bcfe9fd875,unknown,unknown,False,coco-exp,Coco Exp,Unknown,https://github.com/SunWeb3Sec/DeFiHackLabs/blob/main/src/test/2024-08/COCO_exp.sol,source_poc_tx_candidate_pending_rpc,staged_not_merged,Unsupported or unresolved chain; inspect PoC manually.
0x7d04e953dad4c880ad72b655a9f56bc5638bf4908213ee9e74360e56fa8d7c6a,unknown,unknown,False,selltoken-exp,Selltoken Exp,Flash Loan Attack,https://github.com/SunWeb3Sec/DeFiHackLabs/blob/main/src/test/2023-05/SellToken_exp.sol,source_poc_tx_candidate_pending_rpc,staged_not_merged,Unsupported or unresolved chain; inspect PoC manually.
0x7d7c5a32ef7976599b8e6059c3210fc6ae8017317568c6fb643f26e47a50c5f7,unknown,unknown,False,newfreedao-exp,Newfreedao Exp,Flash Loan Attack,https://github.com/SunWeb3Sec/DeFiHackLabs/blob/main/src/test/2022-09/NewFreeDAO_exp.sol,source_poc_tx_candidate_pending_rpc,staged_not_merged,Unsupported or unresolved chain; inspect PoC manually.
0x7f031e8543e75bd5c85168558be89d2e08b7c02a32d07d76517cdbb10e279782,unknown,unknown,False,aur-exp,Aur Exp,Price Manipulation,https://github.com/SunWeb3Sec/DeFiHackLabs/blob/main/src/test/2022-11/AUR_exp.sol,source_poc_tx_candidate_pending_rpc,staged_not_merged,Unsupported or unresolved chain; inspect PoC manually.
0x7fdd140f7631f62d62f7256ee4a38af51a4723ad5d66adc9b9685bf78f750f2d,unknown,unknown,False,bazaar-exp,Bazaar Exp,Unknown,https://github.com/SunWeb3Sec/DeFiHackLabs/blob/main/src/test/2024-06/Bazaar_exp.sol,source_poc_tx_candidate_pending_rpc,staged_not_merged,Unsupported or unresolved chain; inspect PoC manually.
0x8293946b5c88c4a21250ca6dc93c6d1a695fb5d067bb2d4aed0a11bd5af1fb32,unknown,unknown,False,grokd-exp,Grokd Exp,Access Control,https://github.com/SunWeb3Sec/DeFiHackLabs/blob/main/src/test/2024-04/GROKD_exp.sol,source_poc_tx_candidate_pending_rpc,staged_not_merged,Unsupported or unresolved chain; inspect PoC manually.
0x8359fbbf0a72ffac810e8d2592859a1a30317b8345f94e1b39128082482d9be6,unknown,unknown,False,synaplogic-exp,Synaplogic Exp,Unknown,https://github.com/SunWeb3Sec/DeFiHackLabs/blob/main/src/test/2026-01/SynapLogic_exp.sol,source_poc_tx_candidate_pending_rpc,staged_not_merged,Unsupported or unresolved chain; inspect PoC manually.
0x849ed7f687cc2ebd1f7c4bed0849893e829a74f512b7f4a18aea39a3ef4d83b1,unknown,unknown,False,minestm-exp,Minestm Exp,Unknown,https://github.com/SunWeb3Sec/DeFiHackLabs/blob/main/src/test/2024-06/MineSTM_exp.sol,source_poc_tx_candidate_pending_rpc,staged_not_merged,Unsupported or unresolved chain; inspect PoC manually.
0x84c385aab658d86b64e132e8db0c092756d5a9331a1131bf05f8214d08efba56,unknown,unknown,False,vista-exp,Vista Exp,Flash Loan Attack,https://github.com/SunWeb3Sec/DeFiHackLabs/blob/main/src/test/2024-10/VISTA_exp.sol,source_poc_tx_candidate_pending_rpc,staged_not_merged,Unsupported or unresolved chain; inspect PoC manually.
0x88a6c2c3ce86d4e0b1356861b749175884293f4302dbfdbfb16a5e373ab58a10,unknown,unknown,False,bamboo-exp,Bamboo Exp,Flash Loan Attack,https://github.com/SunWeb3Sec/DeFiHackLabs/blob/main/src/test/2023-07/Bamboo_exp.sol,source_poc_tx_candidate_pending_rpc,staged_not_merged,Unsupported or unresolved chain; inspect PoC manually.
0x8b528372b743b4b8c4eb0904c96529482653187c19e13afaa22f3ba4e08fbfbb,unknown,unknown,False,ehx-exp,Ehx Exp,Flash Loan Attack,https://github.com/SunWeb3Sec/DeFiHackLabs/blob/main/src/test/2023-11/EHX_exp.sol,source_poc_tx_candidate_pending_rpc,staged_not_merged,Unsupported or unresolved chain; inspect PoC manually.
0x8b77d75efa185295b09bdf2edcb509541fdde40ed5484212331ceac41b2f4ac0,unknown,unknown,False,newfreedao-exp,Newfreedao Exp,Flash Loan Attack,https://github.com/SunWeb3Sec/DeFiHackLabs/blob/main/src/test/2022-09/NewFreeDAO_exp.sol,source_poc_tx_candidate_pending_rpc,staged_not_merged,Unsupported or unresolved chain; inspect PoC manually.
0x8d27f9a15b1834e5f9e55d47ec32d01e7fe54f93cfc6ea9d4e8c5fbe72756897,unknown,unknown,False,liquiditytokens-exp,Liquiditytokens Exp,Precision Loss,https://github.com/SunWeb3Sec/DeFiHackLabs/blob/main/src/test/2024-05/Liquiditytokens_exp.sol,source_poc_tx_candidate_pending_rpc,staged_not_merged,Unsupported or unresolved chain; inspect PoC manually.
0x906394b2ee093720955a7d55bff1666f6cf6239e46bea8af99d6352b9687baa4,unknown,unknown,False,cs-exp,Cs Exp,Unknown,https://github.com/SunWeb3Sec/DeFiHackLabs/blob/main/src/test/2023-05/CS_exp.sol,source_poc_tx_candidate_pending_rpc,staged_not_merged,Unsupported or unresolved chain; inspect PoC manually.
0x93372ce9c86a25f1477b0c3068e745b5b829d5b58025bb1ab234230d3473b776,unknown,unknown,False,channelsfinance-exp,Channelsfinance Exp,Precision Loss,https://github.com/SunWeb3Sec/DeFiHackLabs/blob/main/src/test/2023-12/ChannelsFinance_exp.sol,source_poc_tx_candidate_pending_rpc,staged_not_merged,Unsupported or unresolved chain; inspect PoC manually.
0x93ae5f0a121d5e1aadae052c36bc5ecf2d406d35222f4c6a5d63fef1d6de1081,unknown,unknown,False,transitfinance-exp,Transitfinance Exp,Price Manipulation,https://github.com/SunWeb3Sec/DeFiHackLabs/blob/main/src/test/2023-12/TransitFinance_exp.sol,source_poc_tx_candidate_pending_rpc,staged_not_merged,Unsupported or unresolved chain; inspect PoC manually.
0x94055664287a565d4867a97ba6d5d2e28c55d10846e3f83355ba84bd1b9280fc,unknown,unknown,False,bigbangswap-exp,Bigbangswap Exp,Flash Loan Attack,https://github.com/SunWeb3Sec/DeFiHackLabs/blob/main/src/test/2024-04/BigBangSwap_exp.sol,source_poc_tx_candidate_pending_rpc,staged_not_merged,Unsupported or unresolved chain; inspect PoC manually.
0x96a955304fed48a8fbfb1396ec7658e7dc42b7c140298b80ce4206df34f40e8d,unknown,unknown,False,lw-exp,Lw Exp,Unknown,https://github.com/SunWeb3Sec/DeFiHackLabs/blob/main/src/test/2024-07/LW_exp.sol,source_poc_tx_candidate_pending_rpc,staged_not_merged,Unsupported or unresolved chain; inspect PoC manually.
0x9983ca8eaee9ee69629f74537eaf031272af75f1e5a7725911d8b06df17c67ca,unknown,unknown,False,alp-exp,Alp Exp,Unknown,https://github.com/SunWeb3Sec/DeFiHackLabs/blob/main/src/test/2024-03/ALP_exp.sol,source_poc_tx_candidate_pending_rpc,staged_not_merged,Unsupported or unresolved chain; inspect PoC manually.
0x99d026edad79cd8998e26685e38b0fe8e2b6a9a325835609c9e4aedb3056e1a0,unknown,unknown,False,dominott-exp,Dominott Exp,Flash Loan Attack,https://github.com/SunWeb3Sec/DeFiHackLabs/blob/main/src/test/2023-12/DominoTT_exp.sol,source_poc_tx_candidate_pending_rpc,staged_not_merged,Unsupported or unresolved chain; inspect PoC manually.
0x9a8c4c4edb7a76ecfa935780124c409f83a08d15c560bb67302182f8969be20d,unknown,unknown,False,sbt-exp,Sbt Exp,Unknown,https://github.com/SunWeb3Sec/DeFiHackLabs/blob/main/src/test/2024-07/SBT_exp.sol,source_poc_tx_candidate_pending_rpc,staged_not_merged,Unsupported or unresolved chain; inspect PoC manually.
0x9cf8c6d107f8e787a8a0582377cfb42f047768b0a1f96f3a4e67e9c79f3a4bf5,unknown,unknown,False,newfreedao-exp,Newfreedao Exp,Flash Loan Attack,https://github.com/SunWeb3Sec/DeFiHackLabs/blob/main/src/test/2022-09/NewFreeDAO_exp.sol,source_poc_tx_candidate_pending_rpc,staged_not_merged,Unsupported or unresolved chain; inspect PoC manually.
0x9e7079678637563f8ea40d50d6bfd826915b0c0a54d2b8015d16224f9b9558b8,unknown,unknown,False,synaplogic-exp,Synaplogic Exp,Unknown,https://github.com/SunWeb3Sec/DeFiHackLabs/blob/main/src/test/2026-01/SynapLogic_exp.sol,source_poc_tx_candidate_pending_rpc,staged_not_merged,Unsupported or unresolved chain; inspect PoC manually.
0x9f34ae044cbbf3f1603769dcd90163add48348dde7e1dda41817991935ebfa2f,unknown,unknown,False,polynomial-exp,Polynomial Exp,Unknown,https://github.com/SunWeb3Sec/DeFiHackLabs/blob/main/src/test/2022-11/Polynomial_exp.sol,source_poc_tx_candidate_pending_rpc,staged_not_merged,Unsupported or unresolved chain; inspect PoC manually.
0x9f8b4841f805ec50cc6632068f759216d85633fbbe34afde86b97bbc41c23ead,unknown,unknown,False,sharwafinance-exp,Sharwafinance Exp,Flash Loan Attack,https://github.com/SunWeb3Sec/DeFiHackLabs/blob/main/src/test/2025-10/SharwaFinance_exp.sol,source_poc_tx_candidate_pending_rpc,staged_not_merged,Unsupported or unresolved chain; inspect PoC manually.
0x9fcf38d0af4dd08f4d60f7658b623e35664e74bca0eaebdb0c3b9a6965d6257b,unknown,unknown,False,squid-exp,Squid Exp,Unknown,https://github.com/SunWeb3Sec/DeFiHackLabs/blob/main/src/test/2024-04/SQUID_exp.sol,source_poc_tx_candidate_pending_rpc,staged_not_merged,Unsupported or unresolved chain; inspect PoC manually.
0xa02d0c3d16d6ee0e0b6a42c3cc91997c2b40c87d777136dedebe8ee0f47f32b1,unknown,unknown,False,bonqdao-exp,Bonqdao Exp,Oracle Manipulation,https://github.com/SunWeb3Sec/DeFiHackLabs/blob/main/src/test/2023-02/BonqDAO_exp.sol,source_poc_tx_candidate_pending_rpc,staged_not_merged,Unsupported or unresolved chain; inspect PoC manually.
0xa0408770d158af99a10c60474d6433f4c20f3052e54423f4e590321341d4f2a4,unknown,unknown,False,tgbs-exp,Tgbs Exp,Flash Loan Attack,https://github.com/SunWeb3Sec/DeFiHackLabs/blob/main/src/test/2024-03/TGBS_exp.sol,source_poc_tx_candidate_pending_rpc,staged_not_merged,Unsupported or unresolved chain; inspect PoC manually.
0xa13c8c7a0c97093dba3096c88044273c29cebeee109e23622cd412dcca8f50f4,unknown,unknown,False,bxh-exp,Bxh Exp,Flash Loan Attack,https://github.com/SunWeb3Sec/DeFiHackLabs/blob/main/src/test/2022-09/BXH_exp.sol,source_poc_tx_candidate_pending_rpc,staged_not_merged,Unsupported or unresolved chain; inspect PoC manually.
0xa3c130ed8348919f73cbefce0f22d46fa381c8def93654e391ddc95553240c1e,unknown,unknown,False,cfc-exp,Cfc Exp,Flash Loan Attack,https://github.com/SunWeb3Sec/DeFiHackLabs/blob/main/src/test/2023-06/CFC_exp.sol,source_poc_tx_candidate_pending_rpc,staged_not_merged,Unsupported or unresolved chain; inspect PoC manually.
0xa9059cbb00000000000000000000000000000000000000000000000000000000,unknown,unknown,False,interface,Interface,Flash Loan Attack,https://github.com/SunWeb3Sec/DeFiHackLabs/blob/main/src/test/interface.sol,source_poc_tx_candidate_pending_rpc,staged_not_merged,Unsupported or unresolved chain; inspect PoC manually.
0xa9df1bd97cf6d4d1d58d3adfbdde719e46a1548db724c2e76b4cd4c3222f22b3,unknown,unknown,False,hydt-exp,Hydt Exp,Price Manipulation,https://github.com/SunWeb3Sec/DeFiHackLabs/blob/main/src/test/2024-10/HYDT_exp.sol,source_poc_tx_candidate_pending_rpc,staged_not_merged,Unsupported or unresolved chain; inspect PoC manually.
0xac6f716c57bbb1a4c1e92f0a9531019ea2ecfcaea67794bbd27115d400ae9b41,unknown,unknown,False,unwarp-exp,Unwarp Exp,Flash Loan Attack,https://github.com/SunWeb3Sec/DeFiHackLabs/blob/main/src/test/2025-05/Unwarp_exp.sol,source_poc_tx_candidate_pending_rpc,staged_not_merged,Unsupported or unresolved chain; inspect PoC manually.
0xace112925935335d0d7460a2470a612494f910467e263c7ff477221deee90a2c,unknown,unknown,False,snk-exp,Snk Exp,Inflation Attack,https://github.com/SunWeb3Sec/DeFiHackLabs/blob/main/src/test/2023-05/SNK_exp.sol,source_poc_tx_candidate_pending_rpc,staged_not_merged,Unsupported or unresolved chain; inspect PoC manually.
0xb33057f57ce451aa8cbb65508d298fe3c627509cc64a394736dace2671b6dcfa,unknown,unknown,False,it-exp,It Exp,Precision Loss,https://github.com/SunWeb3Sec/DeFiHackLabs/blob/main/src/test/2024-03/IT_exp.sol,source_poc_tx_candidate_pending_rpc,staged_not_merged,Unsupported or unresolved chain; inspect PoC manually.
0xb3bc6ca257387eae1cea3b997eb489c1a9c208d09ec4d117198029277468e25d,unknown,unknown,False,aur-exp,Aur Exp,Price Manipulation,https://github.com/SunWeb3Sec/DeFiHackLabs/blob/main/src/test/2022-11/AUR_exp.sol,source_poc_tx_candidate_pending_rpc,staged_not_merged,Unsupported or unresolved chain; inspect PoC manually.
0xb3c4c313a8d3e2843c9e6e313b199d7339211cdc70c2eca9f4d88b1e155fd6bd,unknown,unknown,False,minterest-exp,Minterest Exp,Flash Loan Attack,https://github.com/SunWeb3Sec/DeFiHackLabs/blob/main/src/test/2024-07/Minterest_exp.sol,source_poc_tx_candidate_pending_rpc,staged_not_merged,Unsupported or unresolved chain; inspect PoC manually.
0xb64ae25b0d836c25d115a9368319902c972a0215bd108ae17b1b9617dfb93af8,unknown,unknown,False,spartan-exp,Spartan Exp,Flash Loan Attack,https://github.com/SunWeb3Sec/DeFiHackLabs/blob/main/src/test/2021-05/Spartan_exp.sol,source_poc_tx_candidate_pending_rpc,staged_not_merged,Unsupported or unresolved chain; inspect PoC manually.
0xb650e9f4b9eb023ea65b55ca4d088323e3d5bda377880dedb149a7fd3fd5c15f,unknown,unknown,False,unverifiedcontr-0x431abb-exp,Unverifiedcontr 0X431Abb Exp,Flash Loan Attack,https://github.com/SunWeb3Sec/DeFiHackLabs/blob/main/src/test/2023-12/UnverifiedContr_0x431abb_exp.sol,source_poc_tx_candidate_pending_rpc,staged_not_merged,Unsupported or unresolved chain; inspect PoC manually.
0xb6f9b5ef1feeadb379a2de8f79bb04dd6920bfb214136d057eed4ce23a0003f8,unknown,unknown,False,newfreedao-exp,Newfreedao Exp,Flash Loan Attack,https://github.com/SunWeb3Sec/DeFiHackLabs/blob/main/src/test/2022-09/NewFreeDAO_exp.sol,source_poc_tx_candidate_pending_rpc,staged_not_merged,Unsupported or unresolved chain; inspect PoC manually.
0xb77cb34cd01204bdad930d8c172af12462eef58dea16199185b77147d6533391,unknown,unknown,False,gpt-exp,Gpt Exp,Flash Loan Attack,https://github.com/SunWeb3Sec/DeFiHackLabs/blob/main/src/test/2023-05/GPT_exp.sol,source_poc_tx_candidate_pending_rpc,staged_not_merged,Unsupported or unresolved chain; inspect PoC manually.
0xbac614f4d103939a9611ca35f4ec9451e1e98512d573c822fbff70fafdbbb5a0,unknown,unknown,False,dyson-money-exp,Dyson Money Exp,Inflation Attack,https://github.com/SunWeb3Sec/DeFiHackLabs/blob/main/src/test/2024-06/Dyson_money_exp.sol,source_poc_tx_candidate_pending_rpc,staged_not_merged,Unsupported or unresolved chain; inspect PoC manually.
0xbc88aa6057f9da6f88e28bc908baad111ae7545e69fb0c90fbdfd485c9e72192,unknown,unknown,False,zs-exp,Zs Exp,Unknown,https://github.com/SunWeb3Sec/DeFiHackLabs/blob/main/src/test/2023-10/ZS_exp.sol,source_poc_tx_candidate_pending_rpc,staged_not_merged,Unsupported or unresolved chain; inspect PoC manually.
0xbea605b238c85aabe5edc636219155d8c4879d6b05c48091cf1f7286bd4702ba,unknown,unknown,False,localtrader-exp,Localtrader Exp,Price Manipulation,https://github.com/SunWeb3Sec/DeFiHackLabs/blob/main/src/test/2023-05/LocalTrader_exp.sol,source_poc_tx_candidate_pending_rpc,staged_not_merged,Unsupported or unresolved chain; inspect PoC manually.
0xbeea4ff215b15870e22ed0e4d36ccd595974ffd55c3d75dad2230196cc379a52,unknown,unknown,False,unverifiedcontr-0x431abb-exp,Unverifiedcontr 0X431Abb Exp,Flash Loan Attack,https://github.com/SunWeb3Sec/DeFiHackLabs/blob/main/src/test/2023-12/UnverifiedContr_0x431abb_exp.sol,source_poc_tx_candidate_pending_rpc,staged_not_merged,Unsupported or unresolved chain; inspect PoC manually.
0xbf22eabb5db8785642ba17930bddef48d0d1bb94ebd1e03e7faa6f2a3d1a5540,unknown,unknown,False,osn-exp,Osn Exp,Precision Loss,https://github.com/SunWeb3Sec/DeFiHackLabs/blob/main/src/test/2024-05/OSN_exp.sol,source_poc_tx_candidate_pending_rpc,staged_not_merged,Unsupported or unresolved chain; inspect PoC manually.
0xbf45ef7cbf764bb333aaf2a3b006bdb7451ebbbb5175cca08fb570f41c25347f,unknown,unknown,False,synaplogic-exp,Synaplogic Exp,Unknown,https://github.com/SunWeb3Sec/DeFiHackLabs/blob/main/src/test/2026-01/SynapLogic_exp.sol,source_poc_tx_candidate_pending_rpc,staged_not_merged,Unsupported or unresolved chain; inspect PoC manually.
0xc065407074ef2e05acdd73a1b1c96c6fa4215c8298f1b78b549d6849e3d84e47,unknown,unknown,False,dominott-exp,Dominott Exp,Flash Loan Attack,https://github.com/SunWeb3Sec/DeFiHackLabs/blob/main/src/test/2023-12/DominoTT_exp.sol,source_poc_tx_candidate_pending_rpc,staged_not_merged,Unsupported or unresolved chain; inspect PoC manually.
0xc12ccc3bdaf3f0ec1efa09d089a0c1dbad05519e1eb0fa6475ffcc6317cbde4d,unknown,unknown,False,will-exp,Will Exp,Inflation Attack,https://github.com/SunWeb3Sec/DeFiHackLabs/blob/main/src/test/2024-06/Will_exp.sol,source_poc_tx_candidate_pending_rpc,staged_not_merged,Unsupported or unresolved chain; inspect PoC manually.
0xc346adf14e5082e6df5aeae650f3d7f606d7e08247c2b856510766b4dfcdc57f,unknown,unknown,False,novo-exp,Novo Exp,Price Manipulation,https://github.com/SunWeb3Sec/DeFiHackLabs/blob/main/src/test/2022-05/Novo_exp.sol,source_poc_tx_candidate_pending_rpc,staged_not_merged,Unsupported or unresolved chain; inspect PoC manually.
0xc495621dba960f9fbe472389ff7606f4c255486e09a92efc2266b6e29f4823ff,unknown,unknown,False,synaplogic-exp,Synaplogic Exp,Unknown,https://github.com/SunWeb3Sec/DeFiHackLabs/blob/main/src/test/2026-01/SynapLogic_exp.sol,source_poc_tx_candidate_pending_rpc,staged_not_merged,Unsupported or unresolved chain; inspect PoC manually.
0xc54c00046364b6e889db18c73beee9b81df6b5ca822b6d262b3d30cdf376c4b1,unknown,unknown,False,synaplogic-exp,Synaplogic Exp,Unknown,https://github.com/SunWeb3Sec/DeFiHackLabs/blob/main/src/test/2026-01/SynapLogic_exp.sol,source_poc_tx_candidate_pending_rpc,staged_not_merged,Unsupported or unresolved chain; inspect PoC manually.
0xc69c51e039668f688f28f427c63cd60aa986f8ce1546039e6a302fb721473814,unknown,unknown,False,mintofinance-exp,Mintofinance Exp,Price Manipulation,https://github.com/SunWeb3Sec/DeFiHackLabs/blob/main/src/test/2023-07/MintoFinance_exp.sol,source_poc_tx_candidate_pending_rpc,staged_not_merged,Unsupported or unresolved chain; inspect PoC manually.
0xc7647406542f8f2473a06fea142d223022370aa5722c044c2b7ea030b8965dd0,unknown,unknown,False,cftoken-exp,Cftoken Exp,Unknown,https://github.com/SunWeb3Sec/DeFiHackLabs/blob/main/src/test/2022-04/cftoken_exp.sol,source_poc_tx_candidate_pending_rpc,staged_not_merged,Unsupported or unresolved chain; inspect PoC manually.
0xc7927a68464ebab1c0b1af58a5466da88f09ba9b30e6c255b46b1bc2e7d1bf09,unknown,unknown,False,osn-exp,Osn Exp,Precision Loss,https://github.com/SunWeb3Sec/DeFiHackLabs/blob/main/src/test/2024-05/OSN_exp.sol,source_poc_tx_candidate_pending_rpc,staged_not_merged,Unsupported or unresolved chain; inspect PoC manually.
0xc7fc7e066ec2d4ea659061b75308c9016c0efab329d1055c2a8d91cc11dc3868,unknown,unknown,False,unverified-d4f1-exp,Unverified D4F1 Exp,Unknown,https://github.com/SunWeb3Sec/DeFiHackLabs/blob/main/src/test/2025-02/unverified_d4f1_exp.sol,source_poc_tx_candidate_pending_rpc,staged_not_merged,Unsupported or unresolved chain; inspect PoC manually.
0xc9bccafdb0cd977556d1f88ac39bf8b455c0275ac1dd4b51d75950fb58bad4c8,unknown,unknown,False,wkeydao-exp,Wkeydao Exp,Flash Loan Attack,https://github.com/SunWeb3Sec/DeFiHackLabs/blob/main/src/test/2025-03/wKeyDAO_exp.sol,source_poc_tx_candidate_pending_rpc,staged_not_merged,Unsupported or unresolved chain; inspect PoC manually.
0xcb1a2f5eeb1a767ea5ccbc3665351fadc1af135d12a38c504f8f6eb997e9e603,unknown,unknown,False,lavalending-exp,Lavalending Exp,Flash Loan Attack,https://github.com/SunWeb3Sec/DeFiHackLabs/blob/main/src/test/2024-03/LavaLending_exp.sol,source_poc_tx_candidate_pending_rpc,staged_not_merged,Unsupported or unresolved chain; inspect PoC manually.
0xce6e474dc9555ef971473fee19f87716f38ba01a0df39e78207b71eda134c420,unknown,unknown,False,caterpillar-coin-cut-exp,Caterpillar Coin Cut Exp,Unknown,https://github.com/SunWeb3Sec/DeFiHackLabs/blob/main/src/test/2024-09/Caterpillar_Coin_CUT_exp.sol,source_poc_tx_candidate_pending_rpc,staged_not_merged,Unsupported or unresolved chain; inspect PoC manually.
0xcee9a883b89622aaa427fbe4341b7ffb6b21a0e02c3deee91427c7321e02aeaa,unknown,unknown,False,synaplogic-exp,Synaplogic Exp,Unknown,https://github.com/SunWeb3Sec/DeFiHackLabs/blob/main/src/test/2026-01/SynapLogic_exp.sol,source_poc_tx_candidate_pending_rpc,staged_not_merged,Unsupported or unresolved chain; inspect PoC manually.
0xcf75802229d440e4fbabb4d357fa1886c25e9a6b5c693e9e9573c71c15e2b0d3,unknown,unknown,False,citadelfinance-exp,Citadelfinance Exp,Flash Loan Attack,https://github.com/SunWeb3Sec/DeFiHackLabs/blob/main/src/test/2024-01/CitadelFinance_exp.sol,source_poc_tx_candidate_pending_rpc,staged_not_merged,Unsupported or unresolved chain; inspect PoC manually.
0xd03702e17171a32464ce748b8797008d59e2dbcecd3b3847d5138414566c886d,unknown,unknown,False,ups-exp,Ups Exp,Unknown,https://github.com/SunWeb3Sec/DeFiHackLabs/blob/main/src/test/2024-04/UPS_exp.sol,source_poc_tx_candidate_pending_rpc,staged_not_merged,Unsupported or unresolved chain; inspect PoC manually.
0xd081d6bb96326be5305a6c00dd51d1799971794941576554341738abc1ceb202,unknown,unknown,False,babyloogn-exp,Babyloogn Exp,Unknown,https://github.com/SunWeb3Sec/DeFiHackLabs/blob/main/src/test/2024-02/Babyloogn_exp.sol,source_poc_tx_candidate_pending_rpc,staged_not_merged,Unsupported or unresolved chain; inspect PoC manually.
0xd423ae0e95e9d6c8a89dcfed243573867e4aad29ee99a9055728cbbe0a523439,unknown,unknown,False,elephantstatus-exp,Elephantstatus Exp,Price Manipulation,https://github.com/SunWeb3Sec/DeFiHackLabs/blob/main/src/test/2023-12/ElephantStatus_exp.sol,source_poc_tx_candidate_pending_rpc,staged_not_merged,Unsupported or unresolved chain; inspect PoC manually.
0xd4c7c11c46f81b6bf98284e4921a5b9f0ff97b4c71ebade206cb10507e4503b0,unknown,unknown,False,bankroll-exp,Bankroll Exp,Unknown,https://github.com/SunWeb3Sec/DeFiHackLabs/blob/main/src/test/2024-09/Bankroll_exp.sol,source_poc_tx_candidate_pending_rpc,staged_not_merged,Unsupported or unresolved chain; inspect PoC manually.
0xd58f3ef6414b59f95f55dae1acb3d5d6e626acf5333917c6d43fe422d98ac7d3,unknown,unknown,False,laxo-token-exp,Laxo Token Exp,Unknown,https://github.com/SunWeb3Sec/DeFiHackLabs/blob/main/src/test/2026-02/LAXO_Token_exp.sol,source_poc_tx_candidate_pending_rpc,staged_not_merged,Unsupported or unresolved chain; inspect PoC manually.
0xd64729c528e6689cb18b0c90345ab0c9ed18fea44247c89af2f1374643fc89c2,unknown,unknown,False,sharwafinance-exp,Sharwafinance Exp,Flash Loan Attack,https://github.com/SunWeb3Sec/DeFiHackLabs/blob/main/src/test/2025-10/SharwaFinance_exp.sol,source_poc_tx_candidate_pending_rpc,staged_not_merged,Unsupported or unresolved chain; inspect PoC manually.
0xd7a61b07ca4dc5966d00b3cc99b03c6ab2cee688fa13b30bea08f5142023777d,unknown,unknown,False,unverified-35bc-exp,Unverified 35Bc Exp,Unknown,https://github.com/SunWeb3Sec/DeFiHackLabs/blob/main/src/test/2025-02/unverified_35bc_exp.sol,source_poc_tx_candidate_pending_rpc,staged_not_merged,Unsupported or unresolved chain; inspect PoC manually.
0xd85c603f71bb84437bc69b21d785f982f7630355573566fa365dbee4cd236f08,unknown,unknown,False,okc-exp,Okc Exp,Flash Loan Attack,https://github.com/SunWeb3Sec/DeFiHackLabs/blob/main/src/test/2023-11/OKC_exp.sol,source_poc_tx_candidate_pending_rpc,staged_not_merged,Unsupported or unresolved chain; inspect PoC manually.
0xd962d397a7f8b3aadce1622e705b9e33b430e86e0d306d6fb8ccbc5957b4185c,unknown,unknown,False,carolprotocol-exp,Carolprotocol Exp,Reentrancy,https://github.com/SunWeb3Sec/DeFiHackLabs/blob/main/src/test/2023-11/CAROLProtocol_exp.sol,source_poc_tx_candidate_pending_rpc,staged_not_merged,Unsupported or unresolved chain; inspect PoC manually.
0xdb9a13bc970b97824e082782e838bdff0b76b30d268f1d66aac507f1d43ff4ed,unknown,unknown,False,ulme-exp,Ulme Exp,Flash Loan Attack,https://github.com/SunWeb3Sec/DeFiHackLabs/blob/main/src/test/2022-10/ULME_exp.sol,source_poc_tx_candidate_pending_rpc,staged_not_merged,Unsupported or unresolved chain; inspect PoC manually.
0xdc0f9149ace1a2fe0445fe1c096b098e0dbf06edec675a1f2f2a5c8b72bd5f10,unknown,unknown,False,synaplogic-exp,Synaplogic Exp,Unknown,https://github.com/SunWeb3Sec/DeFiHackLabs/blob/main/src/test/2026-01/SynapLogic_exp.sol,source_poc_tx_candidate_pending_rpc,staged_not_merged,Unsupported or unresolved chain; inspect PoC manually.
0xdc4a9779d6084c1ab3e815b67ed5e6780ccf4d90000200000000000000000001,unknown,unknown,False,bazaar-exp,Bazaar Exp,Unknown,https://github.com/SunWeb3Sec/DeFiHackLabs/blob/main/src/test/2024-06/Bazaar_exp.sol,source_poc_tx_candidate_pending_rpc,staged_not_merged,Unsupported or unresolved chain; inspect PoC manually.
0xdc53a6b5bf8e2962cf0e0eada6451f10956f4c0845a3ce134ddb050365f15c86,unknown,unknown,False,mbc-zzsh-exp,Mbc Zzsh Exp,Flash Loan Attack,https://github.com/SunWeb3Sec/DeFiHackLabs/blob/main/src/test/2022-11/MBC_ZZSH_exp.sol,source_poc_tx_candidate_pending_rpc,staged_not_merged,Unsupported or unresolved chain; inspect PoC manually.
0xde51af983193b1be3844934b2937a76c19610ddefcdd3ffcf127db3e68749a50,unknown,unknown,False,smoofsstaking-exp,Smoofsstaking Exp,Unknown,https://github.com/SunWeb3Sec/DeFiHackLabs/blob/main/src/test/2024-02/SMOOFSStaking_exp.sol,source_poc_tx_candidate_pending_rpc,staged_not_merged,Unsupported or unresolved chain; inspect PoC manually.
0xe15d261403612571edf8ea8be78458b88989cf1877f0b51af9159a76b74cb466,unknown,unknown,False,rl-exp,Rl Exp,Flash Loan Attack,https://github.com/SunWeb3Sec/DeFiHackLabs/blob/main/src/test/2022-10/RL_exp.sol,source_poc_tx_candidate_pending_rpc,staged_not_merged,Unsupported or unresolved chain; inspect PoC manually.
0xe15d6f7fa891c2626819209edf2d5ded6948310eaada067b400062aa022ce718,unknown,unknown,False,gfa-exp,Gfa Exp,Unknown,https://github.com/SunWeb3Sec/DeFiHackLabs/blob/main/src/test/2024-04/GFA_exp.sol,source_poc_tx_candidate_pending_rpc,staged_not_merged,Unsupported or unresolved chain; inspect PoC manually.
0xe176bd9cfefd40dc03508e91d856bd1fe72ffc1e9260cd63502db68962b4de1a,unknown,unknown,False,zoomprofinance-exp,Zoomprofinance Exp,Flash Loan Attack,https://github.com/SunWeb3Sec/DeFiHackLabs/blob/main/src/test/2022-09/ZoomproFinance_exp.sol,source_poc_tx_candidate_pending_rpc,staged_not_merged,Unsupported or unresolved chain; inspect PoC manually.
0xe1bf84b7a57498c0573361b20b16077cc933e4c47aa0821bcea5b158a60ef505,unknown,unknown,False,unverifiedcontr-9ad32-exp,Unverifiedcontr 9Ad32 Exp,Flash Loan Attack,https://github.com/SunWeb3Sec/DeFiHackLabs/blob/main/src/test/2023-06/UnverifiedContr_9ad32_exp.sol,source_poc_tx_candidate_pending_rpc,staged_not_merged,Unsupported or unresolved chain; inspect PoC manually.
0xe1e6aa5332deaf0fa0a3584113c17bedc906148730cbbc73efae16306121687b,unknown,unknown,False,mttoken-exp,Mttoken Exp,Flash Loan Attack,https://github.com/SunWeb3Sec/DeFiHackLabs/blob/main/src/test/2026-01/MTToken_exp.sol,source_poc_tx_candidate_pending_rpc,staged_not_merged,Unsupported or unresolved chain; inspect PoC manually.
0xe2e87090f47c82eed3697297763edfad8e9689d2da7a4325541087d77432f54f,unknown,unknown,False,zs-exp,Zs Exp,Unknown,https://github.com/SunWeb3Sec/DeFiHackLabs/blob/main/src/test/2023-10/ZS_exp.sol,source_poc_tx_candidate_pending_rpc,staged_not_merged,Unsupported or unresolved chain; inspect PoC manually.
0xe8b0131fa14d0a96327f6b5690159ffa7650d66376db87366ba78d91f17cd677,unknown,unknown,False,ark-exp,Ark Exp,Unknown,https://github.com/SunWeb3Sec/DeFiHackLabs/blob/main/src/test/2024-03/ARK_exp.sol,source_poc_tx_candidate_pending_rpc,staged_not_merged,Unsupported or unresolved chain; inspect PoC manually.
0xe9df84cf4bfad72b3d6e7037e4b07520dd6bfeea09cd5a1ef12a9894ada1c26a,unknown,unknown,False,synaplogic-exp,Synaplogic Exp,Unknown,https://github.com/SunWeb3Sec/DeFiHackLabs/blob/main/src/test/2026-01/SynapLogic_exp.sol,source_poc_tx_candidate_pending_rpc,staged_not_merged,Unsupported or unresolved chain; inspect PoC manually.
0xea181f730886ece947e255ab508f5af1d0f569fee3368b651d5dbb28549087b5,unknown,unknown,False,hackathon-exp,Hackathon Exp,Flash Loan Attack,https://github.com/SunWeb3Sec/DeFiHackLabs/blob/main/src/test/2024-04/Hackathon_exp.sol,source_poc_tx_candidate_pending_rpc,staged_not_merged,Unsupported or unresolved chain; inspect PoC manually.
0xea5bb62b8a151917a732d4114d716c7e6c087af8b3c0b3416c9dbc37c59f04da,unknown,unknown,False,trustpad-exp,Trustpad Exp,Delegatecall Abuse,https://github.com/SunWeb3Sec/DeFiHackLabs/blob/main/src/test/2023-11/TrustPad_exp.sol,source_poc_tx_candidate_pending_rpc,staged_not_merged,Unsupported or unresolved chain; inspect PoC manually.
0xed11d5b013bf3296b1507da38b7bcb97845dd037d33d3d1b0c5e763889cdbed1,unknown,unknown,False,velocore-exp,Velocore Exp,Unknown,https://github.com/SunWeb3Sec/DeFiHackLabs/blob/main/src/test/2024-06/Velocore_exp.sol,source_poc_tx_candidate_pending_rpc,staged_not_merged,Unsupported or unresolved chain; inspect PoC manually.
0xee10553c26742bec9a4761fd717642d19012bab1704cbced048425070ee21a8a,unknown,unknown,False,atm-exp,Atm Exp,Precision Loss,https://github.com/SunWeb3Sec/DeFiHackLabs/blob/main/src/test/2024-04/ATM_exp.sol,source_poc_tx_candidate_pending_rpc,staged_not_merged,Unsupported or unresolved chain; inspect PoC manually.
0xeeeeeeeeeeeeeeeeeeeeeeeeeeeeeeeeeeeeeeeeeeeeeeeeeeeeeeeeeeeeeeee,unknown,unknown,False,velocore-exp,Velocore Exp,Unknown,https://github.com/SunWeb3Sec/DeFiHackLabs/blob/main/src/test/2024-06/Velocore_exp.sol,source_poc_tx_candidate_pending_rpc,staged_not_merged,Unsupported or unresolved chain; inspect PoC manually.
0xefe58a14fc0022872262678b358aaae64a26fe2389d09093eb14752ea99415e9,unknown,unknown,False,will-exp,Will Exp,Inflation Attack,https://github.com/SunWeb3Sec/DeFiHackLabs/blob/main/src/test/2024-06/Will_exp.sol,source_poc_tx_candidate_pending_rpc,staged_not_merged,Unsupported or unresolved chain; inspect PoC manually.
0xf42a8fe556d5e4ab59b0b7675ccbcd1425e7e2a6a8e0c9775fc6cd7c48ff55a1,unknown,unknown,False,prxvt-exp,Prxvt Exp,Unknown,https://github.com/SunWeb3Sec/DeFiHackLabs/blob/main/src/test/2026-01/PRXVT_exp.sol,source_poc_tx_candidate_pending_rpc,staged_not_merged,Unsupported or unresolved chain; inspect PoC manually.
0xf477089602fefcfc1dbdce15834476267914d64a1e6a52f07d3f135f091e1d27,unknown,unknown,False,xsij-exp,Xsij Exp,Flash Loan Attack,https://github.com/SunWeb3Sec/DeFiHackLabs/blob/main/src/test/2024-01/XSIJ_exp.sol,source_poc_tx_candidate_pending_rpc,staged_not_merged,Unsupported or unresolved chain; inspect PoC manually.
0xf4fc3b638f1a377cf22b729199a9aeb27fc62fe2983a65c4d14b99ee5c5b2328,unknown,unknown,False,nblgame-exp,Nblgame Exp,Reentrancy,https://github.com/SunWeb3Sec/DeFiHackLabs/blob/main/src/test/2024-01/NBLGAME_exp.sol,source_poc_tx_candidate_pending_rpc,staged_not_merged,Unsupported or unresolved chain; inspect PoC manually.
0xf52a681bc76df1e3a61d9266e3a66c7388ef579d62373feb4fd0991d36006855,unknown,unknown,False,citadelfinance-exp,Citadelfinance Exp,Flash Loan Attack,https://github.com/SunWeb3Sec/DeFiHackLabs/blob/main/src/test/2024-01/CitadelFinance_exp.sol,source_poc_tx_candidate_pending_rpc,staged_not_merged,Unsupported or unresolved chain; inspect PoC manually.
0xf57f041cb6d8a10e11edab50b84e49b59ff834c7d114d1e049cedd654c36194d,unknown,unknown,False,mixedswaprouter-exp,Mixedswaprouter Exp,Price Manipulation,https://github.com/SunWeb3Sec/DeFiHackLabs/blob/main/src/test/2024-05/MixedSwapRouter_exp.sol,source_poc_tx_candidate_pending_rpc,staged_not_merged,Unsupported or unresolved chain; inspect PoC manually.
0xf6ec3c22b718c3da17746416992bac7b65a4ef42ccf5b43cf0716c82bffc2844,unknown,unknown,False,token8633-9419-exp,Token8633 9419 Exp,Unknown,https://github.com/SunWeb3Sec/DeFiHackLabs/blob/main/src/test/2023-11/Token8633_9419_exp.sol,source_poc_tx_candidate_pending_rpc,staged_not_merged,Unsupported or unresolved chain; inspect PoC manually.
0xf6ff8f672e41b8cfafb20881f792022f6573bd9fbf4f00acaeea97bbc2f6e4f7,unknown,unknown,False,readme,Readme,Price Manipulation,https://github.com/SunWeb3Sec/DeFiHackLabs/blob/main/academy/user_awareness/06_Report_stolen/en/readme.md,source_poc_tx_candidate_pending_rpc,staged_not_merged,Unsupported or unresolved chain; inspect PoC manually.
0xf74522b699eb1e736fbc4015ff4612e193066b928e4bf55d3f9f7970c0bd05a8,unknown,unknown,False,newfreedao-exp,Newfreedao Exp,Flash Loan Attack,https://github.com/SunWeb3Sec/DeFiHackLabs/blob/main/src/test/2022-09/NewFreeDAO_exp.sol,source_poc_tx_candidate_pending_rpc,staged_not_merged,Unsupported or unresolved chain; inspect PoC manually.
0xf78a85eb32a193e3ed2e708803b57ea8ea22a7f25792851e3de2d7945e6d02d5,unknown,unknown,False,openleverage2-exp,Openleverage2 Exp,Price Manipulation,https://github.com/SunWeb3Sec/DeFiHackLabs/blob/main/src/test/2024-04/OpenLeverage2_exp.sol,source_poc_tx_candidate_pending_rpc,staged_not_merged,Unsupported or unresolved chain; inspect PoC manually.
0x35a0172fb6bd450ceb29aa67dc85221826dfd0b7528375400b4ccf15c1eed0d8,zksync,zksync,True,readme,Readme,Reentrancy,https://github.com/SunWeb3Sec/DeFiHackLabs/blob/main/past/2025/README.md,source_poc_tx_candidate_pending_rpc,staged_not_merged,
0xd10faa5b33ddb501b1dc6430896c966048271f2510ff9ed681dd6d510c5df9f6,zksync,zksync,True,readme,Readme,Reentrancy,https://github.com/SunWeb3Sec/DeFiHackLabs/blob/main/past/2025/README.md,source_poc_tx_candidate_pending_rpc,staged_not_merged,
0xf5e753d3da60db214f2261343c1e1bc46e674d2fa4b7a953eaf3c52123aeebd2,zksync,zksync,True,readme,Readme,Reentrancy,https://github.com/SunWeb3Sec/DeFiHackLabs/blob/main/past/2025/README.md,source_poc_tx_candidate_pending_rpc,staged_not_merged,
